ISO-10303-21;
HEADER;
FILE_DESCRIPTION(('Open CASCADE Model'),'2;1');
FILE_NAME('Open CASCADE Shape Model','2026-08-30T04:14:49',('Author'),(
    'Open CASCADE'),'Open CASCADE STEP processor 7.8','Open CASCADE 7.8'
  ,'Unknown');
FILE_SCHEMA(('AUTOMOTIVE_DESIGN { 1 0 10303 214 1 1 1 1 }'));
ENDSEC;
DATA;
#1 = APPLICATION_PROTOCOL_DEFINITION('international standard',
  'automotive_design',2000,#2);
#2 = APPLICATION_CONTEXT(
  'core data for automotive mechanical design processes');
#3 = SHAPE_DEFINITION_REPRESENTATION(#4,#10);
#4 = PRODUCT_DEFINITION_SHAPE('','',#5);
#5 = PRODUCT_DEFINITION('design','',#6,#9);
#6 = PRODUCT_DEFINITION_FORMATION('','',#7);
#7 = PRODUCT('Open CASCADE STEP translator 7.8 1',
  'Open CASCADE STEP translator 7.8 1','',(#8));
#8 = PRODUCT_CONTEXT('',#2,'mechanical');
#9 = PRODUCT_DEFINITION_CONTEXT('part definition',#2,'design');
#10 = ADVANCED_BREP_SHAPE_REPRESENTATION('',(#11,#15),#8451);
#11 = AXIS2_PLACEMENT_3D('',#12,#13,#14);
#12 = CARTESIAN_POINT('',(0.,0.,0.));
#13 = DIRECTION('',(0.,0.,1.));
#14 = DIRECTION('',(1.,0.,-0.));
#15 = MANIFOLD_SOLID_BREP('',#16);
#16 = CLOSED_SHELL('',(#17,#199,#1124,#1211,#1236,#1484,#1678,#1925,
    #1976,#2026,#2287,#2426,#2502,#2870,#2946,#3020,#3052,#3101,#3128,
    #3368,#3714,#3763,#3985,#4018,#4072,#4126,#4265,#4278,#4368,#4807,
    #4881,#5099,#5567,#5712,#5792,#5840,#5886,#5892,#5918,#5990,#5996,
    #6002,#6029,#6462,#6516,#6592,#6641,#6747,#6774,#6801,#6808,#6889,
    #6938,#6992,#7041,#7146,#7195,#7276,#7303,#7350,#7449,#7507,#7514,
    #7561,#7642,#7666,#7725,#8087,#8117,#8124,#8131,#8161,#8191,#8266,
    #8291,#8321,#8396,#8421));
#17 = ADVANCED_FACE('',(#18),#34,.T.);
#18 = FACE_BOUND('',#19,.T.);
#19 = EDGE_LOOP('',(#20,#127,#173));
#20 = ORIENTED_EDGE('',*,*,#21,.F.);
#21 = EDGE_CURVE('',#22,#24,#26,.T.);
#22 = VERTEX_POINT('',#23);
#23 = CARTESIAN_POINT('',(18.148660274426,36.,-8.104559131403E-02));
#24 = VERTEX_POINT('',#25);
#25 = CARTESIAN_POINT('',(18.,36.,-8.104553683322E-02));
#26 = SURFACE_CURVE('',#27,(#33,#47),.PCURVE_S1.);
#27 = B_SPLINE_CURVE_WITH_KNOTS('',4,(#28,#29,#30,#31,#32),
  .UNSPECIFIED.,.F.,.F.,(5,5),(0.,1.),.PIECEWISE_BEZIER_KNOTS.);
#28 = CARTESIAN_POINT('',(18.594443124508,36.,-8.104578912101E-02));
#29 = CARTESIAN_POINT('',(18.320832343345,36.,-8.104567299743E-02));
#30 = CARTESIAN_POINT('',(18.047221562206,36.,-8.104555687427E-02));
#31 = CARTESIAN_POINT('',(17.773610781091,36.,-8.104544075155E-02));
#32 = CARTESIAN_POINT('',(17.5,36.,-8.104532462925E-02));
#33 = PCURVE('',#34,#39);
#34 = PLANE('',#35);
#35 = AXIS2_PLACEMENT_3D('',#36,#37,#38);
#36 = CARTESIAN_POINT('',(17.5,36.,-50.));
#37 = DIRECTION('',(0.,1.,0.));
#38 = DIRECTION('',(0.,0.,1.));
#39 = DEFINITIONAL_REPRESENTATION('',(#40),#46);
#40 = B_SPLINE_CURVE_WITH_KNOTS('',4,(#41,#42,#43,#44,#45),
  .UNSPECIFIED.,.F.,.F.,(5,5),(0.,1.),.PIECEWISE_BEZIER_KNOTS.);
#41 = CARTESIAN_POINT('',(49.918954210879,1.094443124508));
#42 = CARTESIAN_POINT('',(49.918954327003,0.820832343345));
#43 = CARTESIAN_POINT('',(49.918954443126,0.547221562206));
#44 = CARTESIAN_POINT('',(49.918954559248,0.273610781091));
#45 = CARTESIAN_POINT('',(49.918954675371,0.));
#46 = ( GEOMETRIC_REPRESENTATION_CONTEXT(2) 
PARAMETRIC_REPRESENTATION_CONTEXT() REPRESENTATION_CONTEXT('2D SPACE',''
  ) );
#47 = PCURVE('',#48,#119);
#48 = B_SPLINE_SURFACE_WITH_KNOTS('',3,3,(
    (#49,#50,#51,#52,#53,#54,#55)
    ,(#56,#57,#58,#59,#60,#61,#62)
    ,(#63,#64,#65,#66,#67,#68,#69)
    ,(#70,#71,#72,#73,#74,#75,#76)
    ,(#77,#78,#79,#80,#81,#82,#83)
    ,(#84,#85,#86,#87,#88,#89,#90)
    ,(#91,#92,#93,#94,#95,#96,#97)
    ,(#98,#99,#100,#101,#102,#103,#104)
    ,(#105,#106,#107,#108,#109,#110,#111)
    ,(#112,#113,#114,#115,#116,#117,#118
    )),.UNSPECIFIED.,.F.,.F.,.F.,(4,3,3,4),(4,3,4),(-1.E-02,0.,1.,1.01),
  (-0.917036245606,0.,1.),.UNSPECIFIED.);
#49 = CARTESIAN_POINT('',(-47.69154551054,49.663134237744,
    -3.920630746017));
#50 = CARTESIAN_POINT('',(-43.01470911849,47.43851793911,-3.295471204741
    ));
#51 = CARTESIAN_POINT('',(-38.33787272644,45.213901640476,
    -2.670311663465));
#52 = CARTESIAN_POINT('',(-33.6610363344,42.989285341842,-2.04515212219)
  );
#53 = CARTESIAN_POINT('',(-28.56108917915,40.563409255382,
    -1.363434748127));
#54 = CARTESIAN_POINT('',(-23.46114202389,38.137533168921,
    -0.681717374063));
#55 = CARTESIAN_POINT('',(-18.36119486864,35.71165708246,
    7.082207532153E-21));
#56 = CARTESIAN_POINT('',(-47.37983940259,49.663125182544,
    -3.920630746017));
#57 = CARTESIAN_POINT('',(-42.73357065258,47.438510327796,
    -3.295471204741));
#58 = CARTESIAN_POINT('',(-38.08730190258,45.213895473048,
    -2.670311663465));
#59 = CARTESIAN_POINT('',(-33.44103315257,42.9892806183,-2.04515212219)
  );
#60 = CARTESIAN_POINT('',(-28.37441907677,40.563406106354,
    -1.363434748127));
#61 = CARTESIAN_POINT('',(-23.30780500097,38.137531594407,
    -0.681717374063));
#62 = CARTESIAN_POINT('',(-18.24119092518,35.71165708246,
    6.980560238241E-21));
#63 = CARTESIAN_POINT('',(-47.06813329464,49.663116127343,
    -3.920630746017));
#64 = CARTESIAN_POINT('',(-42.45243218668,47.438502716482,
    -3.295471204741));
#65 = CARTESIAN_POINT('',(-37.83673107871,45.21388930562,-2.670311663465
    ));
#66 = CARTESIAN_POINT('',(-33.22102997074,42.989275894759,-2.04515212219
    ));
#67 = CARTESIAN_POINT('',(-28.1877489744,40.563402957326,-1.363434748127
    ));
#68 = CARTESIAN_POINT('',(-23.15446797806,38.137530019893,
    -0.681717374063));
#69 = CARTESIAN_POINT('',(-18.12118698172,35.71165708246,
    6.87891294433E-21));
#70 = CARTESIAN_POINT('',(-46.7564271867,49.663107072142,-3.920630746017
    ));
#71 = CARTESIAN_POINT('',(-42.17129372077,47.438495105167,
    -3.295471204741));
#72 = CARTESIAN_POINT('',(-37.58616025484,45.213883138192,
    -2.670311663465));
#73 = CARTESIAN_POINT('',(-33.00102678891,42.989271171217,-2.04515212219
    ));
#74 = CARTESIAN_POINT('',(-28.00107887203,40.563399808298,
    -1.363434748127));
#75 = CARTESIAN_POINT('',(-23.00113095514,38.137528445379,
    -0.681717374063));
#76 = CARTESIAN_POINT('',(-18.00118303825,35.71165708246,
    6.777265650418E-21));
#77 = CARTESIAN_POINT('',(-15.58581639206,49.662201552086,
    -3.920630746017));
#78 = CARTESIAN_POINT('',(-14.05744713003,47.437733973741,
    -3.295471204741));
#79 = CARTESIAN_POINT('',(-12.529077868,45.213266395397,-2.670311663465)
  );
#80 = CARTESIAN_POINT('',(-11.00070860597,42.988798817052,-2.04515212219
    ));
#81 = CARTESIAN_POINT('',(-9.33406863471,40.563084905521,-1.363434748127
    ));
#82 = CARTESIAN_POINT('',(-7.667428663442,38.137370993991,
    -0.681717374063));
#83 = CARTESIAN_POINT('',(-6.000788692173,35.71165708246,
    -3.387463740762E-21));
#84 = CARTESIAN_POINT('',(15.584794402563,49.661296032031,
    -3.920630746017));
#85 = CARTESIAN_POINT('',(14.056399460695,47.436972842316,
    -3.295471204741));
#86 = CARTESIAN_POINT('',(12.528004518826,45.212649652601,
    -2.670311663465));
#87 = CARTESIAN_POINT('',(10.999609576958,42.988326462886,-2.04515212219
    ));
#88 = CARTESIAN_POINT('',(9.33294160261,40.562770002744,-1.363434748127)
  );
#89 = CARTESIAN_POINT('',(7.666273628262,38.137213542602,-0.681717374063
    ));
#90 = CARTESIAN_POINT('',(5.999605653914,35.71165708246,
    -1.355219313194E-20));
#91 = CARTESIAN_POINT('',(46.755405197196,49.660390511975,
    -3.920630746017));
#92 = CARTESIAN_POINT('',(42.170246051429,47.43621171089,-3.295471204741
    ));
#93 = CARTESIAN_POINT('',(37.585086905662,45.212032909805,
    -2.670311663465));
#94 = CARTESIAN_POINT('',(32.999927759895,42.987854108721,-2.04515212219
    ));
#95 = CARTESIAN_POINT('',(27.99995183993,40.562455099967,-1.363434748127
    ));
#96 = CARTESIAN_POINT('',(22.999975919965,38.137056091214,
    -0.681717374063));
#97 = CARTESIAN_POINT('',(18.,35.71165708246,-2.371692252312E-20));
#98 = CARTESIAN_POINT('',(47.067111305142,49.660381456774,
    -3.920630746017));
#99 = CARTESIAN_POINT('',(42.451384517336,47.436204099576,
    -3.295471204741));
#100 = CARTESIAN_POINT('',(37.83565772953,45.212026742378,
    -2.670311663465));
#101 = CARTESIAN_POINT('',(33.219930941724,42.987849385179,
    -2.04515212219));
#102 = CARTESIAN_POINT('',(28.186621942303,40.562451950939,
    -1.363434748127));
#103 = CARTESIAN_POINT('',(23.153312942882,38.1370545167,-0.681717374063
    ));
#104 = CARTESIAN_POINT('',(18.120003943461,35.71165708246,
    -2.381856981703E-20));
#105 = CARTESIAN_POINT('',(47.378817413088,49.660372401574,
    -3.920630746017));
#106 = CARTESIAN_POINT('',(42.732522983243,47.436196488262,
    -3.295471204741));
#107 = CARTESIAN_POINT('',(38.086228553398,45.212020574949,
    -2.670311663465));
#108 = CARTESIAN_POINT('',(33.439934123553,42.987844661637,
    -2.04515212219));
#109 = CARTESIAN_POINT('',(28.373292044676,40.562448801912,
    -1.363434748127));
#110 = CARTESIAN_POINT('',(23.306649965799,38.137052942186,
    -0.681717374063));
#111 = CARTESIAN_POINT('',(18.240007886922,35.71165708246,
    -2.392021711094E-20));
#112 = CARTESIAN_POINT('',(47.690523521035,49.660363346373,
    -3.920630746017));
#113 = CARTESIAN_POINT('',(43.013661449151,47.436188876947,
    -3.295471204741));
#114 = CARTESIAN_POINT('',(38.336799377267,45.212014407522,
    -2.670311663465));
#115 = CARTESIAN_POINT('',(33.659937305383,42.987839938096,
    -2.04515212219));
#116 = CARTESIAN_POINT('',(28.559962147049,40.562445652884,
    -1.363434748127));
#117 = CARTESIAN_POINT('',(23.459986988716,38.137051367672,
    -0.681717374063));
#118 = CARTESIAN_POINT('',(18.360011830383,35.71165708246,
    -2.402186440486E-20));
#119 = DEFINITIONAL_REPRESENTATION('',(#120),#126);
#120 = B_SPLINE_CURVE_WITH_KNOTS('',4,(#121,#122,#123,#124,#125),
  .UNSPECIFIED.,.F.,.F.,(5,5),(0.,1.),.PIECEWISE_BEZIER_KNOTS.);
#121 = CARTESIAN_POINT('',(1.0000006,0.960371755117));
#122 = CARTESIAN_POINT('',(0.992643520878,0.960371811897));
#123 = CARTESIAN_POINT('',(0.985286440858,0.960371868677));
#124 = CARTESIAN_POINT('',(0.97792935994,0.960371925456));
#125 = CARTESIAN_POINT('',(0.970572278125,0.960371982235));
#126 = ( GEOMETRIC_REPRESENTATION_CONTEXT(2) 
PARAMETRIC_REPRESENTATION_CONTEXT() REPRESENTATION_CONTEXT('2D SPACE',''
  ) );
#127 = ORIENTED_EDGE('',*,*,#128,.F.);
#128 = EDGE_CURVE('',#129,#22,#131,.T.);
#129 = VERTEX_POINT('',#130);
#130 = CARTESIAN_POINT('',(18.,36.,-1.07611041826));
#131 = SURFACE_CURVE('',#132,(#138,#147),.PCURVE_S1.);
#132 = B_SPLINE_CURVE_WITH_KNOTS('',4,(#133,#134,#135,#136,#137),
  .UNSPECIFIED.,.F.,.F.,(5,5),(0.,1.),.PIECEWISE_BEZIER_KNOTS.);
#133 = CARTESIAN_POINT('',(18.,36.,-1.07611041826));
#134 = CARTESIAN_POINT('',(18.043189869869,36.,-0.787785288503));
#135 = CARTESIAN_POINT('',(18.086292862601,36.,-0.499447126823));
#136 = CARTESIAN_POINT('',(18.129309160563,36.,-0.211096000779));
#137 = CARTESIAN_POINT('',(18.172238943763,36.,7.726802294619E-02));
#138 = PCURVE('',#34,#139);
#139 = DEFINITIONAL_REPRESENTATION('',(#140),#146);
#140 = B_SPLINE_CURVE_WITH_KNOTS('',4,(#141,#142,#143,#144,#145),
  .UNSPECIFIED.,.F.,.F.,(5,5),(0.,1.),.PIECEWISE_BEZIER_KNOTS.);
#141 = CARTESIAN_POINT('',(48.92388958174,0.5));
#142 = CARTESIAN_POINT('',(49.212214711497,0.543189869869));
#143 = CARTESIAN_POINT('',(49.500552873177,0.586292862601));
#144 = CARTESIAN_POINT('',(49.788903999221,0.629309160563));
#145 = CARTESIAN_POINT('',(50.077268022946,0.672238943763));
#146 = ( GEOMETRIC_REPRESENTATION_CONTEXT(2) 
PARAMETRIC_REPRESENTATION_CONTEXT() REPRESENTATION_CONTEXT('2D SPACE',''
  ) );
#147 = PCURVE('',#148,#165);
#148 = B_SPLINE_SURFACE_WITH_KNOTS('',3,3,(
    (#149,#150,#151,#152)
    ,(#153,#154,#155,#156)
    ,(#157,#158,#159,#160)
    ,(#161,#162,#163,#164
    )),.UNSPECIFIED.,.F.,.F.,.F.,(4,4),(4,4),(0.,1.),(15.770575776454,
    18.268776031355),.PIECEWISE_BEZIER_KNOTS.);
#149 = CARTESIAN_POINT('',(22.375221756224,50.12890201028,-22.));
#150 = CARTESIAN_POINT('',(22.375221756224,47.973654549921,
    -13.95640609259));
#151 = CARTESIAN_POINT('',(22.375221756224,45.818407089563,
    -5.912812185189));
#152 = CARTESIAN_POINT('',(22.375221756224,43.663159629205,
    2.130781722217));
#153 = CARTESIAN_POINT('',(21.016621077283,47.428667668274,
    -22.72358651761));
#154 = CARTESIAN_POINT('',(21.016621640454,45.273411684366,
    -14.67999489391));
#155 = CARTESIAN_POINT('',(21.016622203333,43.118155700561,
    -6.63640327018));
#156 = CARTESIAN_POINT('',(21.01662276651,40.962899716653,1.407188353524
    ));
#157 = CARTESIAN_POINT('',(19.556943735732,44.775883808851,
    -23.43445887617));
#158 = CARTESIAN_POINT('',(19.556944292617,42.620619399281,
    -15.39086950994));
#159 = CARTESIAN_POINT('',(19.556944849211,40.465354989818,
    -7.347280143683));
#160 = CARTESIAN_POINT('',(19.556945406102,38.310090580247,
    0.696309222548));
#161 = CARTESIAN_POINT('',(18.,42.17747512578,-24.13076145016));
#162 = CARTESIAN_POINT('',(18.,40.022202444674,-16.08717430011));
#163 = CARTESIAN_POINT('',(18.,37.866929763567,-8.043587150055));
#164 = CARTESIAN_POINT('',(18.,35.71165708246,3.10862446895E-14));
#165 = DEFINITIONAL_REPRESENTATION('',(#166),#172);
#166 = B_SPLINE_CURVE_WITH_KNOTS('',4,(#167,#168,#169,#170,#171),
  .UNSPECIFIED.,.F.,.F.,(5,5),(0.,1.),.PIECEWISE_BEZIER_KNOTS.);
#167 = CARTESIAN_POINT('',(1.,18.157368882984));
#168 = CARTESIAN_POINT('',(0.99075328915,18.185218788285));
#169 = CARTESIAN_POINT('',(0.981510934251,18.21306995245));
#170 = CARTESIAN_POINT('',(0.972272916118,18.240922368954));
#171 = CARTESIAN_POINT('',(0.963039215765,18.268776031355));
#172 = ( GEOMETRIC_REPRESENTATION_CONTEXT(2) 
PARAMETRIC_REPRESENTATION_CONTEXT() REPRESENTATION_CONTEXT('2D SPACE',''
  ) );
#173 = ORIENTED_EDGE('',*,*,#174,.T.);
#174 = EDGE_CURVE('',#129,#24,#175,.T.);
#175 = SURFACE_CURVE('',#176,(#180,#187),.PCURVE_S1.);
#176 = LINE('',#177,#178);
#177 = CARTESIAN_POINT('',(18.,36.,-22.));
#178 = VECTOR('',#179,1.);
#179 = DIRECTION('',(0.,0.,1.));
#180 = PCURVE('',#34,#181);
#181 = DEFINITIONAL_REPRESENTATION('',(#182),#186);
#182 = LINE('',#183,#184);
#183 = CARTESIAN_POINT('',(28.,0.5));
#184 = VECTOR('',#185,1.);
#185 = DIRECTION('',(1.,0.));
#186 = ( GEOMETRIC_REPRESENTATION_CONTEXT(2) 
PARAMETRIC_REPRESENTATION_CONTEXT() REPRESENTATION_CONTEXT('2D SPACE',''
  ) );
#187 = PCURVE('',#188,#193);
#188 = CYLINDRICAL_SURFACE('',#189,0.5);
#189 = AXIS2_PLACEMENT_3D('',#190,#191,#192);
#190 = CARTESIAN_POINT('',(18.,36.5,-22.));
#191 = DIRECTION('',(0.,0.,1.));
#192 = DIRECTION('',(0.,-1.,0.));
#193 = DEFINITIONAL_REPRESENTATION('',(#194),#198);
#194 = LINE('',#195,#196);
#195 = CARTESIAN_POINT('',(-0.,0.));
#196 = VECTOR('',#197,1.);
#197 = DIRECTION('',(-0.,1.));
#198 = ( GEOMETRIC_REPRESENTATION_CONTEXT(2) 
PARAMETRIC_REPRESENTATION_CONTEXT() REPRESENTATION_CONTEXT('2D SPACE',''
  ) );
#199 = ADVANCED_FACE('',(#200),#48,.F.);
#200 = FACE_BOUND('',#201,.F.);
#201 = EDGE_LOOP('',(#202,#203,#274,#301,#389,#763,#1076));
#202 = ORIENTED_EDGE('',*,*,#21,.F.);
#203 = ORIENTED_EDGE('',*,*,#204,.T.);
#204 = EDGE_CURVE('',#22,#205,#207,.T.);
#205 = VERTEX_POINT('',#206);
#206 = CARTESIAN_POINT('',(18.,35.71165708246,0.));
#207 = SURFACE_CURVE('',#208,(#216,#245),.PCURVE_S1.);
#208 = B_SPLINE_CURVE_WITH_KNOTS('',3,(#209,#210,#211,#212,#213,#214,
    #215),.UNSPECIFIED.,.F.,.F.,(4,3,4),(0.,0.527376233087,
    1.052799782683),.UNSPECIFIED.);
#209 = CARTESIAN_POINT('',(22.375221756224,44.928188812899,
    -2.590430677661));
#210 = CARTESIAN_POINT('',(21.697411164243,43.366698496126,
    -2.151561391785));
#211 = CARTESIAN_POINT('',(20.993134846285,41.815876349925,
    -1.715686073416));
#212 = CARTESIAN_POINT('',(20.262453826721,40.276647525042,
    -1.283066715337));
#213 = CARTESIAN_POINT('',(19.534478254757,38.74311790791,
    -0.852049190304));
#214 = CARTESIAN_POINT('',(18.780315988145,37.221143709033,
    -0.424277925214));
#215 = CARTESIAN_POINT('',(18.,35.71165708246,2.6645352591E-14));
#216 = PCURVE('',#48,#217);
#217 = DEFINITIONAL_REPRESENTATION('',(#218),#244);
#218 = B_SPLINE_CURVE_WITH_KNOTS('',3,(#219,#220,#221,#222,#223,#224,
    #225,#226,#227,#228,#229,#230,#231,#232,#233,#234,#235,#236,#237,
    #238,#239,#240,#241,#242,#243),.UNSPECIFIED.,.F.,.F.,(4,1,1,1,1,1,1,
    1,1,1,1,1,1,1,1,1,1,1,1,1,1,1,4),(0.,4.785453557651E-02,
    9.570907115301E-02,0.14356360673,0.191418142306,0.239272677883,
    0.287127213459,0.334981749036,0.382836284612,0.430690820189,
    0.478545355765,0.526399891342,0.574254426918,0.622108962495,
    0.669963498071,0.717818033648,0.765672569224,0.813527104801,
    0.861381640377,0.909236175954,0.95709071153,1.004945247107,
    1.052799782683),.QUASI_UNIFORM_KNOTS.);
#219 = CARTESIAN_POINT('',(0.80237719943,-0.26662004726));
#220 = CARTESIAN_POINT('',(0.80393316157,-0.247147977207));
#221 = CARTESIAN_POINT('',(0.807109488199,-0.208227960284));
#222 = CARTESIAN_POINT('',(0.812082708128,-0.14992087134));
#223 = CARTESIAN_POINT('',(0.817279587135,-9.168728585594E-02));
#224 = CARTESIAN_POINT('',(0.822717132802,-3.352777040677E-02));
#225 = CARTESIAN_POINT('',(0.828413962688,2.4557108805E-02));
#226 = CARTESIAN_POINT('',(0.834390716723,8.256678592414E-02));
#227 = CARTESIAN_POINT('',(0.840670280424,0.140500695921));
#228 = CARTESIAN_POINT('',(0.847278114515,0.198358273058));
#229 = CARTESIAN_POINT('',(0.854242624229,0.256138956958));
#230 = CARTESIAN_POINT('',(0.861595595521,0.313842170348));
#231 = CARTESIAN_POINT('',(0.869372725356,0.371467402596));
#232 = CARTESIAN_POINT('',(0.877614196527,0.429013898497));
#233 = CARTESIAN_POINT('',(0.886365432433,0.486480867033));
#234 = CARTESIAN_POINT('',(0.895678039836,0.543867800658));
#235 = CARTESIAN_POINT('',(0.905610832251,0.601174117901));
#236 = CARTESIAN_POINT('',(0.916231156336,0.658399259363));
#237 = CARTESIAN_POINT('',(0.927616470249,0.715542662418));
#238 = CARTESIAN_POINT('',(0.939856399403,0.772603768525));
#239 = CARTESIAN_POINT('',(0.95305490912,0.829582021861));
#240 = CARTESIAN_POINT('',(0.967334460946,0.886476870714));
#241 = CARTESIAN_POINT('',(0.982835917296,0.943287767328));
#242 = CARTESIAN_POINT('',(0.994104272204,0.981105370611));
#243 = CARTESIAN_POINT('',(1.,1.));
#244 = ( GEOMETRIC_REPRESENTATION_CONTEXT(2) 
PARAMETRIC_REPRESENTATION_CONTEXT() REPRESENTATION_CONTEXT('2D SPACE',''
  ) );
#245 = PCURVE('',#148,#246);
#246 = DEFINITIONAL_REPRESENTATION('',(#247),#273);
#247 = B_SPLINE_CURVE_WITH_KNOTS('',3,(#248,#249,#250,#251,#252,#253,
    #254,#255,#256,#257,#258,#259,#260,#261,#262,#263,#264,#265,#266,
    #267,#268,#269,#270,#271,#272),.UNSPECIFIED.,.F.,.F.,(4,1,1,1,1,1,1,
    1,1,1,1,1,1,1,1,1,1,1,1,1,1,1,4),(0.,4.785453557651E-02,
    9.570907115301E-02,0.14356360673,0.191418142306,0.239272677883,
    0.287127213459,0.334981749036,0.382836284612,0.430690820189,
    0.478545355765,0.526399891342,0.574254426918,0.622108962495,
    0.669963498071,0.717818033648,0.765672569224,0.813527104801,
    0.861381640377,0.909236175954,0.95709071153,1.004945247107,
    1.052799782683),.QUASI_UNIFORM_KNOTS.);
#248 = CARTESIAN_POINT('',(0.,17.780000567859));
#249 = CARTESIAN_POINT('',(1.509031335525E-02,17.787514703369));
#250 = CARTESIAN_POINT('',(4.527623143539E-02,17.802533665184));
#251 = CARTESIAN_POINT('',(9.057109876771E-02,17.825033959494));
#252 = CARTESIAN_POINT('',(0.13588207198,17.847505884598));
#253 = CARTESIAN_POINT('',(0.181209268264,17.869949219697));
#254 = CARTESIAN_POINT('',(0.226552805814,17.892363744006));
#255 = CARTESIAN_POINT('',(0.27191280387,17.914749236702));
#256 = CARTESIAN_POINT('',(0.317289383003,17.937105477095));
#257 = CARTESIAN_POINT('',(0.362682663854,17.959432243995));
#258 = CARTESIAN_POINT('',(0.408092771812,17.98172931809));
#259 = CARTESIAN_POINT('',(0.453519819492,18.003996473051));
#260 = CARTESIAN_POINT('',(0.498963972067,18.026233508737));
#261 = CARTESIAN_POINT('',(0.544425203375,18.048440127273));
#262 = CARTESIAN_POINT('',(0.589903463443,18.070616022507));
#263 = CARTESIAN_POINT('',(0.635398924504,18.092761000576));
#264 = CARTESIAN_POINT('',(0.68091170086,18.114874837574));
#265 = CARTESIAN_POINT('',(0.726441923844,18.136957317646));
#266 = CARTESIAN_POINT('',(0.771989721708,18.159008222778));
#267 = CARTESIAN_POINT('',(0.817555225002,18.181027335535));
#268 = CARTESIAN_POINT('',(0.863138565106,18.203014438327));
#269 = CARTESIAN_POINT('',(0.908739874635,18.224969313606));
#270 = CARTESIAN_POINT('',(0.954359287187,18.246891743811));
#271 = CARTESIAN_POINT('',(0.98478438764,18.261484922195));
#272 = CARTESIAN_POINT('',(1.,18.268776031355));
#273 = ( GEOMETRIC_REPRESENTATION_CONTEXT(2) 
PARAMETRIC_REPRESENTATION_CONTEXT() REPRESENTATION_CONTEXT('2D SPACE',''
  ) );
#274 = ORIENTED_EDGE('',*,*,#275,.T.);
#275 = EDGE_CURVE('',#205,#276,#278,.T.);
#276 = VERTEX_POINT('',#277);
#277 = CARTESIAN_POINT('',(-18.00118303825,35.71165708246,0.));
#278 = SURFACE_CURVE('',#279,(#283,#289),.PCURVE_S1.);
#279 = LINE('',#280,#281);
#280 = CARTESIAN_POINT('',(-10.,35.71165708246,0.));
#281 = VECTOR('',#282,1.);
#282 = DIRECTION('',(-1.,0.,0.));
#283 = PCURVE('',#48,#284);
#284 = DEFINITIONAL_REPRESENTATION('',(#285),#288);
#285 = B_SPLINE_CURVE_WITH_KNOTS('',1,(#286,#287),.UNSPECIFIED.,.F.,.F.,
  (2,2),(-28.,8.001183038259),.PIECEWISE_BEZIER_KNOTS.);
#286 = CARTESIAN_POINT('',(1.,1.));
#287 = CARTESIAN_POINT('',(1.373776807034E-16,1.));
#288 = ( GEOMETRIC_REPRESENTATION_CONTEXT(2) 
PARAMETRIC_REPRESENTATION_CONTEXT() REPRESENTATION_CONTEXT('2D SPACE',''
  ) );
#289 = PCURVE('',#290,#295);
#290 = PLANE('',#291);
#291 = AXIS2_PLACEMENT_3D('',#292,#293,#294);
#292 = CARTESIAN_POINT('',(-20.,25.5,0.));
#293 = DIRECTION('',(0.,0.,1.));
#294 = DIRECTION('',(1.,0.,-0.));
#295 = DEFINITIONAL_REPRESENTATION('',(#296),#300);
#296 = LINE('',#297,#298);
#297 = CARTESIAN_POINT('',(10.,10.21165708246));
#298 = VECTOR('',#299,1.);
#299 = DIRECTION('',(-1.,0.));
#300 = ( GEOMETRIC_REPRESENTATION_CONTEXT(2) 
PARAMETRIC_REPRESENTATION_CONTEXT() REPRESENTATION_CONTEXT('2D SPACE',''
  ) );
#301 = ORIENTED_EDGE('',*,*,#302,.T.);
#302 = EDGE_CURVE('',#276,#303,#305,.T.);
#303 = VERTEX_POINT('',#304);
#304 = CARTESIAN_POINT('',(-19.64874655563,39.,-0.924105396242));
#305 = SURFACE_CURVE('',#306,(#314,#343),.PCURVE_S1.);
#306 = B_SPLINE_CURVE_WITH_KNOTS('',3,(#307,#308,#309,#310,#311,#312,
    #313),.UNSPECIFIED.,.F.,.F.,(4,3,4),(0.,0.525108708062,1.05260488549
    ),.UNSPECIFIED.);
#307 = CARTESIAN_POINT('',(-18.00118303825,35.71165708246,
    1.554312234475E-14));
#308 = CARTESIAN_POINT('',(-18.78047530037,37.220523582941,
    -0.424021044249));
#309 = CARTESIAN_POINT('',(-19.53365491969,38.741880319325,
    -0.851564089524));
#310 = CARTESIAN_POINT('',(-20.26066776417,40.274747543811,
    -1.282348080796));
#311 = CARTESIAN_POINT('',(-20.99098605924,41.814584131945,
    -1.71509068286));
#312 = CARTESIAN_POINT('',(-21.69488843543,43.36601338222,
    -2.151098199603));
#313 = CARTESIAN_POINT('',(-22.37231070796,44.928100425615,
    -2.59010080769));
#314 = PCURVE('',#48,#315);
#315 = DEFINITIONAL_REPRESENTATION('',(#316),#342);
#316 = B_SPLINE_CURVE_WITH_KNOTS('',3,(#317,#318,#319,#320,#321,#322,
    #323,#324,#325,#326,#327,#328,#329,#330,#331,#332,#333,#334,#335,
    #336,#337,#338,#339,#340,#341),.UNSPECIFIED.,.F.,.F.,(4,1,1,1,1,1,1,
    1,1,1,1,1,1,1,1,1,1,1,1,1,1,1,4),(0.,4.784567661319E-02,
    9.569135322638E-02,0.14353702984,0.191382706453,0.239228383066,
    0.287074059679,0.334919736292,0.382765412906,0.430611089519,
    0.478456766132,0.526302442745,0.574148119358,0.621993795971,
    0.669839472585,0.717685149198,0.765530825811,0.813376502424,
    0.861222179037,0.909067855651,0.956913532264,1.004759208877,
    1.05260488549),.QUASI_UNIFORM_KNOTS.);
#317 = CARTESIAN_POINT('',(0.,1.));
#318 = CARTESIAN_POINT('',(5.895954149071E-03,0.981108985238));
#319 = CARTESIAN_POINT('',(1.716494062301E-02,0.943298333182));
#320 = CARTESIAN_POINT('',(3.266775016454E-02,0.886497135918));
#321 = CARTESIAN_POINT('',(4.69489151041E-02,0.829611370254));
#322 = CARTESIAN_POINT('',(6.014920508448E-02,0.772641678687));
#323 = CARTESIAN_POINT('',(7.239101006858E-02,0.715588699721));
#324 = CARTESIAN_POINT('',(8.37782439343E-02,0.658453067906));
#325 = CARTESIAN_POINT('',(9.440049418482E-02,0.601235414509));
#326 = CARTESIAN_POINT('',(0.104335191557,0.543936368841));
#327 = CARTESIAN_POINT('',(0.113649662533,0.486556555488));
#328 = CARTESIAN_POINT('',(0.122402707679,0.429096606668));
#329 = CARTESIAN_POINT('',(0.130645919554,0.371557117659));
#330 = CARTESIAN_POINT('',(0.138424731368,0.313938814719));
#331 = CARTESIAN_POINT('',(0.145779335798,0.256242370955));
#332 = CARTESIAN_POINT('',(0.152745422855,0.198468346844));
#333 = CARTESIAN_POINT('',(0.159354777817,0.140617331932));
#334 = CARTESIAN_POINT('',(0.165635804893,8.268990702056E-02));
#335 = CARTESIAN_POINT('',(0.171613964871,2.468665441909E-02));
#336 = CARTESIAN_POINT('',(0.177312143789,-3.33918446954E-02));
#337 = CARTESIAN_POINT('',(0.182750982521,-9.154500947807E-02));
#338 = CARTESIAN_POINT('',(0.187949099865,-0.149772259563));
#339 = CARTESIAN_POINT('',(0.192923504831,-0.208073014923));
#340 = CARTESIAN_POINT('',(0.196100587025,-0.246988802296));
#341 = CARTESIAN_POINT('',(0.197656918592,-0.266458753648));
#342 = ( GEOMETRIC_REPRESENTATION_CONTEXT(2) 
PARAMETRIC_REPRESENTATION_CONTEXT() REPRESENTATION_CONTEXT('2D SPACE',''
  ) );
#343 = PCURVE('',#344,#361);
#344 = B_SPLINE_SURFACE_WITH_KNOTS('',3,3,(
    (#345,#346,#347,#348)
    ,(#349,#350,#351,#352)
    ,(#353,#354,#355,#356)
    ,(#357,#358,#359,#360
    )),.UNSPECIFIED.,.F.,.F.,.F.,(4,4),(4,4),(0.,1.),(15.799097997693,
    18.297360304559),.PIECEWISE_BEZIER_KNOTS.);
#345 = CARTESIAN_POINT('',(-22.37231070796,43.662999052494,
    2.131381010178));
#346 = CARTESIAN_POINT('',(-22.37231070796,45.818300038422,
    -5.912412659881));
#347 = CARTESIAN_POINT('',(-22.37231070796,47.973601024351,
    -13.95620632994));
#348 = CARTESIAN_POINT('',(-22.37231070796,50.12890201028,-22.));
#349 = CARTESIAN_POINT('',(-21.01505511703,40.962850362203,
    1.407603151963));
#350 = CARTESIAN_POINT('',(-21.01503936937,43.118159220206,
    -6.63618840879));
#351 = CARTESIAN_POINT('',(-21.01502362181,45.273468078353,
    -14.6799799695));
#352 = CARTESIAN_POINT('',(-21.01500787416,47.428776936352,
    -22.72377153025));
#353 = CARTESIAN_POINT('',(-19.55674416371,38.310095749504,
    0.696524339421));
#354 = CARTESIAN_POINT('',(-19.5567129778,40.465413022583,-7.34726496653
    ));
#355 = CARTESIAN_POINT('',(-19.556681792,42.620730295804,-15.39105427244
    ));
#356 = CARTESIAN_POINT('',(-19.55665060609,44.776047568879,
    -23.43484357839));
#357 = CARTESIAN_POINT('',(-18.00118303825,35.71165708246,
    1.554312234475E-14));
#358 = CARTESIAN_POINT('',(-18.00113676268,37.86698328964,
    -8.043786912079));
#359 = CARTESIAN_POINT('',(-18.00109048711,40.02230949682,
    -16.08757382415));
#360 = CARTESIAN_POINT('',(-18.00104421154,42.177635703999,
    -24.13136073623));
#361 = DEFINITIONAL_REPRESENTATION('',(#362),#388);
#362 = B_SPLINE_CURVE_WITH_KNOTS('',3,(#363,#364,#365,#366,#367,#368,
    #369,#370,#371,#372,#373,#374,#375,#376,#377,#378,#379,#380,#381,
    #382,#383,#384,#385,#386,#387),.UNSPECIFIED.,.F.,.F.,(4,1,1,1,1,1,1,
    1,1,1,1,1,1,1,1,1,1,1,1,1,1,1,4),(0.,4.784567661319E-02,
    9.569135322638E-02,0.14353702984,0.191382706453,0.239228383066,
    0.287074059679,0.334919736292,0.382765412906,0.430611089519,
    0.478456766132,0.526302442745,0.574148119358,0.621993795971,
    0.669839472585,0.717685149198,0.765530825811,0.813376502424,
    0.861222179037,0.909067855651,0.956913532264,1.004759208877,
    1.05260488549),.QUASI_UNIFORM_KNOTS.);
#363 = CARTESIAN_POINT('',(1.,15.799097997693));
#364 = CARTESIAN_POINT('',(0.984784438502,15.806389346891));
#365 = CARTESIAN_POINT('',(0.954359398914,15.820983061396));
#366 = CARTESIAN_POINT('',(0.908739976766,15.84290644314));
#367 = CARTESIAN_POINT('',(0.863138578428,15.864862396533));
#368 = CARTESIAN_POINT('',(0.81755509199,15.886850683235));
#369 = CARTESIAN_POINT('',(0.771989406539,15.908871064912));
#370 = CARTESIAN_POINT('',(0.72644141236,15.930923303211));
#371 = CARTESIAN_POINT('',(0.680911000724,15.953007159846));
#372 = CARTESIAN_POINT('',(0.635398064606,15.975122396283));
#373 = CARTESIAN_POINT('',(0.589902496104,15.997268774914));
#374 = CARTESIAN_POINT('',(0.544424196105,16.019446054678));
#375 = CARTESIAN_POINT('',(0.498963038283,16.041654007393));
#376 = CARTESIAN_POINT('',(0.45351900374,16.063892356716));
#377 = CARTESIAN_POINT('',(0.408092041439,16.086160845538));
#378 = CARTESIAN_POINT('',(0.362682011687,16.10845925739));
#379 = CARTESIAN_POINT('',(0.317288799841,16.130787364912));
#380 = CARTESIAN_POINT('',(0.271912285853,16.153144943664));
#381 = CARTESIAN_POINT('',(0.226552352448,16.175531768423));
#382 = CARTESIAN_POINT('',(0.181208882951,16.197947614177));
#383 = CARTESIAN_POINT('',(0.135881761875,16.220392255855));
#384 = CARTESIAN_POINT('',(9.057087481262E-02,16.242865468403));
#385 = CARTESIAN_POINT('',(4.527610835227E-02,16.265367026764));
#386 = CARTESIAN_POINT('',(1.509026985245E-02,16.280386812841));
#387 = CARTESIAN_POINT('',(0.,16.287901355162));
#388 = ( GEOMETRIC_REPRESENTATION_CONTEXT(2) 
PARAMETRIC_REPRESENTATION_CONTEXT() REPRESENTATION_CONTEXT('2D SPACE',''
  ) );
#389 = ORIENTED_EDGE('',*,*,#390,.F.);
#390 = EDGE_CURVE('',#391,#303,#393,.T.);
#391 = VERTEX_POINT('',#392);
#392 = CARTESIAN_POINT('',(17.5,39.,-0.924242308614));
#393 = SURFACE_CURVE('',#394,(#493,#595),.PCURVE_S1.);
#394 = B_SPLINE_CURVE_WITH_KNOTS('',4,(#395,#396,#397,#398,#399,#400,
    #401,#402,#403,#404,#405,#406,#407,#408,#409,#410,#411,#412,#413,
    #414,#415,#416,#417,#418,#419,#420,#421,#422,#423,#424,#425,#426,
    #427,#428,#429,#430,#431,#432,#433,#434,#435,#436,#437,#438,#439,
    #440,#441,#442,#443,#444,#445,#446,#447,#448,#449,#450,#451,#452,
    #453,#454,#455,#456,#457,#458,#459,#460,#461,#462,#463,#464,#465,
    #466,#467,#468,#469,#470,#471,#472,#473,#474,#475,#476,#477,#478,
    #479,#480,#481,#482,#483,#484,#485,#486,#487,#488,#489,#490,#491,
    #492),.UNSPECIFIED.,.F.,.F.,(5,3,3,3,3,3,3,3,3,3,3,3,3,3,3,3,3,3,3,3
    ,3,3,3,3,3,3,3,3,3,3,3,3,5),(0.,3.130161464291E-02,
    6.250312026518E-02,9.38045265202E-02,0.125005824424,0.156307022299,
    0.187508112492,0.218809101994,0.250009984484,0.281310765621,
    0.312511440415,0.343812013194,0.375012480301,0.40631284473,
    0.437513104156,0.468813260244,0.500013311997,0.531313259749,
    0.562513103837,0.593812843263,0.625012479693,0.656312010799,
    0.687511439579,0.718810762373,0.750009983511,0.781309098001,
    0.812508111504,0.843807017698,0.875005823573,0.906304521478,
    0.937503119733,0.968801609356,1.),.UNSPECIFIED.);
#395 = CARTESIAN_POINT('',(24.778970168254,39.,-0.924268745446));
#396 = CARTESIAN_POINT('',(24.391160640685,39.,-0.924267336913));
#397 = CARTESIAN_POINT('',(24.003351113291,39.,-0.924265928385));
#398 = CARTESIAN_POINT('',(23.615541586073,39.,-0.92426451986));
#399 = CARTESIAN_POINT('',(22.841162826853,39.,-0.924261707324));
#400 = CARTESIAN_POINT('',(22.45459359485,39.,-0.924260303313));
#401 = CARTESIAN_POINT('',(22.068024363022,39.,-0.924258899305));
#402 = CARTESIAN_POINT('',(21.293648186659,39.,-0.924256086804));
#403 = CARTESIAN_POINT('',(20.905841242126,39.,-0.924254678309));
#404 = CARTESIAN_POINT('',(20.518034297767,39.,-0.924253269819));
#405 = CARTESIAN_POINT('',(19.74366069597,39.,-0.924250457352));
#406 = CARTESIAN_POINT('',(19.357094038528,39.,-0.924249053374));
#407 = CARTESIAN_POINT('',(18.970527381262,39.,-0.924247649401));
#408 = CARTESIAN_POINT('',(18.196156362227,39.,-0.924244836968));
#409 = CARTESIAN_POINT('',(17.808352000458,39.,-0.924243428508));
#410 = CARTESIAN_POINT('',(17.420547638867,39.,-0.924242020052));
#411 = CARTESIAN_POINT('',(16.646179194303,39.,-0.924239207653));
#412 = CARTESIAN_POINT('',(16.259615111329,39.,-0.92423780371));
#413 = CARTESIAN_POINT('',(15.873051028529,39.,-0.924236399771));
#414 = CARTESIAN_POINT('',(15.098685166634,39.,-0.924233587406));
#415 = CARTESIAN_POINT('',(14.710883387537,39.,-0.924232178981));
#416 = CARTESIAN_POINT('',(14.323081608618,39.,-0.924230770559));
#417 = CARTESIAN_POINT('',(13.548718321099,39.,-0.924227958228));
#418 = CARTESIAN_POINT('',(13.162156812497,39.,-0.924226554319));
#419 = CARTESIAN_POINT('',(12.775595304073,39.,-0.924225150415));
#420 = CARTESIAN_POINT('',(12.001234599127,39.,-0.924222338118));
#421 = CARTESIAN_POINT('',(11.61343540261,39.,-0.924220929727));
#422 = CARTESIAN_POINT('',(11.225636206267,39.,-0.92421952134));
#423 = CARTESIAN_POINT('',(10.451278075604,39.,-0.924216709077));
#424 = CARTESIAN_POINT('',(10.064719141285,39.,-0.924215305203));
#425 = CARTESIAN_POINT('',(9.678160207137,39.,-0.924213901332));
#426 = CARTESIAN_POINT('',(8.903804658955,39.,-0.924211089104));
#427 = CARTESIAN_POINT('',(8.51600804492,39.,-0.924209680747));
#428 = CARTESIAN_POINT('',(8.128211431062,39.,-0.924208272394));
#429 = CARTESIAN_POINT('',(7.353858457067,39.,-0.9242054602));
#430 = CARTESIAN_POINT('',(6.967302096933,39.,-0.92420405636));
#431 = CARTESIAN_POINT('',(6.580745736971,39.,-0.924202652523));
#432 = CARTESIAN_POINT('',(5.806395345364,39.,-0.924199840364));
#433 = CARTESIAN_POINT('',(5.418601313716,39.,-0.924198432041));
#434 = CARTESIAN_POINT('',(5.030807282248,39.,-0.924197023722));
#435 = CARTESIAN_POINT('',(4.256459464734,39.,-0.924194211597));
#436 = CARTESIAN_POINT('',(3.86990567869,39.,-0.924192807791));
#437 = CARTESIAN_POINT('',(3.48335189282,39.,-0.924191403988));
#438 = CARTESIAN_POINT('',(2.709006657599,39.,-0.924188591898));
#439 = CARTESIAN_POINT('',(2.321215208247,39.,-0.924187183609));
#440 = CARTESIAN_POINT('',(1.933423759072,39.,-0.924185775324));
#441 = CARTESIAN_POINT('',(1.159081097851,39.,-0.924182963268));
#442 = CARTESIAN_POINT('',(0.772529885804,39.,-0.924181559495));
#443 = CARTESIAN_POINT('',(0.385978673932,39.,-0.924180155727));
#444 = CARTESIAN_POINT('',(-0.388361405092,39.,-0.924177343705));
#445 = CARTESIAN_POINT('',(-0.776150272243,39.,-0.924175935451));
#446 = CARTESIAN_POINT('',(-1.163939139218,39.,-0.9241745272));
#447 = CARTESIAN_POINT('',(-1.938276644335,39.,-0.924171715212));
#448 = CARTESIAN_POINT('',(-2.324825282478,39.,-0.924170311474));
#449 = CARTESIAN_POINT('',(-2.711373920446,39.,-0.92416890774));
#450 = CARTESIAN_POINT('',(-3.485708843461,39.,-0.924166095786));
#451 = CARTESIAN_POINT('',(-3.873495128506,39.,-0.924164687566));
#452 = CARTESIAN_POINT('',(-4.261281413375,39.,-0.92416327935));
#453 = CARTESIAN_POINT('',(-5.035613762576,39.,-0.92416046743));
#454 = CARTESIAN_POINT('',(-5.42215982691,39.,-0.924159063726));
#455 = CARTESIAN_POINT('',(-5.808705891069,39.,-0.924157660027));
#456 = CARTESIAN_POINT('',(-6.583035658262,39.,-0.924154848141));
#457 = CARTESIAN_POINT('',(-6.970819361295,39.,-0.924153439955));
#458 = CARTESIAN_POINT('',(-7.358603064152,39.,-0.924152031774));
#459 = CARTESIAN_POINT('',(-8.132930257627,39.,-0.924149219922));
#460 = CARTESIAN_POINT('',(-8.519473748245,39.,-0.924147816252));
#461 = CARTESIAN_POINT('',(-8.906017238688,39.,-0.924146412587));
#462 = CARTESIAN_POINT('',(-9.680341850248,39.,-0.92414360077));
#463 = CARTESIAN_POINT('',(-10.06812297136,39.,-0.924142192618));
#464 = CARTESIAN_POINT('',(-10.4559040923,39.,-0.924140784471));
#465 = CARTESIAN_POINT('',(-11.23022613023,39.,-0.924137972688));
#466 = CARTESIAN_POINT('',(-11.61676704723,39.,-0.924136569052));
#467 = CARTESIAN_POINT('',(-12.00330796405,39.,-0.924135165421));
#468 = CARTESIAN_POINT('',(-12.77762742017,39.,-0.924132353672));
#469 = CARTESIAN_POINT('',(-13.16540595946,39.,-0.924130945555));
#470 = CARTESIAN_POINT('',(-13.55318449858,39.,-0.924129537442));
#471 = CARTESIAN_POINT('',(-14.32750138116,39.,-0.924126725727));
#472 = CARTESIAN_POINT('',(-14.71403972463,39.,-0.924125322126));
#473 = CARTESIAN_POINT('',(-15.10057806792,39.,-0.924123918529));
#474 = CARTESIAN_POINT('',(-15.87489236878,39.,-0.924121106848));
#475 = CARTESIAN_POINT('',(-16.26266832635,39.,-0.924119698765));
#476 = CARTESIAN_POINT('',(-16.65044428373,39.,-0.924118290687));
#477 = CARTESIAN_POINT('',(-17.42475601115,39.,-0.924115479041));
#478 = CARTESIAN_POINT('',(-17.81129178119,39.,-0.924114075473));
#479 = CARTESIAN_POINT('',(-18.19782755105,39.,-0.92411267191));
#480 = CARTESIAN_POINT('',(-18.97213669684,39.,-0.924109860298));
#481 = CARTESIAN_POINT('',(-19.35991007277,39.,-0.92410845225));
#482 = CARTESIAN_POINT('',(-19.74768344852,39.,-0.924107044205));
#483 = CARTESIAN_POINT('',(-20.52199002097,39.,-0.924104232628));
#484 = CARTESIAN_POINT('',(-20.90852321766,39.,-0.924102829095));
#485 = CARTESIAN_POINT('',(-21.29505641419,39.,-0.924101425566));
#486 = CARTESIAN_POINT('',(-22.0693604051,39.,-0.924098614022));
#487 = CARTESIAN_POINT('',(-22.45713119948,39.,-0.924097206008));
#488 = CARTESIAN_POINT('',(-22.8449019937,39.,-0.924095797997));
#489 = CARTESIAN_POINT('',(-23.61920341136,39.,-0.924092986488));
#490 = CARTESIAN_POINT('',(-24.00573403481,39.,-0.924091582989));
#491 = CARTESIAN_POINT('',(-24.39226465808,39.,-0.924090179495));
#492 = CARTESIAN_POINT('',(-24.77879528118,39.,-0.924088776004));
#493 = PCURVE('',#48,#494);
#494 = DEFINITIONAL_REPRESENTATION('',(#495),#594);
#495 = B_SPLINE_CURVE_WITH_KNOTS('',4,(#496,#497,#498,#499,#500,#501,
    #502,#503,#504,#505,#506,#507,#508,#509,#510,#511,#512,#513,#514,
    #515,#516,#517,#518,#519,#520,#521,#522,#523,#524,#525,#526,#527,
    #528,#529,#530,#531,#532,#533,#534,#535,#536,#537,#538,#539,#540,
    #541,#542,#543,#544,#545,#546,#547,#548,#549,#550,#551,#552,#553,
    #554,#555,#556,#557,#558,#559,#560,#561,#562,#563,#564,#565,#566,
    #567,#568,#569,#570,#571,#572,#573,#574,#575,#576,#577,#578,#579,
    #580,#581,#582,#583,#584,#585,#586,#587,#588,#589,#590,#591,#592,
    #593),.UNSPECIFIED.,.F.,.F.,(5,3,3,3,3,3,3,3,3,3,3,3,3,3,3,3,3,3,3,3
    ,3,3,3,3,3,3,3,3,3,3,3,3,5),(0.,3.130161464291E-02,
    6.250312026518E-02,9.38045265202E-02,0.125005824424,0.156307022299,
    0.187508112492,0.218809101994,0.250009984484,0.281310765621,
    0.312511440415,0.343812013194,0.375012480301,0.40631284473,
    0.437513104156,0.468813260244,0.500013311997,0.531313259749,
    0.562513103837,0.593812843263,0.625012479693,0.656312010799,
    0.687511439579,0.718810762373,0.750009983511,0.781309098001,
    0.812508111504,0.843807017698,0.875005823573,0.906304521478,
    0.937503119733,0.968801609356,1.),.UNSPECIFIED.);
#496 = CARTESIAN_POINT('',(1.0000006,0.548068461305));
#497 = CARTESIAN_POINT('',(0.992175603655,0.548069150023));
#498 = CARTESIAN_POINT('',(0.984350598613,0.548069838739));
#499 = CARTESIAN_POINT('',(0.976525584875,0.548070527453));
#500 = CARTESIAN_POINT('',(0.960900566041,0.548071902674));
#501 = CARTESIAN_POINT('',(0.953100561002,0.548072589181));
#502 = CARTESIAN_POINT('',(0.945300547321,0.548073275686));
#503 = CARTESIAN_POINT('',(0.929675528654,0.54807465089));
#504 = CARTESIAN_POINT('',(0.921850523612,0.548075339589));
#505 = CARTESIAN_POINT('',(0.914025509874,0.548076028286));
#506 = CARTESIAN_POINT('',(0.898400491041,0.548077403473));
#507 = CARTESIAN_POINT('',(0.890600486001,0.548078089964));
#508 = CARTESIAN_POINT('',(0.882800472321,0.548078776452));
#509 = CARTESIAN_POINT('',(0.867175453654,0.548080151623));
#510 = CARTESIAN_POINT('',(0.859350448612,0.548080840305));
#511 = CARTESIAN_POINT('',(0.851525434874,0.548081528985));
#512 = CARTESIAN_POINT('',(0.83590041604,0.548082904139));
#513 = CARTESIAN_POINT('',(0.828100411001,0.548083590613));
#514 = CARTESIAN_POINT('',(0.82030039732,0.548084277085));
#515 = CARTESIAN_POINT('',(0.804675378654,0.548085652222));
#516 = CARTESIAN_POINT('',(0.796850373611,0.548086340887));
#517 = CARTESIAN_POINT('',(0.789025359873,0.548087029551));
#518 = CARTESIAN_POINT('',(0.77340034104,0.548088404671));
#519 = CARTESIAN_POINT('',(0.765600336,0.548089091128));
#520 = CARTESIAN_POINT('',(0.75780032232,0.548089777583));
#521 = CARTESIAN_POINT('',(0.742175303653,0.548091152687));
#522 = CARTESIAN_POINT('',(0.734350298611,0.548091841336));
#523 = CARTESIAN_POINT('',(0.726525284873,0.548092529983));
#524 = CARTESIAN_POINT('',(0.71090026604,0.54809390507));
#525 = CARTESIAN_POINT('',(0.703100261,0.54809459151));
#526 = CARTESIAN_POINT('',(0.69530024732,0.548095277948));
#527 = CARTESIAN_POINT('',(0.679675228653,0.548096653018));
#528 = CARTESIAN_POINT('',(0.67185022361,0.54809734165));
#529 = CARTESIAN_POINT('',(0.664025209873,0.54809803028));
#530 = CARTESIAN_POINT('',(0.648400191039,0.548099405334));
#531 = CARTESIAN_POINT('',(0.640600185999,0.548100091757));
#532 = CARTESIAN_POINT('',(0.632800172319,0.548100778179));
#533 = CARTESIAN_POINT('',(0.617175153652,0.548102153216));
#534 = CARTESIAN_POINT('',(0.60935014861,0.548102841831));
#535 = CARTESIAN_POINT('',(0.601525134872,0.548103530444));
#536 = CARTESIAN_POINT('',(0.585900116039,0.548104905464));
#537 = CARTESIAN_POINT('',(0.578100110999,0.548105591871));
#538 = CARTESIAN_POINT('',(0.570300097319,0.548106278276));
#539 = CARTESIAN_POINT('',(0.554675078652,0.548107653279));
#540 = CARTESIAN_POINT('',(0.546850073609,0.548108341878));
#541 = CARTESIAN_POINT('',(0.539025059872,0.548109030474));
#542 = CARTESIAN_POINT('',(0.523400041039,0.548110405461));
#543 = CARTESIAN_POINT('',(0.515600035998,0.548111091851));
#544 = CARTESIAN_POINT('',(0.507800022319,0.548111778239));
#545 = CARTESIAN_POINT('',(0.492175003652,0.548113153209));
#546 = CARTESIAN_POINT('',(0.484349998609,0.54811384179));
#547 = CARTESIAN_POINT('',(0.476524984872,0.54811453037));
#548 = CARTESIAN_POINT('',(0.460899966038,0.548115905323));
#549 = CARTESIAN_POINT('',(0.453099960998,0.548116591697));
#550 = CARTESIAN_POINT('',(0.445299947318,0.548117278068));
#551 = CARTESIAN_POINT('',(0.429674928651,0.548118653004));
#552 = CARTESIAN_POINT('',(0.421849923608,0.548119341569));
#553 = CARTESIAN_POINT('',(0.414024909871,0.548120030132));
#554 = CARTESIAN_POINT('',(0.398399891038,0.548121405052));
#555 = CARTESIAN_POINT('',(0.390599885997,0.548122091409));
#556 = CARTESIAN_POINT('',(0.382799872318,0.548122777763));
#557 = CARTESIAN_POINT('',(0.367174853651,0.548124152666));
#558 = CARTESIAN_POINT('',(0.359349848608,0.548124841214));
#559 = CARTESIAN_POINT('',(0.351524834871,0.548125529761));
#560 = CARTESIAN_POINT('',(0.335899816037,0.548126904647));
#561 = CARTESIAN_POINT('',(0.328099810997,0.548127590987));
#562 = CARTESIAN_POINT('',(0.320299797317,0.548128277325));
#563 = CARTESIAN_POINT('',(0.30467477865,0.548129652194));
#564 = CARTESIAN_POINT('',(0.296849773607,0.548130340726));
#565 = CARTESIAN_POINT('',(0.28902475987,0.548131029255));
#566 = CARTESIAN_POINT('',(0.273399741037,0.548132404108));
#567 = CARTESIAN_POINT('',(0.265599735996,0.548133090431));
#568 = CARTESIAN_POINT('',(0.257799722317,0.548133776752));
#569 = CARTESIAN_POINT('',(0.24217470365,0.548135151588));
#570 = CARTESIAN_POINT('',(0.234349698607,0.548135840103));
#571 = CARTESIAN_POINT('',(0.22652468487,0.548136528616));
#572 = CARTESIAN_POINT('',(0.210899666037,0.548137903435));
#573 = CARTESIAN_POINT('',(0.203099660995,0.548138589741));
#574 = CARTESIAN_POINT('',(0.195299647317,0.548139276046));
#575 = CARTESIAN_POINT('',(0.17967462865,0.548140650849));
#576 = CARTESIAN_POINT('',(0.171849623606,0.548141339346));
#577 = CARTESIAN_POINT('',(0.16402460987,0.548142027842));
#578 = CARTESIAN_POINT('',(0.148399591036,0.548143402628));
#579 = CARTESIAN_POINT('',(0.140599585995,0.548144088918));
#580 = CARTESIAN_POINT('',(0.132799572316,0.548144775206));
#581 = CARTESIAN_POINT('',(0.117174553649,0.548146149975));
#582 = CARTESIAN_POINT('',(0.109349548606,0.548146838456));
#583 = CARTESIAN_POINT('',(0.101524534869,0.548147526935));
#584 = CARTESIAN_POINT('',(8.589951603586E-02,0.548148901688));
#585 = CARTESIAN_POINT('',(7.809951099445E-02,0.548149587961));
#586 = CARTESIAN_POINT('',(7.029949731582E-02,0.548150274232));
#587 = CARTESIAN_POINT('',(5.467447864885E-02,0.548151648967));
#588 = CARTESIAN_POINT('',(4.68494736051E-02,0.548152337432));
#589 = CARTESIAN_POINT('',(3.902445986881E-02,0.548153025894));
#590 = CARTESIAN_POINT('',(2.339944103547E-02,0.548154400613));
#591 = CARTESIAN_POINT('',(1.559943599393E-02,0.54815508687));
#592 = CARTESIAN_POINT('',(7.799422315431E-03,0.548155773124));
#593 = CARTESIAN_POINT('',(-6.E-07,0.548156459376));
#594 = ( GEOMETRIC_REPRESENTATION_CONTEXT(2) 
PARAMETRIC_REPRESENTATION_CONTEXT() REPRESENTATION_CONTEXT('2D SPACE',''
  ) );
#595 = PCURVE('',#596,#757);
#596 = B_SPLINE_SURFACE_WITH_KNOTS('',4,1,(
    (#597,#598)
    ,(#599,#600)
    ,(#601,#602)
    ,(#603,#604)
    ,(#605,#606)
    ,(#607,#608)
    ,(#609,#610)
    ,(#611,#612)
    ,(#613,#614)
    ,(#615,#616)
    ,(#617,#618)
    ,(#619,#620)
    ,(#621,#622)
    ,(#623,#624)
    ,(#625,#626)
    ,(#627,#628)
    ,(#629,#630)
    ,(#631,#632)
    ,(#633,#634)
    ,(#635,#636)
    ,(#637,#638)
    ,(#639,#640)
    ,(#641,#642)
    ,(#643,#644)
    ,(#645,#646)
    ,(#647,#648)
    ,(#649,#650)
    ,(#651,#652)
    ,(#653,#654)
    ,(#655,#656)
    ,(#657,#658)
    ,(#659,#660)
    ,(#661,#662)
    ,(#663,#664)
    ,(#665,#666)
    ,(#667,#668)
    ,(#669,#670)
    ,(#671,#672)
    ,(#673,#674)
    ,(#675,#676)
    ,(#677,#678)
    ,(#679,#680)
    ,(#681,#682)
    ,(#683,#684)
    ,(#685,#686)
    ,(#687,#688)
    ,(#689,#690)
    ,(#691,#692)
    ,(#693,#694)
    ,(#695,#696)
    ,(#697,#698)
    ,(#699,#700)
    ,(#701,#702)
    ,(#703,#704)
    ,(#705,#706)
    ,(#707,#708)
    ,(#709,#710)
    ,(#711,#712)
    ,(#713,#714)
    ,(#715,#716)
    ,(#717,#718)
    ,(#719,#720)
    ,(#721,#722)
    ,(#723,#724)
    ,(#725,#726)
    ,(#727,#728)
    ,(#729,#730)
    ,(#731,#732)
    ,(#733,#734)
    ,(#735,#736)
    ,(#737,#738)
    ,(#739,#740)
    ,(#741,#742)
    ,(#743,#744)
    ,(#745,#746)
    ,(#747,#748)
    ,(#749,#750)
    ,(#751,#752)
    ,(#753,#754)
    ,(#755,#756
    )),.UNSPECIFIED.,.F.,.F.,.F.,(5,3,3,3,3,3,3,3,3,3,3,3,3,3,3,3,3,3,3,
    3,3,3,3,3,3,3,5),(2,2),(0.103516548389,0.124994176427,0.156192982302
    ,0.187491888496,0.218690901999,0.249990016489,0.281189237627,
    0.312488560421,0.343687989201,0.374987520307,0.406187156737,
    0.437486896163,0.468686740251,0.499986688003,0.531186739756,
    0.562486895844,0.59368715527,0.624987519699,0.656187986806,
    0.687488559585,0.718689234379,0.749990015516,0.781190898006,
    0.812491887508,0.843692977701,0.874994175576,0.896486357114),(0.,1.)
  ,.UNSPECIFIED.);
#597 = CARTESIAN_POINT('',(-19.64874655564,39.,-0.924107403456));
#598 = CARTESIAN_POINT('',(-28.64874655564,40.612168967159,
    -0.946835418433));
#599 = CARTESIAN_POINT('',(-19.38265074704,39.,-0.924108369677));
#600 = CARTESIAN_POINT('',(-28.38265074704,40.612169217235,
    -0.946836351731));
#601 = CARTESIAN_POINT('',(-19.11655493835,39.,-0.9241093359));
#602 = CARTESIAN_POINT('',(-28.11655493835,40.612169467312,
    -0.94683728503));
#603 = CARTESIAN_POINT('',(-18.85045912959,39.,-0.924110302125));
#604 = CARTESIAN_POINT('',(-27.85045912959,40.612169717389,
    -0.946838218331));
#605 = CARTESIAN_POINT('',(-18.19782755105,39.,-0.92411267191));
#606 = CARTESIAN_POINT('',(-27.19782755105,40.612170330735,
    -0.946840507369));
#607 = CARTESIAN_POINT('',(-17.81129178119,39.,-0.924114075473));
#608 = CARTESIAN_POINT('',(-26.81129178119,40.612170694004,
    -0.946841863106));
#609 = CARTESIAN_POINT('',(-17.42475601115,39.,-0.924115479041));
#610 = CARTESIAN_POINT('',(-26.42475601115,40.612171057274,
    -0.946843218848));
#611 = CARTESIAN_POINT('',(-16.65044428373,39.,-0.924118290687));
#612 = CARTESIAN_POINT('',(-25.65044428373,40.612171784981,
    -0.94684593469));
#613 = CARTESIAN_POINT('',(-16.26266832635,39.,-0.924119698765));
#614 = CARTESIAN_POINT('',(-25.26266832635,40.612172149419,
    -0.946847294789));
#615 = CARTESIAN_POINT('',(-15.87489236878,39.,-0.924121106848));
#616 = CARTESIAN_POINT('',(-24.87489236878,40.612172513858,
    -0.946848654893));
#617 = CARTESIAN_POINT('',(-15.10057806792,39.,-0.924123918529));
#618 = CARTESIAN_POINT('',(-24.10057806792,40.612173241574,
    -0.946851370768));
#619 = CARTESIAN_POINT('',(-14.71403972463,39.,-0.924125322126));
#620 = CARTESIAN_POINT('',(-23.71403972463,40.612173604852,
    -0.946852726539));
#621 = CARTESIAN_POINT('',(-14.32750138116,39.,-0.924126725727));
#622 = CARTESIAN_POINT('',(-23.32750138116,40.61217396813,
    -0.946854082313));
#623 = CARTESIAN_POINT('',(-13.55318449858,39.,-0.924129537442));
#624 = CARTESIAN_POINT('',(-22.55318449858,40.612174695856,
    -0.946856798221));
#625 = CARTESIAN_POINT('',(-13.16540595946,39.,-0.924130945555));
#626 = CARTESIAN_POINT('',(-22.16540595946,40.612175060302,
    -0.946858158354));
#627 = CARTESIAN_POINT('',(-12.77762742017,39.,-0.924132353672));
#628 = CARTESIAN_POINT('',(-21.77762742017,40.61217542475,
    -0.946859518491));
#629 = CARTESIAN_POINT('',(-12.00330796405,39.,-0.924135165421));
#630 = CARTESIAN_POINT('',(-21.00330796405,40.612176152484,
    -0.946862234431));
#631 = CARTESIAN_POINT('',(-11.61676704723,39.,-0.924136569052));
#632 = CARTESIAN_POINT('',(-20.61676704723,40.61217651577,
    -0.946863590235));
#633 = CARTESIAN_POINT('',(-11.23022613023,39.,-0.924137972688));
#634 = CARTESIAN_POINT('',(-20.23022613023,40.612176879058,
    -0.946864946043));
#635 = CARTESIAN_POINT('',(-10.4559040923,39.,-0.924140784471));
#636 = CARTESIAN_POINT('',(-19.4559040923,40.612177606801,
    -0.946867662017));
#637 = CARTESIAN_POINT('',(-10.06812297136,39.,-0.924142192618));
#638 = CARTESIAN_POINT('',(-19.06812297136,40.612177971256,
    -0.946869022183));
#639 = CARTESIAN_POINT('',(-9.680341850248,39.,-0.92414360077));
#640 = CARTESIAN_POINT('',(-18.68034185024,40.612178335713,
    -0.946870382353));
#641 = CARTESIAN_POINT('',(-8.906017238688,39.,-0.924146412587));
#642 = CARTESIAN_POINT('',(-17.90601723868,40.612179063465,
    -0.946873098359));
#643 = CARTESIAN_POINT('',(-8.519473748245,39.,-0.924147816252));
#644 = CARTESIAN_POINT('',(-17.51947374824,40.61217942676,
    -0.946874454196));
#645 = CARTESIAN_POINT('',(-8.132930257627,39.,-0.924149219922));
#646 = CARTESIAN_POINT('',(-17.13293025762,40.612179790057,
    -0.946875810037));
#647 = CARTESIAN_POINT('',(-7.358603064152,39.,-0.924152031774));
#648 = CARTESIAN_POINT('',(-16.35860306415,40.612180517817,
    -0.946878526077));
#649 = CARTESIAN_POINT('',(-6.970819361295,39.,-0.924153439955));
#650 = CARTESIAN_POINT('',(-15.97081936129,40.612180882281,
    -0.946879886276));
#651 = CARTESIAN_POINT('',(-6.583035658262,39.,-0.924154848141));
#652 = CARTESIAN_POINT('',(-15.58303565826,40.612181246747,
    -0.946881246479));
#653 = CARTESIAN_POINT('',(-5.808705891069,39.,-0.924157660027));
#654 = CARTESIAN_POINT('',(-14.80870589106,40.612181974516,
    -0.946883962552));
#655 = CARTESIAN_POINT('',(-5.42215982691,39.,-0.924159063726));
#656 = CARTESIAN_POINT('',(-14.42215982691,40.612182337821,
    -0.946885318422));
#657 = CARTESIAN_POINT('',(-5.035613762576,39.,-0.92416046743));
#658 = CARTESIAN_POINT('',(-14.03561376257,40.612182701126,
    -0.946886674296));
#659 = CARTESIAN_POINT('',(-4.261281413375,39.,-0.92416327935));
#660 = CARTESIAN_POINT('',(-13.26128141337,40.612183428904,
    -0.946889390402));
#661 = CARTESIAN_POINT('',(-3.873495128506,39.,-0.924164687566));
#662 = CARTESIAN_POINT('',(-12.8734951285,40.612183793377,
    -0.946890750634));
#663 = CARTESIAN_POINT('',(-3.485708843461,39.,-0.924166095786));
#664 = CARTESIAN_POINT('',(-12.48570884346,40.612184157851,
    -0.94689211087));
#665 = CARTESIAN_POINT('',(-2.711373920446,39.,-0.92416890774));
#666 = CARTESIAN_POINT('',(-11.71137392044,40.612184885639,
    -0.946894827009));
#667 = CARTESIAN_POINT('',(-2.324825282478,39.,-0.924170311474));
#668 = CARTESIAN_POINT('',(-11.32482528247,40.612185248952,
    -0.946896182912));
#669 = CARTESIAN_POINT('',(-1.938276644335,39.,-0.924171715212));
#670 = CARTESIAN_POINT('',(-10.93827664433,40.612185612266,
    -0.946897538819));
#671 = CARTESIAN_POINT('',(-1.163939139218,39.,-0.9241745272));
#672 = CARTESIAN_POINT('',(-10.16393913921,40.612186340062,
    -0.946900254991));
#673 = CARTESIAN_POINT('',(-0.776150272243,39.,-0.924175935451));
#674 = CARTESIAN_POINT('',(-9.776150272243,40.612186704544,
    -0.946901615256));
#675 = CARTESIAN_POINT('',(-0.388361405092,39.,-0.924177343705));
#676 = CARTESIAN_POINT('',(-9.388361405092,40.612187069027,
    -0.946902975525));
#677 = CARTESIAN_POINT('',(0.385978673932,39.,-0.924180155727));
#678 = CARTESIAN_POINT('',(-8.614021326068,40.612187796832,
    -0.94690569173));
#679 = CARTESIAN_POINT('',(0.772529885804,39.,-0.924181559495));
#680 = CARTESIAN_POINT('',(-8.227470114196,40.612188160154,
    -0.946907047666));
#681 = CARTESIAN_POINT('',(1.159081097851,39.,-0.924182963268));
#682 = CARTESIAN_POINT('',(-7.840918902149,40.612188523477,
    -0.946908403606));
#683 = CARTESIAN_POINT('',(1.933423759072,39.,-0.924185775324));
#684 = CARTESIAN_POINT('',(-7.066576240928,40.612189251291,
    -0.946911119844));
#685 = CARTESIAN_POINT('',(2.321215208247,39.,-0.924187183609));
#686 = CARTESIAN_POINT('',(-6.678784791753,40.612189615782,
    -0.946912480143));
#687 = CARTESIAN_POINT('',(2.709006657599,39.,-0.924188591898));
#688 = CARTESIAN_POINT('',(-6.290993342401,40.612189980274,
    -0.946913840445));
#689 = CARTESIAN_POINT('',(3.48335189282,39.,-0.924191403988));
#690 = CARTESIAN_POINT('',(-5.51664810718,40.612190708096,
    -0.946916556716));
#691 = CARTESIAN_POINT('',(3.86990567869,39.,-0.924192807791));
#692 = CARTESIAN_POINT('',(-5.13009432131,40.612191071427,
    -0.946917912685));
#693 = CARTESIAN_POINT('',(4.256459464734,39.,-0.924194211597));
#694 = CARTESIAN_POINT('',(-4.743540535266,40.612191434759,
    -0.946919268658));
#695 = CARTESIAN_POINT('',(5.030807282248,39.,-0.924197023722));
#696 = CARTESIAN_POINT('',(-3.969192717752,40.61219216259,
    -0.946921984962));
#697 = CARTESIAN_POINT('',(5.418601313716,39.,-0.924198432041));
#698 = CARTESIAN_POINT('',(-3.581398686284,40.61219252709,
    -0.946923345294));
#699 = CARTESIAN_POINT('',(5.806395345364,39.,-0.924199840364));
#700 = CARTESIAN_POINT('',(-3.193604654636,40.612192891591,
    -0.946924705629));
#701 = CARTESIAN_POINT('',(6.580745736971,39.,-0.924202652523));
#702 = CARTESIAN_POINT('',(-2.419254263029,40.612193619431,
    -0.946927421967));
#703 = CARTESIAN_POINT('',(6.967302096933,39.,-0.92420405636));
#704 = CARTESIAN_POINT('',(-2.032697903067,40.612193982771,
    -0.946928777968));
#705 = CARTESIAN_POINT('',(7.353858457067,39.,-0.9242054602));
#706 = CARTESIAN_POINT('',(-1.646141542933,40.612194346112,
    -0.946930133974));
#707 = CARTESIAN_POINT('',(8.128211431062,39.,-0.924208272394));
#708 = CARTESIAN_POINT('',(-0.871788568938,40.612195073961,
    -0.946932850345));
#709 = CARTESIAN_POINT('',(8.51600804492,39.,-0.924209680747));
#710 = CARTESIAN_POINT('',(-0.48399195508,40.612195438469,
    -0.946934210709));
#711 = CARTESIAN_POINT('',(8.903804658955,39.,-0.924211089104));
#712 = CARTESIAN_POINT('',(-9.619534104451E-02,40.612195802979,
    -0.946935571078));
#713 = CARTESIAN_POINT('',(9.678160207137,39.,-0.924213901332));
#714 = CARTESIAN_POINT('',(0.678160207137,40.612196530837,
    -0.946938287481));
#715 = CARTESIAN_POINT('',(10.064719141285,39.,-0.924215305203));
#716 = CARTESIAN_POINT('',(1.064719141285,40.612196894186,
    -0.946939643516));
#717 = CARTESIAN_POINT('',(10.451278075604,39.,-0.924216709077));
#718 = CARTESIAN_POINT('',(1.451278075604,40.612197257535,
    -0.946940999555));
#719 = CARTESIAN_POINT('',(11.225636206267,39.,-0.92421952134));
#720 = CARTESIAN_POINT('',(2.225636206267,40.612197985402,
    -0.946943715992));
#721 = CARTESIAN_POINT('',(11.61343540261,39.,-0.924220929727));
#722 = CARTESIAN_POINT('',(2.61343540261,40.61219834992,-0.946945076389)
  );
#723 = CARTESIAN_POINT('',(12.001234599127,39.,-0.924222338118));
#724 = CARTESIAN_POINT('',(3.001234599127,40.612198714438,
    -0.946946436791));
#725 = CARTESIAN_POINT('',(12.775595304073,39.,-0.924225150415));
#726 = CARTESIAN_POINT('',(3.775595304073,40.612199442314,
    -0.946949153261));
#727 = CARTESIAN_POINT('',(13.162156812497,39.,-0.924226554319));
#728 = CARTESIAN_POINT('',(4.162156812497,40.612199805671,
    -0.946950509329));
#729 = CARTESIAN_POINT('',(13.548718321099,39.,-0.924227958228));
#730 = CARTESIAN_POINT('',(4.548718321099,40.61220016903,-0.946951865401
    ));
#731 = CARTESIAN_POINT('',(14.323081608618,39.,-0.924230770559));
#732 = CARTESIAN_POINT('',(5.323081608618,40.612200896914,
    -0.946954581903));
#733 = CARTESIAN_POINT('',(14.710883387537,39.,-0.924232178981));
#734 = CARTESIAN_POINT('',(5.710883387537,40.612201261441,
    -0.946955942334));
#735 = CARTESIAN_POINT('',(15.098685166634,39.,-0.924233587406));
#736 = CARTESIAN_POINT('',(6.098685166634,40.612201625968,
    -0.946957302769));
#737 = CARTESIAN_POINT('',(15.873051028529,39.,-0.924236399771));
#738 = CARTESIAN_POINT('',(6.873051028529,40.612202353862,
    -0.946960019305));
#739 = CARTESIAN_POINT('',(16.259615111329,39.,-0.92423780371));
#740 = CARTESIAN_POINT('',(7.259615111329,40.612202717228,
    -0.946961375406));
#741 = CARTESIAN_POINT('',(16.646179194303,39.,-0.924239207653));
#742 = CARTESIAN_POINT('',(7.646179194303,40.612203080595,
    -0.946962731511));
#743 = CARTESIAN_POINT('',(17.420547638867,39.,-0.924242020052));
#744 = CARTESIAN_POINT('',(8.420547638867,40.612203808498,
    -0.946965448079));
#745 = CARTESIAN_POINT('',(17.808352000458,39.,-0.924243428508));
#746 = CARTESIAN_POINT('',(8.808352000458,40.612204173033,
    -0.946966808543));
#747 = CARTESIAN_POINT('',(18.196156362227,39.,-0.924244836968));
#748 = CARTESIAN_POINT('',(9.196156362227,40.612204537569,
    -0.946968169011));
#749 = CARTESIAN_POINT('',(18.850236851408,39.,-0.924247212519));
#750 = CARTESIAN_POINT('',(9.850236851408,40.612205152407,
    -0.946970463617));
#751 = CARTESIAN_POINT('',(19.11651297873,39.,-0.924248179607));
#752 = CARTESIAN_POINT('',(10.11651297873,40.612205402708,
    -0.946971397753));
#753 = CARTESIAN_POINT('',(19.382789106135,39.,-0.924249146698));
#754 = CARTESIAN_POINT('',(10.382789106135,40.612205653009,
    -0.946972331891));
#755 = CARTESIAN_POINT('',(19.649065233622,39.,-0.92425011379));
#756 = CARTESIAN_POINT('',(10.649065233622,40.612205903311,
    -0.94697326603));
#757 = DEFINITIONAL_REPRESENTATION('',(#758),#762);
#758 = LINE('',#759,#760);
#759 = CARTESIAN_POINT('',(1.,0.));
#760 = VECTOR('',#761,1.);
#761 = DIRECTION('',(-1.,0.));
#762 = ( GEOMETRIC_REPRESENTATION_CONTEXT(2) 
PARAMETRIC_REPRESENTATION_CONTEXT() REPRESENTATION_CONTEXT('2D SPACE',''
  ) );
#763 = ORIENTED_EDGE('',*,*,#764,.T.);
#764 = EDGE_CURVE('',#391,#765,#767,.T.);
#765 = VERTEX_POINT('',#766);
#766 = CARTESIAN_POINT('',(17.5,36.5,-0.221580612061));
#767 = SURFACE_CURVE('',#768,(#867,#969),.PCURVE_S1.);
#768 = B_SPLINE_CURVE_WITH_KNOTS('',4,(#769,#770,#771,#772,#773,#774,
    #775,#776,#777,#778,#779,#780,#781,#782,#783,#784,#785,#786,#787,
    #788,#789,#790,#791,#792,#793,#794,#795,#796,#797,#798,#799,#800,
    #801,#802,#803,#804,#805,#806,#807,#808,#809,#810,#811,#812,#813,
    #814,#815,#816,#817,#818,#819,#820,#821,#822,#823,#824,#825,#826,
    #827,#828,#829,#830,#831,#832,#833,#834,#835,#836,#837,#838,#839,
    #840,#841,#842,#843,#844,#845,#846,#847,#848,#849,#850,#851,#852,
    #853,#854,#855,#856,#857,#858,#859,#860,#861,#862,#863,#864,#865,
    #866),.UNSPECIFIED.,.F.,.F.,(5,3,3,3,3,3,3,3,3,3,3,3,3,3,3,3,3,3,3,3
    ,3,3,3,3,3,3,3,3,3,3,3,3,5),(0.,3.133937787724E-02,
    6.256955187456E-02,9.380011499172E-02,0.12503108338,0.156262473992,
    0.187494304628,0.218726593986,0.249959361714,0.28130221978,
    0.312536009146,0.343770342196,0.375005242989,0.40624073686,
    0.437476850498,0.468713612032,0.499951051121,0.531298807874,
    0.562537700328,0.593777369633,0.625017852626,0.656259188242,
    0.687501417651,0.718744584411,0.749988734631,0.781233917143,
    0.812480183693,0.843727589147,0.874976191709,0.90622605316,
    0.937477239115,0.968729819309,1.),.UNSPECIFIED.);
#769 = CARTESIAN_POINT('',(17.5,39.000032136325,-0.924251340882));
#770 = CARTESIAN_POINT('',(17.5,38.976519703031,-0.917642913069));
#771 = CARTESIAN_POINT('',(17.5,38.953007366616,-0.911034510763));
#772 = CARTESIAN_POINT('',(17.5,38.929495128967,-0.904426134474));
#773 = CARTESIAN_POINT('',(17.5,38.882552784564,-0.891232462179));
#774 = CARTESIAN_POINT('',(17.5,38.859122677109,-0.884647165988));
#775 = CARTESIAN_POINT('',(17.5,38.835692671657,-0.878061896695));
#776 = CARTESIAN_POINT('',(17.5,38.788832576933,-0.864891330966));
#777 = CARTESIAN_POINT('',(17.5,38.765402487663,-0.858306034529));
#778 = CARTESIAN_POINT('',(17.5,38.741972504505,-0.851720766103));
#779 = CARTESIAN_POINT('',(17.5,38.695112450671,-0.838550200981));
#780 = CARTESIAN_POINT('',(17.5,38.671682379999,-0.831964904286));
#781 = CARTESIAN_POINT('',(17.5,38.648252419746,-0.825379636768));
#782 = CARTESIAN_POINT('',(17.5,38.60139240784,-0.812209072281));
#783 = CARTESIAN_POINT('',(17.5,38.577962356189,-0.805623775313));
#784 = CARTESIAN_POINT('',(17.5,38.554532419478,-0.799038508747));
#785 = CARTESIAN_POINT('',(17.5,38.507672450571,-0.785867944924));
#786 = CARTESIAN_POINT('',(17.5,38.484242418378,-0.779282647668));
#787 = CARTESIAN_POINT('',(17.5,38.460812505869,-0.772697382101));
#788 = CARTESIAN_POINT('',(17.5,38.41395258107,-0.759526818972));
#789 = CARTESIAN_POINT('',(17.5,38.390522568784,-0.752941521412));
#790 = CARTESIAN_POINT('',(17.5,38.367092681163,-0.746356256893));
#791 = CARTESIAN_POINT('',(17.5,38.32023280162,-0.73318569449));
#792 = CARTESIAN_POINT('',(17.5,38.296802809702,-0.726600396609));
#793 = CARTESIAN_POINT('',(17.5,38.273372947683,-0.720015133189));
#794 = CARTESIAN_POINT('',(17.5,38.226430903017,-0.706821464923));
#795 = CARTESIAN_POINT('',(17.5,38.202918721307,-0.700213060326));
#796 = CARTESIAN_POINT('',(17.5,38.179406675956,-0.693604691939));
#797 = CARTESIAN_POINT('',(17.5,38.132464681906,-0.680411025228));
#798 = CARTESIAN_POINT('',(17.5,38.109034732241,-0.673825726647));
#799 = CARTESIAN_POINT('',(17.5,38.085604923774,-0.667240465597));
#800 = CARTESIAN_POINT('',(17.5,38.038745187475,-0.654069905585));
#801 = CARTESIAN_POINT('',(17.5,38.015315259648,-0.647484606625));
#802 = CARTESIAN_POINT('',(17.5,37.9918854791,-0.640899346849));
#803 = CARTESIAN_POINT('',(17.5,37.945025793076,-0.627728787708));
#804 = CARTESIAN_POINT('',(17.5,37.921595887606,-0.621143488345));
#805 = CARTESIAN_POINT('',(17.5,37.898166135812,-0.614558229908));
#806 = CARTESIAN_POINT('',(17.5,37.851306501433,-0.601387671681));
#807 = CARTESIAN_POINT('',(17.5,37.827876618853,-0.594802371892));
#808 = CARTESIAN_POINT('',(17.5,37.804446896684,-0.588217114862));
#809 = CARTESIAN_POINT('',(17.5,37.757587315368,-0.575046557591));
#810 = CARTESIAN_POINT('',(17.5,37.734157456229,-0.56846125735));
#811 = CARTESIAN_POINT('',(17.5,37.710727764591,-0.561876001801));
#812 = CARTESIAN_POINT('',(17.5,37.663868237811,-0.548705445532));
#813 = CARTESIAN_POINT('',(17.5,37.640438402676,-0.542120144813));
#814 = CARTESIAN_POINT('',(17.5,37.617008742515,-0.535534890822));
#815 = CARTESIAN_POINT('',(17.5,37.570149271798,-0.522364335602));
#816 = CARTESIAN_POINT('',(17.5,37.546719461251,-0.515779034375));
#817 = CARTESIAN_POINT('',(17.5,37.523289833552,-0.509193782024));
#818 = CARTESIAN_POINT('',(17.5,37.47634820909,-0.496000121135));
#819 = CARTESIAN_POINT('',(17.5,37.45283621365,-0.489391712952));
#820 = CARTESIAN_POINT('',(17.5,37.42932441072,-0.482783356274));
#821 = CARTESIAN_POINT('',(17.5,37.382382849691,-0.469589697621));
#822 = CARTESIAN_POINT('',(17.5,37.358953090225,-0.46300439528));
#823 = CARTESIAN_POINT('',(17.5,37.335523530705,-0.456419146482));
#824 = CARTESIAN_POINT('',(17.5,37.288664238149,-0.443248594731));
#825 = CARTESIAN_POINT('',(17.5,37.265234505124,-0.436663291781));
#826 = CARTESIAN_POINT('',(17.5,37.241804981293,-0.4300780449));
#827 = CARTESIAN_POINT('',(17.5,37.19494575152,-0.416907494418));
#828 = CARTESIAN_POINT('',(17.5,37.17151604559,-0.410322190821));
#829 = CARTESIAN_POINT('',(17.5,37.148086558621,-0.403736945961));
#830 = CARTESIAN_POINT('',(17.5,37.101227393476,-0.390566396812));
#831 = CARTESIAN_POINT('',(17.5,37.077797715313,-0.383981092525));
#832 = CARTESIAN_POINT('',(17.5,37.054368266431,-0.377395849798));
#833 = CARTESIAN_POINT('',(17.5,37.00750916783,-0.364225302047));
#834 = CARTESIAN_POINT('',(17.5,36.984079518126,-0.357639997026));
#835 = CARTESIAN_POINT('',(17.5,36.960650108613,-0.351054756549));
#836 = CARTESIAN_POINT('',(17.5,36.913791078551,-0.337884210265));
#837 = CARTESIAN_POINT('',(17.5,36.890361458019,-0.331298904462));
#838 = CARTESIAN_POINT('',(17.5,36.866932089215,-0.324713666361));
#839 = CARTESIAN_POINT('',(17.5,36.820073129766,-0.311543121617));
#840 = CARTESIAN_POINT('',(17.5,36.796643539137,-0.304957814979));
#841 = CARTESIAN_POINT('',(17.5,36.773214212448,-0.298372579387));
#842 = CARTESIAN_POINT('',(17.5,36.726355325768,-0.285202036261));
#843 = CARTESIAN_POINT('',(17.5,36.702925765798,-0.278616728733));
#844 = CARTESIAN_POINT('',(17.5,36.679496482693,-0.272031495792));
#845 = CARTESIAN_POINT('',(17.5,36.63263767103,-0.258860954365));
#846 = CARTESIAN_POINT('',(17.5,36.609208142492,-0.252275645885));
#847 = CARTESIAN_POINT('',(17.5,36.585778904515,-0.245690415746));
#848 = CARTESIAN_POINT('',(17.5,36.538920170207,-0.232519876104));
#849 = CARTESIAN_POINT('',(17.5,36.515490673898,-0.225934566607));
#850 = CARTESIAN_POINT('',(17.5,36.492061482666,-0.219349339433));
#851 = CARTESIAN_POINT('',(17.5,36.445202828148,-0.206178801666));
#852 = CARTESIAN_POINT('',(17.5,36.421773364887,-0.19959349108));
#853 = CARTESIAN_POINT('',(17.5,36.398344222098,-0.193008267042));
#854 = CARTESIAN_POINT('',(17.5,36.351485649908,-0.179837731246));
#855 = CARTESIAN_POINT('',(17.5,36.328056220536,-0.173252419496));
#856 = CARTESIAN_POINT('',(17.5,36.304627127971,-0.166667198777));
#857 = CARTESIAN_POINT('',(17.5,36.257768640755,-0.153496665052));
#858 = CARTESIAN_POINT('',(17.5,36.234339246135,-0.146911352054));
#859 = CARTESIAN_POINT('',(17.5,36.210910205667,-0.140326134851));
#860 = CARTESIAN_POINT('',(17.5,36.164051806183,-0.127155603303));
#861 = CARTESIAN_POINT('',(17.5,36.140622447202,-0.120570288967));
#862 = CARTESIAN_POINT('',(17.5,36.1171934608,-0.113985075489));
#863 = CARTESIAN_POINT('',(17.5,36.070323058434,-0.100811147095));
#864 = CARTESIAN_POINT('',(17.5,36.046881642898,-9.422243229442E-02));
#865 = CARTESIAN_POINT('',(17.5,36.023440619956,-8.763382385312E-02));
#866 = CARTESIAN_POINT('',(17.5,36.,-8.104532462925E-02));
#867 = PCURVE('',#48,#868);
#868 = DEFINITIONAL_REPRESENTATION('',(#869),#968);
#869 = B_SPLINE_CURVE_WITH_KNOTS('',4,(#870,#871,#872,#873,#874,#875,
    #876,#877,#878,#879,#880,#881,#882,#883,#884,#885,#886,#887,#888,
    #889,#890,#891,#892,#893,#894,#895,#896,#897,#898,#899,#900,#901,
    #902,#903,#904,#905,#906,#907,#908,#909,#910,#911,#912,#913,#914,
    #915,#916,#917,#918,#919,#920,#921,#922,#923,#924,#925,#926,#927,
    #928,#929,#930,#931,#932,#933,#934,#935,#936,#937,#938,#939,#940,
    #941,#942,#943,#944,#945,#946,#947,#948,#949,#950,#951,#952,#953,
    #954,#955,#956,#957,#958,#959,#960,#961,#962,#963,#964,#965,#966,
    #967),.UNSPECIFIED.,.F.,.F.,(5,3,3,3,3,3,3,3,3,3,3,3,3,3,3,3,3,3,3,3
    ,3,3,3,3,3,3,3,3,3,3,3,3,5),(0.,3.133937787724E-02,
    6.256955187456E-02,9.380011499172E-02,0.12503108338,0.156262473992,
    0.187494304628,0.218726593986,0.249959361714,0.28130221978,
    0.312536009146,0.343770342196,0.375005242989,0.40624073686,
    0.437476850498,0.468713612032,0.499951051121,0.531298807874,
    0.562537700328,0.593777369633,0.625017852626,0.656259188242,
    0.687501417651,0.718744584411,0.749988734631,0.781233917143,
    0.812480183693,0.843727589147,0.874976191709,0.90622605316,
    0.937477239115,0.968729819309,1.),.UNSPECIFIED.);
#870 = CARTESIAN_POINT('',(0.853127656561,0.548076971462));
#871 = CARTESIAN_POINT('',(0.853818378753,0.551308236139));
#872 = CARTESIAN_POINT('',(0.854512701097,0.554539488345));
#873 = CARTESIAN_POINT('',(0.855210665753,0.55777072783));
#874 = CARTESIAN_POINT('',(0.856611521752,0.564221921436));
#875 = CARTESIAN_POINT('',(0.857314387455,0.567441875648));
#876 = CARTESIAN_POINT('',(0.858020956381,0.570661816709));
#877 = CARTESIAN_POINT('',(0.859441598376,0.577101712102));
#878 = CARTESIAN_POINT('',(0.86015567154,0.580321666434));
#879 = CARTESIAN_POINT('',(0.860873536869,0.583541607071));
#880 = CARTESIAN_POINT('',(0.862316952933,0.589981502167));
#881 = CARTESIAN_POINT('',(0.86304250377,0.593201456626));
#882 = CARTESIAN_POINT('',(0.863771938584,0.596421396818));
#883 = CARTESIAN_POINT('',(0.865238680767,0.602861291603));
#884 = CARTESIAN_POINT('',(0.865975988246,0.606081246196));
#885 = CARTESIAN_POINT('',(0.866717274498,0.609301185923));
#886 = CARTESIAN_POINT('',(0.868207912839,0.615741080383));
#887 = CARTESIAN_POINT('',(0.868957265042,0.618961035117));
#888 = CARTESIAN_POINT('',(0.869710693924,0.622180974355));
#889 = CARTESIAN_POINT('',(0.871225817184,0.628620868476));
#890 = CARTESIAN_POINT('',(0.871987511687,0.631840823358));
#891 = CARTESIAN_POINT('',(0.872753384006,0.635060762085));
#892 = CARTESIAN_POINT('',(0.874293600451,0.641500655851));
#893 = CARTESIAN_POINT('',(0.875067944709,0.64472061089));
#894 = CARTESIAN_POINT('',(0.875846571293,0.647940549079));
#895 = CARTESIAN_POINT('',(0.877415256808,0.654391740715));
#896 = CARTESIAN_POINT('',(0.878205346364,0.657622994041));
#897 = CARTESIAN_POINT('',(0.878999857322,0.660854229662));
#898 = CARTESIAN_POINT('',(0.880595054394,0.667305420538));
#899 = CARTESIAN_POINT('',(0.8813957094,0.670525375919));
#900 = CARTESIAN_POINT('',(0.882200866834,0.673745312949));
#901 = CARTESIAN_POINT('',(0.883820315995,0.680185205546));
#902 = CARTESIAN_POINT('',(0.884634607885,0.683405161113));
#903 = CARTESIAN_POINT('',(0.885453517713,0.68662509752));
#904 = CARTESIAN_POINT('',(0.887100707527,0.693064989691));
#905 = CARTESIAN_POINT('',(0.887928987687,0.696284945454));
#906 = CARTESIAN_POINT('',(0.888762005276,0.699504881206));
#907 = CARTESIAN_POINT('',(0.890437654673,0.705944772931));
#908 = CARTESIAN_POINT('',(0.891280286668,0.709164728903));
#909 = CARTESIAN_POINT('',(0.892127779735,0.712384663967));
#910 = CARTESIAN_POINT('',(0.893832632704,0.718824555224));
#911 = CARTESIAN_POINT('',(0.894689992806,0.722044511417));
#912 = CARTESIAN_POINT('',(0.895552341959,0.725264445757));
#913 = CARTESIAN_POINT('',(0.897287168651,0.731704336524));
#914 = CARTESIAN_POINT('',(0.898159646402,0.734924292951));
#915 = CARTESIAN_POINT('',(0.89903724571,0.738144226529));
#916 = CARTESIAN_POINT('',(0.900802843592,0.744584116783));
#917 = CARTESIAN_POINT('',(0.901690842393,0.747804073458));
#918 = CARTESIAN_POINT('',(0.902584099986,0.751024006235));
#919 = CARTESIAN_POINT('',(0.904384448116,0.757475194264));
#920 = CARTESIAN_POINT('',(0.905291576367,0.760706449343));
#921 = CARTESIAN_POINT('',(0.906204143803,0.763937679238));
#922 = CARTESIAN_POINT('',(0.908037117378,0.770388866175));
#923 = CARTESIAN_POINT('',(0.908957485294,0.773608823394));
#924 = CARTESIAN_POINT('',(0.909883402038,0.776828754434));
#925 = CARTESIAN_POINT('',(0.91174650882,0.783268642992));
#926 = CARTESIAN_POINT('',(0.912683699141,0.786488600509));
#927 = CARTESIAN_POINT('',(0.913626591049,0.789708530611));
#928 = CARTESIAN_POINT('',(0.915523960844,0.796148418548));
#929 = CARTESIAN_POINT('',(0.916478439038,0.799368376382));
#930 = CARTESIAN_POINT('',(0.917438777225,0.802588305495));
#931 = CARTESIAN_POINT('',(0.919371363948,0.809028192781));
#932 = CARTESIAN_POINT('',(0.920343612812,0.812248150952));
#933 = CARTESIAN_POINT('',(0.921321885992,0.815468079023));
#934 = CARTESIAN_POINT('',(0.923290679297,0.821907965625));
#935 = CARTESIAN_POINT('',(0.924281199777,0.825127924155));
#936 = CARTESIAN_POINT('',(0.925277915085,0.828347851125));
#937 = CARTESIAN_POINT('',(0.927283942058,0.83478773701));
#938 = CARTESIAN_POINT('',(0.928293254106,0.838007695923));
#939 = CARTESIAN_POINT('',(0.929308937979,0.841227621732));
#940 = CARTESIAN_POINT('',(0.931353264923,0.847667506863));
#941 = CARTESIAN_POINT('',(0.932381908407,0.850887466184));
#942 = CARTESIAN_POINT('',(0.93341710751,0.854107390766));
#943 = CARTESIAN_POINT('',(0.935500841837,0.860547275106));
#944 = CARTESIAN_POINT('',(0.936549377507,0.863767234863));
#945 = CARTESIAN_POINT('',(0.937604659712,0.866987158148));
#946 = CARTESIAN_POINT('',(0.939728951939,0.873427041658));
#947 = CARTESIAN_POINT('',(0.940797962443,0.876647001879));
#948 = CARTESIAN_POINT('',(0.94187391787,0.879866923795));
#949 = CARTESIAN_POINT('',(0.944039963743,0.886306806432));
#950 = CARTESIAN_POINT('',(0.945130054708,0.889526767151));
#951 = CARTESIAN_POINT('',(0.946227296824,0.892746687617));
#952 = CARTESIAN_POINT('',(0.948436339555,0.899186569337));
#953 = CARTESIAN_POINT('',(0.949548140732,0.902406530588));
#954 = CARTESIAN_POINT('',(0.950667307518,0.90562644952));
#955 = CARTESIAN_POINT('',(0.952920640169,0.912066330277));
#956 = CARTESIAN_POINT('',(0.954054806646,0.915286292097));
#957 = CARTESIAN_POINT('',(0.955196561829,0.918506209407));
#958 = CARTESIAN_POINT('',(0.957495529838,0.924946089151));
#959 = CARTESIAN_POINT('',(0.958652743323,0.928166051581));
#960 = CARTESIAN_POINT('',(0.959817777697,0.931385967172));
#961 = CARTESIAN_POINT('',(0.962163781548,0.937825845851));
#962 = CARTESIAN_POINT('',(0.963344751742,0.941045808936));
#963 = CARTESIAN_POINT('',(0.964533784553,0.944265722705));
#964 = CARTESIAN_POINT('',(0.966928900618,0.95070726231));
#965 = CARTESIAN_POINT('',(0.968134993008,0.95392888809));
#966 = CARTESIAN_POINT('',(0.969349408706,0.957150461864));
#967 = CARTESIAN_POINT('',(0.970572278203,0.960371982236));
#968 = ( GEOMETRIC_REPRESENTATION_CONTEXT(2) 
PARAMETRIC_REPRESENTATION_CONTEXT() REPRESENTATION_CONTEXT('2D SPACE',''
  ) );
#969 = PCURVE('',#970,#975);
#970 = PLANE('',#971);
#971 = AXIS2_PLACEMENT_3D('',#972,#973,#974);
#972 = CARTESIAN_POINT('',(17.5,36.,-50.));
#973 = DIRECTION('',(1.,0.,0.));
#974 = DIRECTION('',(0.,0.,1.));
#975 = DEFINITIONAL_REPRESENTATION('',(#976),#1075);
#976 = B_SPLINE_CURVE_WITH_KNOTS('',4,(#977,#978,#979,#980,#981,#982,
    #983,#984,#985,#986,#987,#988,#989,#990,#991,#992,#993,#994,#995,
    #996,#997,#998,#999,#1000,#1001,#1002,#1003,#1004,#1005,#1006,#1007,
    #1008,#1009,#1010,#1011,#1012,#1013,#1014,#1015,#1016,#1017,#1018,
    #1019,#1020,#1021,#1022,#1023,#1024,#1025,#1026,#1027,#1028,#1029,
    #1030,#1031,#1032,#1033,#1034,#1035,#1036,#1037,#1038,#1039,#1040,
    #1041,#1042,#1043,#1044,#1045,#1046,#1047,#1048,#1049,#1050,#1051,
    #1052,#1053,#1054,#1055,#1056,#1057,#1058,#1059,#1060,#1061,#1062,
    #1063,#1064,#1065,#1066,#1067,#1068,#1069,#1070,#1071,#1072,#1073,
    #1074),.UNSPECIFIED.,.F.,.F.,(5,3,3,3,3,3,3,3,3,3,3,3,3,3,3,3,3,3,3,
    3,3,3,3,3,3,3,3,3,3,3,3,3,5),(0.,3.133937787724E-02,
    6.256955187456E-02,9.380011499172E-02,0.12503108338,0.156262473992,
    0.187494304628,0.218726593986,0.249959361714,0.28130221978,
    0.312536009146,0.343770342196,0.375005242989,0.40624073686,
    0.437476850498,0.468713612032,0.499951051121,0.531298807874,
    0.562537700328,0.593777369633,0.625017852626,0.656259188242,
    0.687501417651,0.718744584411,0.749988734631,0.781233917143,
    0.812480183693,0.843727589147,0.874976191709,0.90622605316,
    0.937477239115,0.968729819309,1.),.UNSPECIFIED.);
#977 = CARTESIAN_POINT('',(49.075748659118,-3.000032136325));
#978 = CARTESIAN_POINT('',(49.082357086931,-2.976519703031));
#979 = CARTESIAN_POINT('',(49.088965489237,-2.953007366616));
#980 = CARTESIAN_POINT('',(49.095573865526,-2.929495128967));
#981 = CARTESIAN_POINT('',(49.108767537821,-2.882552784564));
#982 = CARTESIAN_POINT('',(49.115352834012,-2.859122677109));
#983 = CARTESIAN_POINT('',(49.121938103305,-2.835692671657));
#984 = CARTESIAN_POINT('',(49.135108669034,-2.788832576933));
#985 = CARTESIAN_POINT('',(49.141693965471,-2.765402487663));
#986 = CARTESIAN_POINT('',(49.148279233897,-2.741972504505));
#987 = CARTESIAN_POINT('',(49.161449799019,-2.695112450671));
#988 = CARTESIAN_POINT('',(49.168035095714,-2.671682379999));
#989 = CARTESIAN_POINT('',(49.174620363232,-2.648252419746));
#990 = CARTESIAN_POINT('',(49.187790927719,-2.60139240784));
#991 = CARTESIAN_POINT('',(49.194376224687,-2.577962356189));
#992 = CARTESIAN_POINT('',(49.200961491253,-2.554532419478));
#993 = CARTESIAN_POINT('',(49.214132055076,-2.507672450571));
#994 = CARTESIAN_POINT('',(49.220717352332,-2.484242418378));
#995 = CARTESIAN_POINT('',(49.227302617899,-2.460812505869));
#996 = CARTESIAN_POINT('',(49.240473181028,-2.41395258107));
#997 = CARTESIAN_POINT('',(49.247058478588,-2.390522568784));
#998 = CARTESIAN_POINT('',(49.253643743107,-2.367092681163));
#999 = CARTESIAN_POINT('',(49.26681430551,-2.320232801621));
#1000 = CARTESIAN_POINT('',(49.273399603391,-2.296802809702));
#1001 = CARTESIAN_POINT('',(49.279984866811,-2.273372947683));
#1002 = CARTESIAN_POINT('',(49.293178535077,-2.226430903017));
#1003 = CARTESIAN_POINT('',(49.299786939674,-2.202918721307));
#1004 = CARTESIAN_POINT('',(49.306395308061,-2.179406675956));
#1005 = CARTESIAN_POINT('',(49.319588974772,-2.132464681906));
#1006 = CARTESIAN_POINT('',(49.326174273353,-2.109034732241));
#1007 = CARTESIAN_POINT('',(49.332759534403,-2.085604923774));
#1008 = CARTESIAN_POINT('',(49.345930094415,-2.038745187475));
#1009 = CARTESIAN_POINT('',(49.352515393375,-2.015315259648));
#1010 = CARTESIAN_POINT('',(49.359100653151,-1.9918854791));
#1011 = CARTESIAN_POINT('',(49.372271212292,-1.945025793076));
#1012 = CARTESIAN_POINT('',(49.378856511655,-1.921595887606));
#1013 = CARTESIAN_POINT('',(49.385441770092,-1.898166135812));
#1014 = CARTESIAN_POINT('',(49.398612328319,-1.851306501433));
#1015 = CARTESIAN_POINT('',(49.405197628108,-1.827876618853));
#1016 = CARTESIAN_POINT('',(49.411782885138,-1.804446896684));
#1017 = CARTESIAN_POINT('',(49.424953442409,-1.757587315368));
#1018 = CARTESIAN_POINT('',(49.43153874265,-1.734157456229));
#1019 = CARTESIAN_POINT('',(49.438123998199,-1.710727764591));
#1020 = CARTESIAN_POINT('',(49.451294554468,-1.663868237811));
#1021 = CARTESIAN_POINT('',(49.457879855187,-1.640438402676));
#1022 = CARTESIAN_POINT('',(49.464465109178,-1.617008742515));
#1023 = CARTESIAN_POINT('',(49.477635664398,-1.570149271798));
#1024 = CARTESIAN_POINT('',(49.484220965625,-1.546719461251));
#1025 = CARTESIAN_POINT('',(49.490806217976,-1.523289833552));
#1026 = CARTESIAN_POINT('',(49.503999878865,-1.47634820909));
#1027 = CARTESIAN_POINT('',(49.510608287048,-1.45283621365));
#1028 = CARTESIAN_POINT('',(49.517216643726,-1.42932441072));
#1029 = CARTESIAN_POINT('',(49.530410302379,-1.382382849691));
#1030 = CARTESIAN_POINT('',(49.53699560472,-1.358953090225));
#1031 = CARTESIAN_POINT('',(49.543580853518,-1.335523530705));
#1032 = CARTESIAN_POINT('',(49.556751405269,-1.288664238149));
#1033 = CARTESIAN_POINT('',(49.563336708219,-1.265234505124));
#1034 = CARTESIAN_POINT('',(49.5699219551,-1.241804981293));
#1035 = CARTESIAN_POINT('',(49.583092505582,-1.19494575152));
#1036 = CARTESIAN_POINT('',(49.589677809179,-1.17151604559));
#1037 = CARTESIAN_POINT('',(49.596263054039,-1.148086558621));
#1038 = CARTESIAN_POINT('',(49.609433603188,-1.101227393476));
#1039 = CARTESIAN_POINT('',(49.616018907475,-1.077797715313));
#1040 = CARTESIAN_POINT('',(49.622604150202,-1.054368266431));
#1041 = CARTESIAN_POINT('',(49.635774697953,-1.00750916783));
#1042 = CARTESIAN_POINT('',(49.642360002974,-0.984079518126));
#1043 = CARTESIAN_POINT('',(49.648945243451,-0.960650108613));
#1044 = CARTESIAN_POINT('',(49.662115789735,-0.913791078551));
#1045 = CARTESIAN_POINT('',(49.668701095538,-0.890361458019));
#1046 = CARTESIAN_POINT('',(49.675286333639,-0.866932089215));
#1047 = CARTESIAN_POINT('',(49.688456878383,-0.820073129766));
#1048 = CARTESIAN_POINT('',(49.695042185021,-0.796643539137));
#1049 = CARTESIAN_POINT('',(49.701627420613,-0.773214212448));
#1050 = CARTESIAN_POINT('',(49.714797963739,-0.726355325768));
#1051 = CARTESIAN_POINT('',(49.721383271267,-0.702925765798));
#1052 = CARTESIAN_POINT('',(49.727968504208,-0.679496482693));
#1053 = CARTESIAN_POINT('',(49.741139045635,-0.63263767103));
#1054 = CARTESIAN_POINT('',(49.747724354115,-0.609208142492));
#1055 = CARTESIAN_POINT('',(49.754309584254,-0.585778904515));
#1056 = CARTESIAN_POINT('',(49.767480123896,-0.538920170207));
#1057 = CARTESIAN_POINT('',(49.774065433393,-0.515490673898));
#1058 = CARTESIAN_POINT('',(49.780650660567,-0.492061482666));
#1059 = CARTESIAN_POINT('',(49.793821198334,-0.445202828148));
#1060 = CARTESIAN_POINT('',(49.80040650892,-0.421773364887));
#1061 = CARTESIAN_POINT('',(49.806991732958,-0.398344222098));
#1062 = CARTESIAN_POINT('',(49.820162268754,-0.351485649908));
#1063 = CARTESIAN_POINT('',(49.826747580504,-0.328056220536));
#1064 = CARTESIAN_POINT('',(49.833332801223,-0.304627127971));
#1065 = CARTESIAN_POINT('',(49.846503334948,-0.257768640755));
#1066 = CARTESIAN_POINT('',(49.853088647946,-0.234339246135));
#1067 = CARTESIAN_POINT('',(49.859673865149,-0.210910205667));
#1068 = CARTESIAN_POINT('',(49.872844396697,-0.164051806183));
#1069 = CARTESIAN_POINT('',(49.879429711033,-0.140622447202));
#1070 = CARTESIAN_POINT('',(49.886014924511,-0.1171934608));
#1071 = CARTESIAN_POINT('',(49.899188852905,-7.032305843436E-02));
#1072 = CARTESIAN_POINT('',(49.905777567706,-4.688164289787E-02));
#1073 = CARTESIAN_POINT('',(49.912366176147,-2.344061995616E-02));
#1074 = CARTESIAN_POINT('',(49.918954675371,0.));
#1075 = ( GEOMETRIC_REPRESENTATION_CONTEXT(2) 
PARAMETRIC_REPRESENTATION_CONTEXT() REPRESENTATION_CONTEXT('2D SPACE',''
  ) );
#1076 = ORIENTED_EDGE('',*,*,#1077,.F.);
#1077 = EDGE_CURVE('',#24,#765,#1078,.T.);
#1078 = SURFACE_CURVE('',#1079,(#1092,#1108),.PCURVE_S1.);
#1079 = B_SPLINE_CURVE_WITH_KNOTS('',6,(#1080,#1081,#1082,#1083,#1084,
    #1085,#1086,#1087,#1088,#1089,#1090,#1091),.UNSPECIFIED.,.F.,.F.,(7,
    5,7),(0.,0.485263851431,1.),.UNSPECIFIED.);
#1080 = CARTESIAN_POINT('',(18.,36.,-8.104553683323E-02));
#1081 = CARTESIAN_POINT('',(17.935911368079,36.,-8.104550963343E-02));
#1082 = CARTESIAN_POINT('',(17.871807111971,36.009857678793,
    -8.381620579057E-02));
#1083 = CARTESIAN_POINT('',(17.809697215524,36.029581707718,
    -8.936005947677E-02));
#1084 = CARTESIAN_POINT('',(17.751506749706,36.058579799477,
    -9.751058725144E-02));
#1085 = CARTESIAN_POINT('',(17.69888976685,36.095810447785,
    -0.107975041903));
#1086 = CARTESIAN_POINT('',(17.604592818242,36.186639288909,
    -0.133504367483));
#1087 = CARTESIAN_POINT('',(17.563751892236,36.241112751691,
    -0.148815249837));
#1088 = CARTESIAN_POINT('',(17.532125943091,36.301685569309,
    -0.165840461984));
#1089 = CARTESIAN_POINT('',(17.510708046872,36.366404219281,
    -0.184030921531));
#1090 = CARTESIAN_POINT('',(17.5,36.433204638173,-0.202806484194));
#1091 = CARTESIAN_POINT('',(17.5,36.5,-0.221580612061));
#1092 = PCURVE('',#48,#1093);
#1093 = DEFINITIONAL_REPRESENTATION('',(#1094),#1107);
#1094 = B_SPLINE_CURVE_WITH_KNOTS('',6,(#1095,#1096,#1097,#1098,#1099,
    #1100,#1101,#1102,#1103,#1104,#1105,#1106),.UNSPECIFIED.,.F.,.F.,(7,
    5,7),(0.,0.485263851431,1.),.UNSPECIFIED.);
#1095 = CARTESIAN_POINT('',(0.984016706686,0.960371878476));
#1096 = CARTESIAN_POINT('',(0.982293436763,0.960371891776));
#1097 = CARTESIAN_POINT('',(0.98004081824,0.959017128906));
#1098 = CARTESIAN_POINT('',(0.977320710767,0.956306399653));
#1099 = CARTESIAN_POINT('',(0.974234504107,0.952321107954));
#1100 = CARTESIAN_POINT('',(0.970901469911,0.947204395834));
#1101 = CARTESIAN_POINT('',(0.963769646539,0.93472154661));
#1102 = CARTESIAN_POINT('',(0.95995342622,0.92723511947));
#1103 = CARTESIAN_POINT('',(0.95613222952,0.918910451607));
#1104 = CARTESIAN_POINT('',(0.952440048188,0.910016022997));
#1105 = CARTESIAN_POINT('',(0.948986121472,0.900835501676));
#1106 = CARTESIAN_POINT('',(0.945857926356,0.891655681914));
#1107 = ( GEOMETRIC_REPRESENTATION_CONTEXT(2) 
PARAMETRIC_REPRESENTATION_CONTEXT() REPRESENTATION_CONTEXT('2D SPACE',''
  ) );
#1108 = PCURVE('',#188,#1109);
#1109 = DEFINITIONAL_REPRESENTATION('',(#1110),#1123);
#1110 = B_SPLINE_CURVE_WITH_KNOTS('',6,(#1111,#1112,#1113,#1114,#1115,
    #1116,#1117,#1118,#1119,#1120,#1121,#1122),.UNSPECIFIED.,.F.,.F.,(7,
    5,7),(0.,0.485263851431,1.),.UNSPECIFIED.);
#1111 = CARTESIAN_POINT('',(0.,21.918954463167));
#1112 = CARTESIAN_POINT('',(-0.128177263841,21.918954490367));
#1113 = CARTESIAN_POINT('',(-0.256384965498,21.916183794209));
#1114 = CARTESIAN_POINT('',(-0.384399260232,21.910639940523));
#1115 = CARTESIAN_POINT('',(-0.512150193727,21.902489412749));
#1116 = CARTESIAN_POINT('',(-0.639598605302,21.892024958097));
#1117 = CARTESIAN_POINT('',(-0.901451945145,21.866495632517));
#1118 = CARTESIAN_POINT('',(-1.035861117204,21.851184750163));
#1119 = CARTESIAN_POINT('',(-1.169872687257,21.834159538016));
#1120 = CARTESIAN_POINT('',(-1.303605629522,21.815969078469));
#1121 = CARTESIAN_POINT('',(-1.437205603141,21.797193515806));
#1122 = CARTESIAN_POINT('',(-1.570796326795,21.778419387939));
#1123 = ( GEOMETRIC_REPRESENTATION_CONTEXT(2) 
PARAMETRIC_REPRESENTATION_CONTEXT() REPRESENTATION_CONTEXT('2D SPACE',''
  ) );
#1124 = ADVANCED_FACE('',(#1125),#188,.F.);
#1125 = FACE_BOUND('',#1126,.T.);
#1126 = EDGE_LOOP('',(#1127,#1155,#1188,#1209,#1210));
#1127 = ORIENTED_EDGE('',*,*,#1128,.T.);
#1128 = EDGE_CURVE('',#129,#1129,#1131,.T.);
#1129 = VERTEX_POINT('',#1130);
#1130 = CARTESIAN_POINT('',(18.,36.,-22.));
#1131 = SURFACE_CURVE('',#1132,(#1136,#1143),.PCURVE_S1.);
#1132 = LINE('',#1133,#1134);
#1133 = CARTESIAN_POINT('',(18.,36.,-22.));
#1134 = VECTOR('',#1135,1.);
#1135 = DIRECTION('',(-0.,-0.,-1.));
#1136 = PCURVE('',#188,#1137);
#1137 = DEFINITIONAL_REPRESENTATION('',(#1138),#1142);
#1138 = LINE('',#1139,#1140);
#1139 = CARTESIAN_POINT('',(-4.973799150321E-14,0.));
#1140 = VECTOR('',#1141,1.);
#1141 = DIRECTION('',(-0.,-1.));
#1142 = ( GEOMETRIC_REPRESENTATION_CONTEXT(2) 
PARAMETRIC_REPRESENTATION_CONTEXT() REPRESENTATION_CONTEXT('2D SPACE',''
  ) );
#1143 = PCURVE('',#1144,#1149);
#1144 = PLANE('',#1145);
#1145 = AXIS2_PLACEMENT_3D('',#1146,#1147,#1148);
#1146 = CARTESIAN_POINT('',(18.,90.812723247312,-42.));
#1147 = DIRECTION('',(-1.,4.86533014036E-16,0.));
#1148 = DIRECTION('',(-4.86533014036E-16,-1.,0.));
#1149 = DEFINITIONAL_REPRESENTATION('',(#1150),#1154);
#1150 = LINE('',#1151,#1152);
#1151 = CARTESIAN_POINT('',(54.812723247312,20.));
#1152 = VECTOR('',#1153,1.);
#1153 = DIRECTION('',(0.,-1.));
#1154 = ( GEOMETRIC_REPRESENTATION_CONTEXT(2) 
PARAMETRIC_REPRESENTATION_CONTEXT() REPRESENTATION_CONTEXT('2D SPACE',''
  ) );
#1155 = ORIENTED_EDGE('',*,*,#1156,.T.);
#1156 = EDGE_CURVE('',#1129,#1157,#1159,.T.);
#1157 = VERTEX_POINT('',#1158);
#1158 = CARTESIAN_POINT('',(17.5,36.5,-22.));
#1159 = SURFACE_CURVE('',#1160,(#1165,#1172),.PCURVE_S1.);
#1160 = CIRCLE('',#1161,0.5);
#1161 = AXIS2_PLACEMENT_3D('',#1162,#1163,#1164);
#1162 = CARTESIAN_POINT('',(18.,36.5,-22.));
#1163 = DIRECTION('',(-0.,-0.,-1.));
#1164 = DIRECTION('',(0.,-1.,0.));
#1165 = PCURVE('',#188,#1166);
#1166 = DEFINITIONAL_REPRESENTATION('',(#1167),#1171);
#1167 = LINE('',#1168,#1169);
#1168 = CARTESIAN_POINT('',(-0.,0.));
#1169 = VECTOR('',#1170,1.);
#1170 = DIRECTION('',(-1.,0.));
#1171 = ( GEOMETRIC_REPRESENTATION_CONTEXT(2) 
PARAMETRIC_REPRESENTATION_CONTEXT() REPRESENTATION_CONTEXT('2D SPACE',''
  ) );
#1172 = PCURVE('',#1173,#1178);
#1173 = PLANE('',#1174);
#1174 = AXIS2_PLACEMENT_3D('',#1175,#1176,#1177);
#1175 = CARTESIAN_POINT('',(-20.,25.5,-22.));
#1176 = DIRECTION('',(0.,0.,1.));
#1177 = DIRECTION('',(1.,0.,-0.));
#1178 = DEFINITIONAL_REPRESENTATION('',(#1179),#1187);
#1179 = ( BOUNDED_CURVE() B_SPLINE_CURVE(2,(#1180,#1181,#1182,#1183,
#1184,#1185,#1186),.UNSPECIFIED.,.T.,.F.) B_SPLINE_CURVE_WITH_KNOTS((1,2
    ,2,2,2,1),(-2.094395102393,0.,2.094395102393,4.188790204786,
6.28318530718,8.377580409573),.UNSPECIFIED.) CURVE() 
GEOMETRIC_REPRESENTATION_ITEM() RATIONAL_B_SPLINE_CURVE((1.,0.5,1.,0.5,
1.,0.5,1.)) REPRESENTATION_ITEM('') );
#1180 = CARTESIAN_POINT('',(38.,10.5));
#1181 = CARTESIAN_POINT('',(37.133974596216,10.5));
#1182 = CARTESIAN_POINT('',(37.566987298108,11.25));
#1183 = CARTESIAN_POINT('',(38.,12.));
#1184 = CARTESIAN_POINT('',(38.433012701892,11.25));
#1185 = CARTESIAN_POINT('',(38.866025403784,10.5));
#1186 = CARTESIAN_POINT('',(38.,10.5));
#1187 = ( GEOMETRIC_REPRESENTATION_CONTEXT(2) 
PARAMETRIC_REPRESENTATION_CONTEXT() REPRESENTATION_CONTEXT('2D SPACE',''
  ) );
#1188 = ORIENTED_EDGE('',*,*,#1189,.T.);
#1189 = EDGE_CURVE('',#1157,#765,#1190,.T.);
#1190 = SURFACE_CURVE('',#1191,(#1195,#1202),.PCURVE_S1.);
#1191 = LINE('',#1192,#1193);
#1192 = CARTESIAN_POINT('',(17.5,36.5,-22.));
#1193 = VECTOR('',#1194,1.);
#1194 = DIRECTION('',(0.,0.,1.));
#1195 = PCURVE('',#188,#1196);
#1196 = DEFINITIONAL_REPRESENTATION('',(#1197),#1201);
#1197 = LINE('',#1198,#1199);
#1198 = CARTESIAN_POINT('',(-1.570796326795,0.));
#1199 = VECTOR('',#1200,1.);
#1200 = DIRECTION('',(-0.,1.));
#1201 = ( GEOMETRIC_REPRESENTATION_CONTEXT(2) 
PARAMETRIC_REPRESENTATION_CONTEXT() REPRESENTATION_CONTEXT('2D SPACE',''
  ) );
#1202 = PCURVE('',#970,#1203);
#1203 = DEFINITIONAL_REPRESENTATION('',(#1204),#1208);
#1204 = LINE('',#1205,#1206);
#1205 = CARTESIAN_POINT('',(28.,-0.5));
#1206 = VECTOR('',#1207,1.);
#1207 = DIRECTION('',(1.,0.));
#1208 = ( GEOMETRIC_REPRESENTATION_CONTEXT(2) 
PARAMETRIC_REPRESENTATION_CONTEXT() REPRESENTATION_CONTEXT('2D SPACE',''
  ) );
#1209 = ORIENTED_EDGE('',*,*,#1077,.F.);
#1210 = ORIENTED_EDGE('',*,*,#174,.F.);
#1211 = ADVANCED_FACE('',(#1212),#148,.F.);
#1212 = FACE_BOUND('',#1213,.F.);
#1213 = EDGE_LOOP('',(#1214,#1215,#1235));
#1214 = ORIENTED_EDGE('',*,*,#128,.F.);
#1215 = ORIENTED_EDGE('',*,*,#1216,.F.);
#1216 = EDGE_CURVE('',#205,#129,#1217,.T.);
#1217 = SURFACE_CURVE('',#1218,(#1222,#1228),.PCURVE_S1.);
#1218 = LINE('',#1219,#1220);
#1219 = CARTESIAN_POINT('',(18.,35.71165708246,0.));
#1220 = VECTOR('',#1221,1.);
#1221 = DIRECTION('',(0.,0.258819045103,-0.965925826289));
#1222 = PCURVE('',#148,#1223);
#1223 = DEFINITIONAL_REPRESENTATION('',(#1224),#1227);
#1224 = B_SPLINE_CURVE_WITH_KNOTS('',1,(#1225,#1226),.UNSPECIFIED.,.F.,
  .F.,(2,2),(0.,22.776075969022),.PIECEWISE_BEZIER_KNOTS.);
#1225 = CARTESIAN_POINT('',(1.,18.268776031355));
#1226 = CARTESIAN_POINT('',(1.,15.991168434043));
#1227 = ( GEOMETRIC_REPRESENTATION_CONTEXT(2) 
PARAMETRIC_REPRESENTATION_CONTEXT() REPRESENTATION_CONTEXT('2D SPACE',''
  ) );
#1228 = PCURVE('',#1144,#1229);
#1229 = DEFINITIONAL_REPRESENTATION('',(#1230),#1234);
#1230 = LINE('',#1231,#1232);
#1231 = CARTESIAN_POINT('',(55.101066164851,42.));
#1232 = VECTOR('',#1233,1.);
#1233 = DIRECTION('',(-0.258819045103,-0.965925826289));
#1234 = ( GEOMETRIC_REPRESENTATION_CONTEXT(2) 
PARAMETRIC_REPRESENTATION_CONTEXT() REPRESENTATION_CONTEXT('2D SPACE',''
  ) );
#1235 = ORIENTED_EDGE('',*,*,#204,.F.);
#1236 = ADVANCED_FACE('',(#1237),#970,.T.);
#1237 = FACE_BOUND('',#1238,.T.);
#1238 = EDGE_LOOP('',(#1239,#1240,#1241,#1262,#1290,#1417,#1457));
#1239 = ORIENTED_EDGE('',*,*,#764,.T.);
#1240 = ORIENTED_EDGE('',*,*,#1189,.F.);
#1241 = ORIENTED_EDGE('',*,*,#1242,.T.);
#1242 = EDGE_CURVE('',#1157,#1243,#1245,.T.);
#1243 = VERTEX_POINT('',#1244);
#1244 = CARTESIAN_POINT('',(17.5,41.5,-22.));
#1245 = SURFACE_CURVE('',#1246,(#1250,#1256),.PCURVE_S1.);
#1246 = LINE('',#1247,#1248);
#1247 = CARTESIAN_POINT('',(17.5,30.75,-22.));
#1248 = VECTOR('',#1249,1.);
#1249 = DIRECTION('',(0.,1.,0.));
#1250 = PCURVE('',#970,#1251);
#1251 = DEFINITIONAL_REPRESENTATION('',(#1252),#1255);
#1252 = B_SPLINE_CURVE_WITH_KNOTS('',1,(#1253,#1254),.UNSPECIFIED.,.F.,
  .F.,(2,2),(5.25,11.25),.PIECEWISE_BEZIER_KNOTS.);
#1253 = CARTESIAN_POINT('',(28.,0.));
#1254 = CARTESIAN_POINT('',(28.,-6.));
#1255 = ( GEOMETRIC_REPRESENTATION_CONTEXT(2) 
PARAMETRIC_REPRESENTATION_CONTEXT() REPRESENTATION_CONTEXT('2D SPACE',''
  ) );
#1256 = PCURVE('',#1173,#1257);
#1257 = DEFINITIONAL_REPRESENTATION('',(#1258),#1261);
#1258 = B_SPLINE_CURVE_WITH_KNOTS('',1,(#1259,#1260),.UNSPECIFIED.,.F.,
  .F.,(2,2),(5.25,11.25),.PIECEWISE_BEZIER_KNOTS.);
#1259 = CARTESIAN_POINT('',(37.5,10.5));
#1260 = CARTESIAN_POINT('',(37.5,16.5));
#1261 = ( GEOMETRIC_REPRESENTATION_CONTEXT(2) 
PARAMETRIC_REPRESENTATION_CONTEXT() REPRESENTATION_CONTEXT('2D SPACE',''
  ) );
#1262 = ORIENTED_EDGE('',*,*,#1263,.F.);
#1263 = EDGE_CURVE('',#1264,#1243,#1266,.T.);
#1264 = VERTEX_POINT('',#1265);
#1265 = CARTESIAN_POINT('',(17.5,41.5,-1.626888743972));
#1266 = SURFACE_CURVE('',#1267,(#1271,#1278),.PCURVE_S1.);
#1267 = LINE('',#1268,#1269);
#1268 = CARTESIAN_POINT('',(17.5,41.5,-1.767416870321));
#1269 = VECTOR('',#1270,1.);
#1270 = DIRECTION('',(0.,0.,-1.));
#1271 = PCURVE('',#970,#1272);
#1272 = DEFINITIONAL_REPRESENTATION('',(#1273),#1277);
#1273 = LINE('',#1274,#1275);
#1274 = CARTESIAN_POINT('',(48.232583129679,-5.5));
#1275 = VECTOR('',#1276,1.);
#1276 = DIRECTION('',(-1.,0.));
#1277 = ( GEOMETRIC_REPRESENTATION_CONTEXT(2) 
PARAMETRIC_REPRESENTATION_CONTEXT() REPRESENTATION_CONTEXT('2D SPACE',''
  ) );
#1278 = PCURVE('',#1279,#1284);
#1279 = CYLINDRICAL_SURFACE('',#1280,0.5);
#1280 = AXIS2_PLACEMENT_3D('',#1281,#1282,#1283);
#1281 = CARTESIAN_POINT('',(17.,41.5,-1.767416870321));
#1282 = DIRECTION('',(0.,0.,-1.));
#1283 = DIRECTION('',(1.,-0.,0.));
#1284 = DEFINITIONAL_REPRESENTATION('',(#1285),#1289);
#1285 = LINE('',#1286,#1287);
#1286 = CARTESIAN_POINT('',(-0.,0.));
#1287 = VECTOR('',#1288,1.);
#1288 = DIRECTION('',(-0.,1.));
#1289 = ( GEOMETRIC_REPRESENTATION_CONTEXT(2) 
PARAMETRIC_REPRESENTATION_CONTEXT() REPRESENTATION_CONTEXT('2D SPACE',''
  ) );
#1290 = ORIENTED_EDGE('',*,*,#1291,.T.);
#1291 = EDGE_CURVE('',#1264,#1292,#1294,.T.);
#1292 = VERTEX_POINT('',#1293);
#1293 = CARTESIAN_POINT('',(17.5,39.388753744673,-1.033505650551));
#1294 = SURFACE_CURVE('',#1295,(#1310,#1328),.PCURVE_S1.);
#1295 = B_SPLINE_CURVE_WITH_KNOTS('',4,(#1296,#1297,#1298,#1299,#1300,
    #1301,#1302,#1303,#1304,#1305,#1306,#1307,#1308,#1309),
  .UNSPECIFIED.,.F.,.F.,(5,3,3,3,5),(0.,0.250981056606,0.499971538119,
    0.749974258577,1.),.UNSPECIFIED.);
#1296 = CARTESIAN_POINT('',(17.5,42.000074910844,-1.767437924459));
#1297 = CARTESIAN_POINT('',(17.5,41.811817907219,-1.714527174782));
#1298 = CARTESIAN_POINT('',(17.5,41.623562950202,-1.661616943737));
#1299 = CARTESIAN_POINT('',(17.5,41.435310291734,-1.608707297905));
#1300 = CARTESIAN_POINT('',(17.5,41.06030330379,-1.503308989955));
#1301 = CARTESIAN_POINT('',(17.5,40.8735489344,-1.450820317653));
#1302 = CARTESIAN_POINT('',(17.5,40.686797501729,-1.398332400697));
#1303 = CARTESIAN_POINT('',(17.5,40.312542235211,-1.293144945718));
#1304 = CARTESIAN_POINT('',(17.5,40.125038431915,-1.240445415648));
#1305 = CARTESIAN_POINT('',(17.5,39.937538524463,-1.187746897219));
#1306 = CARTESIAN_POINT('',(17.5,39.562530552724,-1.082347385185));
#1307 = CARTESIAN_POINT('',(17.5,39.375022493818,-1.029646393059));
#1308 = CARTESIAN_POINT('',(17.5,39.187519648425,-0.976946766921));
#1309 = CARTESIAN_POINT('',(17.5,39.000022960947,-0.924248762041));
#1310 = PCURVE('',#970,#1311);
#1311 = DEFINITIONAL_REPRESENTATION('',(#1312),#1327);
#1312 = B_SPLINE_CURVE_WITH_KNOTS('',4,(#1313,#1314,#1315,#1316,#1317,
    #1318,#1319,#1320,#1321,#1322,#1323,#1324,#1325,#1326),
  .UNSPECIFIED.,.F.,.F.,(5,3,3,3,5),(0.,0.250981056606,0.499971538119,
    0.749974258577,1.),.UNSPECIFIED.);
#1313 = CARTESIAN_POINT('',(48.232562075541,-6.000074910844));
#1314 = CARTESIAN_POINT('',(48.285472825218,-5.811817907219));
#1315 = CARTESIAN_POINT('',(48.338383056263,-5.623562950202));
#1316 = CARTESIAN_POINT('',(48.391292702095,-5.435310291734));
#1317 = CARTESIAN_POINT('',(48.496691010045,-5.06030330379));
#1318 = CARTESIAN_POINT('',(48.549179682347,-4.8735489344));
#1319 = CARTESIAN_POINT('',(48.601667599303,-4.686797501729));
#1320 = CARTESIAN_POINT('',(48.706855054282,-4.312542235211));
#1321 = CARTESIAN_POINT('',(48.759554584352,-4.125038431915));
#1322 = CARTESIAN_POINT('',(48.812253102781,-3.937538524463));
#1323 = CARTESIAN_POINT('',(48.917652614815,-3.562530552724));
#1324 = CARTESIAN_POINT('',(48.970353606941,-3.375022493818));
#1325 = CARTESIAN_POINT('',(49.023053233079,-3.187519648425));
#1326 = CARTESIAN_POINT('',(49.075751237959,-3.000022960947));
#1327 = ( GEOMETRIC_REPRESENTATION_CONTEXT(2) 
PARAMETRIC_REPRESENTATION_CONTEXT() REPRESENTATION_CONTEXT('2D SPACE',''
  ) );
#1328 = PCURVE('',#1329,#1400);
#1329 = B_SPLINE_SURFACE_WITH_KNOTS('',3,3,(
    (#1330,#1331,#1332,#1333,#1334,#1335,#1336)
    ,(#1337,#1338,#1339,#1340,#1341,#1342,#1343)
    ,(#1344,#1345,#1346,#1347,#1348,#1349,#1350)
    ,(#1351,#1352,#1353,#1354,#1355,#1356,#1357)
    ,(#1358,#1359,#1360,#1361,#1362,#1363,#1364)
    ,(#1365,#1366,#1367,#1368,#1369,#1370,#1371)
    ,(#1372,#1373,#1374,#1375,#1376,#1377,#1378)
    ,(#1379,#1380,#1381,#1382,#1383,#1384,#1385)
    ,(#1386,#1387,#1388,#1389,#1390,#1391,#1392)
    ,(#1393,#1394,#1395,#1396,#1397,#1398,#1399
  )),.UNSPECIFIED.,.F.,.F.,.F.,(4,3,3,4),(4,3,4),(-1.E-02,0.,1.,1.01),(
    -0.917036245606,0.,1.),.UNSPECIFIED.);
#1330 = CARTESIAN_POINT('',(-47.69154551054,49.663134237744,
    -3.920630746017));
#1331 = CARTESIAN_POINT('',(-43.01470911849,47.43851793911,
    -3.295471204741));
#1332 = CARTESIAN_POINT('',(-38.33787272644,45.213901640476,
    -2.670311663465));
#1333 = CARTESIAN_POINT('',(-33.6610363344,42.989285341842,
    -2.04515212219));
#1334 = CARTESIAN_POINT('',(-28.56108917915,40.563409255382,
    -1.363434748127));
#1335 = CARTESIAN_POINT('',(-23.46114202389,38.137533168921,
    -0.681717374063));
#1336 = CARTESIAN_POINT('',(-18.36119486864,35.71165708246,
    7.082207532153E-21));
#1337 = CARTESIAN_POINT('',(-47.37983940259,49.663125182544,
    -3.920630746017));
#1338 = CARTESIAN_POINT('',(-42.73357065258,47.438510327796,
    -3.295471204741));
#1339 = CARTESIAN_POINT('',(-38.08730190258,45.213895473048,
    -2.670311663465));
#1340 = CARTESIAN_POINT('',(-33.44103315257,42.9892806183,-2.04515212219
    ));
#1341 = CARTESIAN_POINT('',(-28.37441907677,40.563406106354,
    -1.363434748127));
#1342 = CARTESIAN_POINT('',(-23.30780500097,38.137531594407,
    -0.681717374063));
#1343 = CARTESIAN_POINT('',(-18.24119092518,35.71165708246,
    6.980560238241E-21));
#1344 = CARTESIAN_POINT('',(-47.06813329464,49.663116127343,
    -3.920630746017));
#1345 = CARTESIAN_POINT('',(-42.45243218668,47.438502716482,
    -3.295471204741));
#1346 = CARTESIAN_POINT('',(-37.83673107871,45.21388930562,
    -2.670311663465));
#1347 = CARTESIAN_POINT('',(-33.22102997074,42.989275894759,
    -2.04515212219));
#1348 = CARTESIAN_POINT('',(-28.1877489744,40.563402957326,
    -1.363434748127));
#1349 = CARTESIAN_POINT('',(-23.15446797806,38.137530019893,
    -0.681717374063));
#1350 = CARTESIAN_POINT('',(-18.12118698172,35.71165708246,
    6.87891294433E-21));
#1351 = CARTESIAN_POINT('',(-46.7564271867,49.663107072142,
    -3.920630746017));
#1352 = CARTESIAN_POINT('',(-42.17129372077,47.438495105167,
    -3.295471204741));
#1353 = CARTESIAN_POINT('',(-37.58616025484,45.213883138192,
    -2.670311663465));
#1354 = CARTESIAN_POINT('',(-33.00102678891,42.989271171217,
    -2.04515212219));
#1355 = CARTESIAN_POINT('',(-28.00107887203,40.563399808298,
    -1.363434748127));
#1356 = CARTESIAN_POINT('',(-23.00113095514,38.137528445379,
    -0.681717374063));
#1357 = CARTESIAN_POINT('',(-18.00118303825,35.71165708246,
    6.777265650418E-21));
#1358 = CARTESIAN_POINT('',(-15.58581639206,49.662201552086,
    -3.920630746017));
#1359 = CARTESIAN_POINT('',(-14.05744713003,47.437733973741,
    -3.295471204741));
#1360 = CARTESIAN_POINT('',(-12.529077868,45.213266395397,
    -2.670311663465));
#1361 = CARTESIAN_POINT('',(-11.00070860597,42.988798817052,
    -2.04515212219));
#1362 = CARTESIAN_POINT('',(-9.33406863471,40.563084905521,
    -1.363434748127));
#1363 = CARTESIAN_POINT('',(-7.667428663442,38.137370993991,
    -0.681717374063));
#1364 = CARTESIAN_POINT('',(-6.000788692173,35.71165708246,
    -3.387463740762E-21));
#1365 = CARTESIAN_POINT('',(15.584794402563,49.661296032031,
    -3.920630746017));
#1366 = CARTESIAN_POINT('',(14.056399460695,47.436972842316,
    -3.295471204741));
#1367 = CARTESIAN_POINT('',(12.528004518826,45.212649652601,
    -2.670311663465));
#1368 = CARTESIAN_POINT('',(10.999609576958,42.988326462886,
    -2.04515212219));
#1369 = CARTESIAN_POINT('',(9.33294160261,40.562770002744,
    -1.363434748127));
#1370 = CARTESIAN_POINT('',(7.666273628262,38.137213542602,
    -0.681717374063));
#1371 = CARTESIAN_POINT('',(5.999605653914,35.71165708246,
    -1.355219313194E-20));
#1372 = CARTESIAN_POINT('',(46.755405197196,49.660390511975,
    -3.920630746017));
#1373 = CARTESIAN_POINT('',(42.170246051429,47.43621171089,
    -3.295471204741));
#1374 = CARTESIAN_POINT('',(37.585086905662,45.212032909805,
    -2.670311663465));
#1375 = CARTESIAN_POINT('',(32.999927759895,42.987854108721,
    -2.04515212219));
#1376 = CARTESIAN_POINT('',(27.99995183993,40.562455099967,
    -1.363434748127));
#1377 = CARTESIAN_POINT('',(22.999975919965,38.137056091214,
    -0.681717374063));
#1378 = CARTESIAN_POINT('',(18.,35.71165708246,-2.371692252312E-20));
#1379 = CARTESIAN_POINT('',(47.067111305142,49.660381456774,
    -3.920630746017));
#1380 = CARTESIAN_POINT('',(42.451384517336,47.436204099576,
    -3.295471204741));
#1381 = CARTESIAN_POINT('',(37.83565772953,45.212026742378,
    -2.670311663465));
#1382 = CARTESIAN_POINT('',(33.219930941724,42.987849385179,
    -2.04515212219));
#1383 = CARTESIAN_POINT('',(28.186621942303,40.562451950939,
    -1.363434748127));
#1384 = CARTESIAN_POINT('',(23.153312942882,38.1370545167,
    -0.681717374063));
#1385 = CARTESIAN_POINT('',(18.120003943461,35.71165708246,
    -2.381856981703E-20));
#1386 = CARTESIAN_POINT('',(47.378817413088,49.660372401574,
    -3.920630746017));
#1387 = CARTESIAN_POINT('',(42.732522983243,47.436196488262,
    -3.295471204741));
#1388 = CARTESIAN_POINT('',(38.086228553398,45.212020574949,
    -2.670311663465));
#1389 = CARTESIAN_POINT('',(33.439934123553,42.987844661637,
    -2.04515212219));
#1390 = CARTESIAN_POINT('',(28.373292044676,40.562448801912,
    -1.363434748127));
#1391 = CARTESIAN_POINT('',(23.306649965799,38.137052942186,
    -0.681717374063));
#1392 = CARTESIAN_POINT('',(18.240007886922,35.71165708246,
    -2.392021711094E-20));
#1393 = CARTESIAN_POINT('',(47.690523521035,49.660363346373,
    -3.920630746017));
#1394 = CARTESIAN_POINT('',(43.013661449151,47.436188876947,
    -3.295471204741));
#1395 = CARTESIAN_POINT('',(38.336799377267,45.212014407522,
    -2.670311663465));
#1396 = CARTESIAN_POINT('',(33.659937305383,42.987839938096,
    -2.04515212219));
#1397 = CARTESIAN_POINT('',(28.559962147049,40.562445652884,
    -1.363434748127));
#1398 = CARTESIAN_POINT('',(23.459986988716,38.137051367672,
    -0.681717374063));
#1399 = CARTESIAN_POINT('',(18.360011830383,35.71165708246,
    -2.402186440486E-20));
#1400 = DEFINITIONAL_REPRESENTATION('',(#1401),#1416);
#1401 = B_SPLINE_CURVE_WITH_KNOTS('',4,(#1402,#1403,#1404,#1405,#1406,
    #1407,#1408,#1409,#1410,#1411,#1412,#1413,#1414,#1415),
  .UNSPECIFIED.,.F.,.F.,(5,3,3,3,5),(0.,0.250981056606,0.499971538119,
    0.749974258577,1.),.UNSPECIFIED.);
#1402 = CARTESIAN_POINT('',(0.782598655097,0.135791462511));
#1403 = CARTESIAN_POINT('',(0.786140477255,0.161662765239));
#1404 = CARTESIAN_POINT('',(0.789800645428,0.187533814376));
#1405 = CARTESIAN_POINT('',(0.793588001236,0.213404577366));
#1406 = CARTESIAN_POINT('',(0.801407684589,0.264940258652));
#1407 = CARTESIAN_POINT('',(0.805437850783,0.290605181927));
#1408 = CARTESIAN_POINT('',(0.809614503306,0.316269735867));
#1409 = CARTESIAN_POINT('',(0.818304694212,0.367702318235));
#1410 = CARTESIAN_POINT('',(0.822819560602,0.393470342773));
#1411 = CARTESIAN_POINT('',(0.8275086657,0.419237872659));
#1412 = CARTESIAN_POINT('',(0.837269189376,0.470774142695));
#1413 = CARTESIAN_POINT('',(0.84234068197,0.496542882122));
#1414 = CARTESIAN_POINT('',(0.847619847925,0.522310953635));
#1415 = CARTESIAN_POINT('',(0.853127926105,0.548078232415));
#1416 = ( GEOMETRIC_REPRESENTATION_CONTEXT(2) 
PARAMETRIC_REPRESENTATION_CONTEXT() REPRESENTATION_CONTEXT('2D SPACE',''
  ) );
#1417 = ORIENTED_EDGE('',*,*,#1418,.T.);
#1418 = EDGE_CURVE('',#1292,#1419,#1421,.T.);
#1419 = VERTEX_POINT('',#1420);
#1420 = CARTESIAN_POINT('',(17.5,39.384970628472,-0.929676062288));
#1421 = SURFACE_CURVE('',#1422,(#1428,#1437),.PCURVE_S1.);
#1422 = B_SPLINE_CURVE_WITH_KNOTS('',4,(#1423,#1424,#1425,#1426,#1427),
  .UNSPECIFIED.,.F.,.F.,(5,5),(0.,1.),.PIECEWISE_BEZIER_KNOTS.);
#1423 = CARTESIAN_POINT('',(17.5,39.401629113388,-1.40754454149));
#1424 = CARTESIAN_POINT('',(17.5,39.397704987175,-1.288068678097));
#1425 = CARTESIAN_POINT('',(17.5,39.393620344777,-1.168598142595));
#1426 = CARTESIAN_POINT('',(17.5,39.389375416151,-1.049133249241));
#1427 = CARTESIAN_POINT('',(17.5,39.384970436571,-0.92967430945));
#1428 = PCURVE('',#970,#1429);
#1429 = DEFINITIONAL_REPRESENTATION('',(#1430),#1436);
#1430 = B_SPLINE_CURVE_WITH_KNOTS('',4,(#1431,#1432,#1433,#1434,#1435),
  .UNSPECIFIED.,.F.,.F.,(5,5),(0.,1.),.PIECEWISE_BEZIER_KNOTS.);
#1431 = CARTESIAN_POINT('',(48.59245545851,-3.401629113388));
#1432 = CARTESIAN_POINT('',(48.711931321903,-3.397704987175));
#1433 = CARTESIAN_POINT('',(48.831401857405,-3.393620344777));
#1434 = CARTESIAN_POINT('',(48.950866750759,-3.389375416151));
#1435 = CARTESIAN_POINT('',(49.07032569055,-3.384970436571));
#1436 = ( GEOMETRIC_REPRESENTATION_CONTEXT(2) 
PARAMETRIC_REPRESENTATION_CONTEXT() REPRESENTATION_CONTEXT('2D SPACE',''
  ) );
#1437 = PCURVE('',#1438,#1449);
#1438 = B_SPLINE_SURFACE_WITH_KNOTS('',4,1,(
    (#1439,#1440)
    ,(#1441,#1442)
    ,(#1443,#1444)
    ,(#1445,#1446)
    ,(#1447,#1448
    )),.UNSPECIFIED.,.F.,.F.,.F.,(5,5),(2,2),(0.137174343061,1.),(0.,1.)
  ,.PIECEWISE_BEZIER_KNOTS.);
#1439 = CARTESIAN_POINT('',(19.649064771647,39.,-0.924248347749));
#1440 = CARTESIAN_POINT('',(10.649064771647,40.612205446226,
    -0.946971560166));
#1441 = CARTESIAN_POINT('',(19.249068494444,39.,-3.763019525512));
#1442 = CARTESIAN_POINT('',(10.249068494444,41.346933491719,
    -3.689013955692));
#1443 = CARTESIAN_POINT('',(18.840997349887,39.,-6.600651326409));
#1444 = CARTESIAN_POINT('',(9.840997349887,42.08136664478,
    -6.429955797677));
#1445 = CARTESIAN_POINT('',(18.424698854591,39.,-9.437087113139));
#1446 = CARTESIAN_POINT('',(9.424698854591,42.815490246596,
    -9.16974237869));
#1447 = CARTESIAN_POINT('',(18.,39.,-12.27226284096));
#1448 = CARTESIAN_POINT('',(9.,43.54928772117,-11.90831183626));
#1449 = DEFINITIONAL_REPRESENTATION('',(#1450),#1456);
#1450 = B_SPLINE_CURVE_WITH_KNOTS('',4,(#1451,#1452,#1453,#1454,#1455),
  .UNSPECIFIED.,.F.,.F.,(5,5),(0.,1.),.PIECEWISE_BEZIER_KNOTS.);
#1451 = CARTESIAN_POINT('',(0.173788167017,0.231231383647));
#1452 = CARTESIAN_POINT('',(0.164636214059,0.233121896924));
#1453 = CARTESIAN_POINT('',(0.155483241765,0.235011003088));
#1454 = CARTESIAN_POINT('',(0.146329276149,0.236898697255));
#1455 = CARTESIAN_POINT('',(0.137174343061,0.238784974627));
#1456 = ( GEOMETRIC_REPRESENTATION_CONTEXT(2) 
PARAMETRIC_REPRESENTATION_CONTEXT() REPRESENTATION_CONTEXT('2D SPACE',''
  ) );
#1457 = ORIENTED_EDGE('',*,*,#1458,.F.);
#1458 = EDGE_CURVE('',#391,#1419,#1459,.T.);
#1459 = SURFACE_CURVE('',#1460,(#1466,#1475),.PCURVE_S1.);
#1460 = B_SPLINE_CURVE_WITH_KNOTS('',4,(#1461,#1462,#1463,#1464,#1465),
  .UNSPECIFIED.,.F.,.F.,(5,5),(0.,1.),.PIECEWISE_BEZIER_KNOTS.);
#1461 = CARTESIAN_POINT('',(17.5,39.,-0.924242308614));
#1462 = CARTESIAN_POINT('',(17.5,39.096242622648,-0.925600764113));
#1463 = CARTESIAN_POINT('',(17.5,39.192485268276,-0.926959208225));
#1464 = CARTESIAN_POINT('',(17.5,39.288727936884,-0.92831764095));
#1465 = CARTESIAN_POINT('',(17.5,39.384970628472,-0.929676062288));
#1466 = PCURVE('',#970,#1467);
#1467 = DEFINITIONAL_REPRESENTATION('',(#1468),#1474);
#1468 = B_SPLINE_CURVE_WITH_KNOTS('',4,(#1469,#1470,#1471,#1472,#1473),
  .UNSPECIFIED.,.F.,.F.,(5,5),(0.,1.),.PIECEWISE_BEZIER_KNOTS.);
#1469 = CARTESIAN_POINT('',(49.075757691386,-3.));
#1470 = CARTESIAN_POINT('',(49.074399235887,-3.096242622648));
#1471 = CARTESIAN_POINT('',(49.073040791775,-3.192485268276));
#1472 = CARTESIAN_POINT('',(49.07168235905,-3.288727936884));
#1473 = CARTESIAN_POINT('',(49.070323937712,-3.384970628472));
#1474 = ( GEOMETRIC_REPRESENTATION_CONTEXT(2) 
PARAMETRIC_REPRESENTATION_CONTEXT() REPRESENTATION_CONTEXT('2D SPACE',''
  ) );
#1475 = PCURVE('',#596,#1476);
#1476 = DEFINITIONAL_REPRESENTATION('',(#1477),#1483);
#1477 = B_SPLINE_CURVE_WITH_KNOTS('',4,(#1478,#1479,#1480,#1481,#1482),
  .UNSPECIFIED.,.F.,.F.,(5,5),(0.,1.),.PIECEWISE_BEZIER_KNOTS.);
#1478 = CARTESIAN_POINT('',(0.853121504416,0.));
#1479 = CARTESIAN_POINT('',(0.863962727302,5.969630990967E-02));
#1480 = CARTESIAN_POINT('',(0.874803943714,0.119392584206));
#1481 = CARTESIAN_POINT('',(0.885645153651,0.179088822889));
#1482 = CARTESIAN_POINT('',(0.896486357114,0.238785025958));
#1483 = ( GEOMETRIC_REPRESENTATION_CONTEXT(2) 
PARAMETRIC_REPRESENTATION_CONTEXT() REPRESENTATION_CONTEXT('2D SPACE',''
  ) );
#1484 = ADVANCED_FACE('',(#1485),#290,.T.);
#1485 = FACE_BOUND('',#1486,.T.);
#1486 = EDGE_LOOP('',(#1487,#1517,#1546,#1567,#1568,#1596,#1624,#1652));
#1487 = ORIENTED_EDGE('',*,*,#1488,.T.);
#1488 = EDGE_CURVE('',#1489,#1491,#1493,.T.);
#1489 = VERTEX_POINT('',#1490);
#1490 = CARTESIAN_POINT('',(15.39209310672,34.532482905748,0.));
#1491 = VERTEX_POINT('',#1492);
#1492 = CARTESIAN_POINT('',(15.39209310672,23.986109934586,0.));
#1493 = SURFACE_CURVE('',#1494,(#1498,#1505),.PCURVE_S1.);
#1494 = LINE('',#1495,#1496);
#1495 = CARTESIAN_POINT('',(15.39209310672,24.810404193474,0.));
#1496 = VECTOR('',#1497,1.);
#1497 = DIRECTION('',(0.,-1.,0.));
#1498 = PCURVE('',#290,#1499);
#1499 = DEFINITIONAL_REPRESENTATION('',(#1500),#1504);
#1500 = LINE('',#1501,#1502);
#1501 = CARTESIAN_POINT('',(35.39209310672,-0.689595806526));
#1502 = VECTOR('',#1503,1.);
#1503 = DIRECTION('',(0.,-1.));
#1504 = ( GEOMETRIC_REPRESENTATION_CONTEXT(2) 
PARAMETRIC_REPRESENTATION_CONTEXT() REPRESENTATION_CONTEXT('2D SPACE',''
  ) );
#1505 = PCURVE('',#1506,#1511);
#1506 = PLANE('',#1507);
#1507 = AXIS2_PLACEMENT_3D('',#1508,#1509,#1510);
#1508 = CARTESIAN_POINT('',(15.39209310672,24.120808386948,-16.9));
#1509 = DIRECTION('',(1.,0.,0.));
#1510 = DIRECTION('',(0.,0.,-1.));
#1511 = DEFINITIONAL_REPRESENTATION('',(#1512),#1516);
#1512 = LINE('',#1513,#1514);
#1513 = CARTESIAN_POINT('',(-16.9,0.689595806526));
#1514 = VECTOR('',#1515,1.);
#1515 = DIRECTION('',(0.,-1.));
#1516 = ( GEOMETRIC_REPRESENTATION_CONTEXT(2) 
PARAMETRIC_REPRESENTATION_CONTEXT() REPRESENTATION_CONTEXT('2D SPACE',''
  ) );
#1517 = ORIENTED_EDGE('',*,*,#1518,.F.);
#1518 = EDGE_CURVE('',#1519,#1491,#1521,.T.);
#1519 = VERTEX_POINT('',#1520);
#1520 = CARTESIAN_POINT('',(18.,22.096379793984,0.));
#1521 = SURFACE_CURVE('',#1522,(#1527,#1534),.PCURVE_S1.);
#1522 = CIRCLE('',#1523,28.5);
#1523 = AXIS2_PLACEMENT_3D('',#1524,#1525,#1526);
#1524 = CARTESIAN_POINT('',(0.,0.,0.));
#1525 = DIRECTION('',(0.,0.,1.));
#1526 = DIRECTION('',(1.,0.,-0.));
#1527 = PCURVE('',#290,#1528);
#1528 = DEFINITIONAL_REPRESENTATION('',(#1529),#1533);
#1529 = CIRCLE('',#1530,28.5);
#1530 = AXIS2_PLACEMENT_2D('',#1531,#1532);
#1531 = CARTESIAN_POINT('',(20.,-25.5));
#1532 = DIRECTION('',(1.,0.));
#1533 = ( GEOMETRIC_REPRESENTATION_CONTEXT(2) 
PARAMETRIC_REPRESENTATION_CONTEXT() REPRESENTATION_CONTEXT('2D SPACE',''
  ) );
#1534 = PCURVE('',#1535,#1540);
#1535 = CYLINDRICAL_SURFACE('',#1536,28.5);
#1536 = AXIS2_PLACEMENT_3D('',#1537,#1538,#1539);
#1537 = CARTESIAN_POINT('',(0.,0.,0.));
#1538 = DIRECTION('',(0.,0.,-1.));
#1539 = DIRECTION('',(1.,0.,0.));
#1540 = DEFINITIONAL_REPRESENTATION('',(#1541),#1545);
#1541 = LINE('',#1542,#1543);
#1542 = CARTESIAN_POINT('',(6.28318530718,0.));
#1543 = VECTOR('',#1544,1.);
#1544 = DIRECTION('',(-1.,0.));
#1545 = ( GEOMETRIC_REPRESENTATION_CONTEXT(2) 
PARAMETRIC_REPRESENTATION_CONTEXT() REPRESENTATION_CONTEXT('2D SPACE',''
  ) );
#1546 = ORIENTED_EDGE('',*,*,#1547,.T.);
#1547 = EDGE_CURVE('',#1519,#205,#1548,.T.);
#1548 = SURFACE_CURVE('',#1549,(#1553,#1560),.PCURVE_S1.);
#1549 = LINE('',#1550,#1551);
#1550 = CARTESIAN_POINT('',(18.,25.5,0.));
#1551 = VECTOR('',#1552,1.);
#1552 = DIRECTION('',(4.86533014036E-16,1.,0.));
#1553 = PCURVE('',#290,#1554);
#1554 = DEFINITIONAL_REPRESENTATION('',(#1555),#1559);
#1555 = LINE('',#1556,#1557);
#1556 = CARTESIAN_POINT('',(38.,0.));
#1557 = VECTOR('',#1558,1.);
#1558 = DIRECTION('',(4.86533014036E-16,1.));
#1559 = ( GEOMETRIC_REPRESENTATION_CONTEXT(2) 
PARAMETRIC_REPRESENTATION_CONTEXT() REPRESENTATION_CONTEXT('2D SPACE',''
  ) );
#1560 = PCURVE('',#1144,#1561);
#1561 = DEFINITIONAL_REPRESENTATION('',(#1562),#1566);
#1562 = LINE('',#1563,#1564);
#1563 = CARTESIAN_POINT('',(65.312723247312,42.));
#1564 = VECTOR('',#1565,1.);
#1565 = DIRECTION('',(-1.,0.));
#1566 = ( GEOMETRIC_REPRESENTATION_CONTEXT(2) 
PARAMETRIC_REPRESENTATION_CONTEXT() REPRESENTATION_CONTEXT('2D SPACE',''
  ) );
#1567 = ORIENTED_EDGE('',*,*,#275,.T.);
#1568 = ORIENTED_EDGE('',*,*,#1569,.T.);
#1569 = EDGE_CURVE('',#276,#1570,#1572,.T.);
#1570 = VERTEX_POINT('',#1571);
#1571 = CARTESIAN_POINT('',(-18.0014753886,22.09517784118,0.));
#1572 = SURFACE_CURVE('',#1573,(#1577,#1584),.PCURVE_S1.);
#1573 = LINE('',#1574,#1575);
#1574 = CARTESIAN_POINT('',(-18.00143883773,23.79756746531,0.));
#1575 = VECTOR('',#1576,1.);
#1576 = DIRECTION('',(-2.147033335626E-05,-0.99999999977,0.));
#1577 = PCURVE('',#290,#1578);
#1578 = DEFINITIONAL_REPRESENTATION('',(#1579),#1583);
#1579 = LINE('',#1580,#1581);
#1580 = CARTESIAN_POINT('',(1.998561162265,-1.70243253469));
#1581 = VECTOR('',#1582,1.);
#1582 = DIRECTION('',(-2.147033335626E-05,-0.99999999977));
#1583 = ( GEOMETRIC_REPRESENTATION_CONTEXT(2) 
PARAMETRIC_REPRESENTATION_CONTEXT() REPRESENTATION_CONTEXT('2D SPACE',''
  ) );
#1584 = PCURVE('',#1585,#1590);
#1585 = PLANE('',#1586);
#1586 = AXIS2_PLACEMENT_3D('',#1587,#1588,#1589);
#1587 = CARTESIAN_POINT('',(-18.00140067914,25.574838189833,-42.));
#1588 = DIRECTION('',(0.99999999977,-2.147033335626E-05,0.));
#1589 = DIRECTION('',(2.147033335626E-05,0.99999999977,0.));
#1590 = DEFINITIONAL_REPRESENTATION('',(#1591),#1595);
#1591 = LINE('',#1592,#1593);
#1592 = CARTESIAN_POINT('',(-1.777270724933,42.));
#1593 = VECTOR('',#1594,1.);
#1594 = DIRECTION('',(-1.,0.));
#1595 = ( GEOMETRIC_REPRESENTATION_CONTEXT(2) 
PARAMETRIC_REPRESENTATION_CONTEXT() REPRESENTATION_CONTEXT('2D SPACE',''
  ) );
#1596 = ORIENTED_EDGE('',*,*,#1597,.T.);
#1597 = EDGE_CURVE('',#1570,#1598,#1600,.T.);
#1598 = VERTEX_POINT('',#1599);
#1599 = CARTESIAN_POINT('',(-15.80790689328,23.714132487894,0.));
#1600 = SURFACE_CURVE('',#1601,(#1606,#1617),.PCURVE_S1.);
#1601 = CIRCLE('',#1602,28.5);
#1602 = AXIS2_PLACEMENT_3D('',#1603,#1604,#1605);
#1603 = CARTESIAN_POINT('',(0.,0.,0.));
#1604 = DIRECTION('',(0.,0.,-1.));
#1605 = DIRECTION('',(1.,0.,0.));
#1606 = PCURVE('',#290,#1607);
#1607 = DEFINITIONAL_REPRESENTATION('',(#1608),#1616);
#1608 = ( BOUNDED_CURVE() B_SPLINE_CURVE(2,(#1609,#1610,#1611,#1612,
#1613,#1614,#1615),.UNSPECIFIED.,.T.,.F.) B_SPLINE_CURVE_WITH_KNOTS((1,2
    ,2,2,2,1),(-2.094395102393,0.,2.094395102393,4.188790204786,
6.28318530718,8.377580409573),.UNSPECIFIED.) CURVE() 
GEOMETRIC_REPRESENTATION_ITEM() RATIONAL_B_SPLINE_CURVE((1.,0.5,1.,0.5,
1.,0.5,1.)) REPRESENTATION_ITEM('') );
#1609 = CARTESIAN_POINT('',(48.5,-25.5));
#1610 = CARTESIAN_POINT('',(48.5,-74.86344801571));
#1611 = CARTESIAN_POINT('',(5.75,-50.18172400785));
#1612 = CARTESIAN_POINT('',(-37.,-25.5));
#1613 = CARTESIAN_POINT('',(5.75,-0.818275992144));
#1614 = CARTESIAN_POINT('',(48.5,23.863448015713));
#1615 = CARTESIAN_POINT('',(48.5,-25.5));
#1616 = ( GEOMETRIC_REPRESENTATION_CONTEXT(2) 
PARAMETRIC_REPRESENTATION_CONTEXT() REPRESENTATION_CONTEXT('2D SPACE',''
  ) );
#1617 = PCURVE('',#1535,#1618);
#1618 = DEFINITIONAL_REPRESENTATION('',(#1619),#1623);
#1619 = LINE('',#1620,#1621);
#1620 = CARTESIAN_POINT('',(0.,0.));
#1621 = VECTOR('',#1622,1.);
#1622 = DIRECTION('',(1.,0.));
#1623 = ( GEOMETRIC_REPRESENTATION_CONTEXT(2) 
PARAMETRIC_REPRESENTATION_CONTEXT() REPRESENTATION_CONTEXT('2D SPACE',''
  ) );
#1624 = ORIENTED_EDGE('',*,*,#1625,.T.);
#1625 = EDGE_CURVE('',#1598,#1626,#1628,.T.);
#1626 = VERTEX_POINT('',#1627);
#1627 = CARTESIAN_POINT('',(-15.80790689328,34.532482905748,0.));
#1628 = SURFACE_CURVE('',#1629,(#1633,#1640),.PCURVE_S1.);
#1629 = LINE('',#1630,#1631);
#1630 = CARTESIAN_POINT('',(-15.80790689328,28.616241452874,0.));
#1631 = VECTOR('',#1632,1.);
#1632 = DIRECTION('',(0.,1.,0.));
#1633 = PCURVE('',#290,#1634);
#1634 = DEFINITIONAL_REPRESENTATION('',(#1635),#1639);
#1635 = LINE('',#1636,#1637);
#1636 = CARTESIAN_POINT('',(4.19209310672,3.116241452874));
#1637 = VECTOR('',#1638,1.);
#1638 = DIRECTION('',(0.,1.));
#1639 = ( GEOMETRIC_REPRESENTATION_CONTEXT(2) 
PARAMETRIC_REPRESENTATION_CONTEXT() REPRESENTATION_CONTEXT('2D SPACE',''
  ) );
#1640 = PCURVE('',#1641,#1646);
#1641 = PLANE('',#1642);
#1642 = AXIS2_PLACEMENT_3D('',#1643,#1644,#1645);
#1643 = CARTESIAN_POINT('',(-15.80790689328,31.732482905748,-16.9));
#1644 = DIRECTION('',(-1.,0.,0.));
#1645 = DIRECTION('',(0.,0.,1.));
#1646 = DEFINITIONAL_REPRESENTATION('',(#1647),#1651);
#1647 = LINE('',#1648,#1649);
#1648 = CARTESIAN_POINT('',(16.9,-3.116241452874));
#1649 = VECTOR('',#1650,1.);
#1650 = DIRECTION('',(0.,1.));
#1651 = ( GEOMETRIC_REPRESENTATION_CONTEXT(2) 
PARAMETRIC_REPRESENTATION_CONTEXT() REPRESENTATION_CONTEXT('2D SPACE',''
  ) );
#1652 = ORIENTED_EDGE('',*,*,#1653,.T.);
#1653 = EDGE_CURVE('',#1626,#1489,#1654,.T.);
#1654 = SURFACE_CURVE('',#1655,(#1659,#1666),.PCURVE_S1.);
#1655 = LINE('',#1656,#1657);
#1656 = CARTESIAN_POINT('',(-2.70395344664,34.532482905748,0.));
#1657 = VECTOR('',#1658,1.);
#1658 = DIRECTION('',(1.,1.447193354319E-31,0.));
#1659 = PCURVE('',#290,#1660);
#1660 = DEFINITIONAL_REPRESENTATION('',(#1661),#1665);
#1661 = LINE('',#1662,#1663);
#1662 = CARTESIAN_POINT('',(17.29604655336,9.032482905748));
#1663 = VECTOR('',#1664,1.);
#1664 = DIRECTION('',(1.,1.447193354319E-31));
#1665 = ( GEOMETRIC_REPRESENTATION_CONTEXT(2) 
PARAMETRIC_REPRESENTATION_CONTEXT() REPRESENTATION_CONTEXT('2D SPACE',''
  ) );
#1666 = PCURVE('',#1667,#1672);
#1667 = PLANE('',#1668);
#1668 = AXIS2_PLACEMENT_3D('',#1669,#1670,#1671);
#1669 = CARTESIAN_POINT('',(12.29209310672,34.532482905748,-16.9));
#1670 = DIRECTION('',(0.,1.,-1.097212598555E-16));
#1671 = DIRECTION('',(0.,1.097212598555E-16,1.));
#1672 = DEFINITIONAL_REPRESENTATION('',(#1673),#1677);
#1673 = LINE('',#1674,#1675);
#1674 = CARTESIAN_POINT('',(16.9,-14.99604655336));
#1675 = VECTOR('',#1676,1.);
#1676 = DIRECTION('',(1.587878780905E-47,1.));
#1677 = ( GEOMETRIC_REPRESENTATION_CONTEXT(2) 
PARAMETRIC_REPRESENTATION_CONTEXT() REPRESENTATION_CONTEXT('2D SPACE',''
  ) );
#1678 = ADVANCED_FACE('',(#1679),#596,.T.);
#1679 = FACE_BOUND('',#1680,.T.);
#1680 = EDGE_LOOP('',(#1681,#1682,#1683,#1705,#1894));
#1681 = ORIENTED_EDGE('',*,*,#390,.F.);
#1682 = ORIENTED_EDGE('',*,*,#1458,.T.);
#1683 = ORIENTED_EDGE('',*,*,#1684,.T.);
#1684 = EDGE_CURVE('',#1419,#1685,#1687,.T.);
#1685 = VERTEX_POINT('',#1686);
#1686 = CARTESIAN_POINT('',(10.649065233628,40.612205463074,
    -0.946971623043));
#1687 = SURFACE_CURVE('',#1688,(#1691,#1698),.PCURVE_S1.);
#1688 = B_SPLINE_CURVE_WITH_KNOTS('',1,(#1689,#1690),.UNSPECIFIED.,.F.,
  .F.,(2,2),(0.,1.),.PIECEWISE_BEZIER_KNOTS.);
#1689 = CARTESIAN_POINT('',(19.649065233622,39.,-0.92425011379));
#1690 = CARTESIAN_POINT('',(10.649065233622,40.612205903311,
    -0.94697326603));
#1691 = PCURVE('',#596,#1692);
#1692 = DEFINITIONAL_REPRESENTATION('',(#1693),#1697);
#1693 = LINE('',#1694,#1695);
#1694 = CARTESIAN_POINT('',(0.896486357114,0.));
#1695 = VECTOR('',#1696,1.);
#1696 = DIRECTION('',(0.,1.));
#1697 = ( GEOMETRIC_REPRESENTATION_CONTEXT(2) 
PARAMETRIC_REPRESENTATION_CONTEXT() REPRESENTATION_CONTEXT('2D SPACE',''
  ) );
#1698 = PCURVE('',#1438,#1699);
#1699 = DEFINITIONAL_REPRESENTATION('',(#1700),#1704);
#1700 = LINE('',#1701,#1702);
#1701 = CARTESIAN_POINT('',(0.137174343061,0.));
#1702 = VECTOR('',#1703,1.);
#1703 = DIRECTION('',(0.,1.));
#1704 = ( GEOMETRIC_REPRESENTATION_CONTEXT(2) 
PARAMETRIC_REPRESENTATION_CONTEXT() REPRESENTATION_CONTEXT('2D SPACE',''
  ) );
#1705 = ORIENTED_EDGE('',*,*,#1706,.T.);
#1706 = EDGE_CURVE('',#1685,#1707,#1709,.T.);
#1707 = VERTEX_POINT('',#1708);
#1708 = CARTESIAN_POINT('',(-28.64874655563,40.612168447654,
    -0.946833479613));
#1709 = SURFACE_CURVE('',#1710,(#1809,#1816),.PCURVE_S1.);
#1710 = B_SPLINE_CURVE_WITH_KNOTS('',4,(#1711,#1712,#1713,#1714,#1715,
    #1716,#1717,#1718,#1719,#1720,#1721,#1722,#1723,#1724,#1725,#1726,
    #1727,#1728,#1729,#1730,#1731,#1732,#1733,#1734,#1735,#1736,#1737,
    #1738,#1739,#1740,#1741,#1742,#1743,#1744,#1745,#1746,#1747,#1748,
    #1749,#1750,#1751,#1752,#1753,#1754,#1755,#1756,#1757,#1758,#1759,
    #1760,#1761,#1762,#1763,#1764,#1765,#1766,#1767,#1768,#1769,#1770,
    #1771,#1772,#1773,#1774,#1775,#1776,#1777,#1778,#1779,#1780,#1781,
    #1782,#1783,#1784,#1785,#1786,#1787,#1788,#1789,#1790,#1791,#1792,
    #1793,#1794,#1795,#1796,#1797,#1798,#1799,#1800,#1801,#1802,#1803,
    #1804,#1805,#1806,#1807,#1808),.UNSPECIFIED.,.F.,.F.,(5,3,3,3,3,3,3,
    3,3,3,3,3,3,3,3,3,3,3,3,3,3,3,3,3,3,3,3,3,3,3,3,3,5),(0.,
    3.130161464291E-02,6.250312026518E-02,9.38045265202E-02,
    0.125005824424,0.156307022299,0.187508112492,0.218809101994,
    0.250009984484,0.281310765621,0.312511440415,0.343812013194,
    0.375012480301,0.40631284473,0.437513104156,0.468813260244,
    0.500013311997,0.531313259749,0.562513103837,0.593812843263,
    0.625012479693,0.656312010799,0.687511439579,0.718810762373,
    0.750009983511,0.781309098001,0.812508111504,0.843807017698,
    0.875005823573,0.906304521478,0.937503119733,0.968801609356,1.),
  .UNSPECIFIED.);
#1711 = CARTESIAN_POINT('',(15.778970168254,40.612210725538,
    -0.946991262828));
#1712 = CARTESIAN_POINT('',(15.391160640685,40.612210360983,
    -0.946989902289));
#1713 = CARTESIAN_POINT('',(15.003351113291,40.612209996429,
    -0.946988541755));
#1714 = CARTESIAN_POINT('',(14.615541586073,40.612209631876,
    -0.946987181225));
#1715 = CARTESIAN_POINT('',(13.841162826853,40.612208903938,
    -0.946984464524));
#1716 = CARTESIAN_POINT('',(13.45459359485,40.612208540554,
    -0.946983108353));
#1717 = CARTESIAN_POINT('',(13.068024363022,40.61220817717,
    -0.946981752186));
#1718 = CARTESIAN_POINT('',(12.293648186659,40.612207449241,
    -0.946979035518));
#1719 = CARTESIAN_POINT('',(11.905841242126,40.612207084696,
    -0.946977675017));
#1720 = CARTESIAN_POINT('',(11.518034297767,40.612206720151,
    -0.94697631452));
#1721 = CARTESIAN_POINT('',(10.74366069597,40.612205992231,
    -0.946973597885));
#1722 = CARTESIAN_POINT('',(10.357094038528,40.612205628855,
    -0.946972241747));
#1723 = CARTESIAN_POINT('',(9.970527381262,40.61220526548,
    -0.946970885613));
#1724 = CARTESIAN_POINT('',(9.196156362227,40.612204537569,
    -0.946968169011));
#1725 = CARTESIAN_POINT('',(8.808352000458,40.612204173033,
    -0.946966808543));
#1726 = CARTESIAN_POINT('',(8.420547638867,40.612203808498,
    -0.946965448079));
#1727 = CARTESIAN_POINT('',(7.646179194303,40.612203080595,
    -0.946962731511));
#1728 = CARTESIAN_POINT('',(7.259615111329,40.612202717228,
    -0.946961375406));
#1729 = CARTESIAN_POINT('',(6.873051028529,40.612202353862,
    -0.946960019305));
#1730 = CARTESIAN_POINT('',(6.098685166634,40.612201625968,
    -0.946957302769));
#1731 = CARTESIAN_POINT('',(5.710883387537,40.612201261441,
    -0.946955942334));
#1732 = CARTESIAN_POINT('',(5.323081608618,40.612200896914,
    -0.946954581903));
#1733 = CARTESIAN_POINT('',(4.548718321099,40.61220016903,
    -0.946951865401));
#1734 = CARTESIAN_POINT('',(4.162156812497,40.612199805671,
    -0.946950509329));
#1735 = CARTESIAN_POINT('',(3.775595304073,40.612199442314,
    -0.946949153261));
#1736 = CARTESIAN_POINT('',(3.001234599127,40.612198714438,
    -0.946946436791));
#1737 = CARTESIAN_POINT('',(2.61343540261,40.61219834992,-0.946945076389
    ));
#1738 = CARTESIAN_POINT('',(2.225636206267,40.612197985402,
    -0.946943715992));
#1739 = CARTESIAN_POINT('',(1.451278075604,40.612197257535,
    -0.946940999555));
#1740 = CARTESIAN_POINT('',(1.064719141285,40.612196894186,
    -0.946939643516));
#1741 = CARTESIAN_POINT('',(0.678160207137,40.612196530837,
    -0.946938287481));
#1742 = CARTESIAN_POINT('',(-9.619534104451E-02,40.612195802979,
    -0.946935571078));
#1743 = CARTESIAN_POINT('',(-0.48399195508,40.612195438469,
    -0.946934210709));
#1744 = CARTESIAN_POINT('',(-0.871788568938,40.612195073961,
    -0.946932850345));
#1745 = CARTESIAN_POINT('',(-1.646141542933,40.612194346112,
    -0.946930133974));
#1746 = CARTESIAN_POINT('',(-2.032697903067,40.612193982771,
    -0.946928777968));
#1747 = CARTESIAN_POINT('',(-2.419254263029,40.612193619431,
    -0.946927421967));
#1748 = CARTESIAN_POINT('',(-3.193604654636,40.612192891591,
    -0.946924705629));
#1749 = CARTESIAN_POINT('',(-3.581398686284,40.61219252709,
    -0.946923345294));
#1750 = CARTESIAN_POINT('',(-3.969192717752,40.61219216259,
    -0.946921984962));
#1751 = CARTESIAN_POINT('',(-4.743540535266,40.612191434759,
    -0.946919268658));
#1752 = CARTESIAN_POINT('',(-5.13009432131,40.612191071427,
    -0.946917912685));
#1753 = CARTESIAN_POINT('',(-5.51664810718,40.612190708096,
    -0.946916556716));
#1754 = CARTESIAN_POINT('',(-6.290993342401,40.612189980274,
    -0.946913840445));
#1755 = CARTESIAN_POINT('',(-6.678784791753,40.612189615782,
    -0.946912480143));
#1756 = CARTESIAN_POINT('',(-7.066576240928,40.612189251291,
    -0.946911119844));
#1757 = CARTESIAN_POINT('',(-7.840918902149,40.612188523477,
    -0.946908403606));
#1758 = CARTESIAN_POINT('',(-8.227470114196,40.612188160154,
    -0.946907047666));
#1759 = CARTESIAN_POINT('',(-8.614021326068,40.612187796832,
    -0.94690569173));
#1760 = CARTESIAN_POINT('',(-9.388361405092,40.612187069027,
    -0.946902975525));
#1761 = CARTESIAN_POINT('',(-9.776150272243,40.612186704544,
    -0.946901615256));
#1762 = CARTESIAN_POINT('',(-10.16393913921,40.612186340062,
    -0.946900254991));
#1763 = CARTESIAN_POINT('',(-10.93827664433,40.612185612266,
    -0.946897538819));
#1764 = CARTESIAN_POINT('',(-11.32482528247,40.612185248952,
    -0.946896182912));
#1765 = CARTESIAN_POINT('',(-11.71137392044,40.612184885639,
    -0.946894827009));
#1766 = CARTESIAN_POINT('',(-12.48570884346,40.612184157851,
    -0.94689211087));
#1767 = CARTESIAN_POINT('',(-12.8734951285,40.612183793377,
    -0.946890750634));
#1768 = CARTESIAN_POINT('',(-13.26128141337,40.612183428904,
    -0.946889390402));
#1769 = CARTESIAN_POINT('',(-14.03561376257,40.612182701126,
    -0.946886674296));
#1770 = CARTESIAN_POINT('',(-14.42215982691,40.612182337821,
    -0.946885318422));
#1771 = CARTESIAN_POINT('',(-14.80870589106,40.612181974516,
    -0.946883962552));
#1772 = CARTESIAN_POINT('',(-15.58303565826,40.612181246747,
    -0.946881246479));
#1773 = CARTESIAN_POINT('',(-15.97081936129,40.612180882281,
    -0.946879886276));
#1774 = CARTESIAN_POINT('',(-16.35860306415,40.612180517817,
    -0.946878526077));
#1775 = CARTESIAN_POINT('',(-17.13293025762,40.612179790057,
    -0.946875810037));
#1776 = CARTESIAN_POINT('',(-17.51947374824,40.61217942676,
    -0.946874454196));
#1777 = CARTESIAN_POINT('',(-17.90601723868,40.612179063465,
    -0.946873098359));
#1778 = CARTESIAN_POINT('',(-18.68034185024,40.612178335713,
    -0.946870382353));
#1779 = CARTESIAN_POINT('',(-19.06812297136,40.612177971256,
    -0.946869022183));
#1780 = CARTESIAN_POINT('',(-19.4559040923,40.612177606801,
    -0.946867662017));
#1781 = CARTESIAN_POINT('',(-20.23022613023,40.612176879058,
    -0.946864946043));
#1782 = CARTESIAN_POINT('',(-20.61676704723,40.61217651577,
    -0.946863590235));
#1783 = CARTESIAN_POINT('',(-21.00330796405,40.612176152484,
    -0.946862234431));
#1784 = CARTESIAN_POINT('',(-21.77762742017,40.61217542475,
    -0.946859518491));
#1785 = CARTESIAN_POINT('',(-22.16540595946,40.612175060302,
    -0.946858158354));
#1786 = CARTESIAN_POINT('',(-22.55318449858,40.612174695856,
    -0.946856798221));
#1787 = CARTESIAN_POINT('',(-23.32750138116,40.61217396813,
    -0.946854082313));
#1788 = CARTESIAN_POINT('',(-23.71403972463,40.612173604852,
    -0.946852726539));
#1789 = CARTESIAN_POINT('',(-24.10057806792,40.612173241574,
    -0.946851370768));
#1790 = CARTESIAN_POINT('',(-24.87489236878,40.612172513858,
    -0.946848654893));
#1791 = CARTESIAN_POINT('',(-25.26266832635,40.612172149419,
    -0.946847294789));
#1792 = CARTESIAN_POINT('',(-25.65044428373,40.612171784981,
    -0.94684593469));
#1793 = CARTESIAN_POINT('',(-26.42475601115,40.612171057274,
    -0.946843218848));
#1794 = CARTESIAN_POINT('',(-26.81129178119,40.612170694004,
    -0.946841863106));
#1795 = CARTESIAN_POINT('',(-27.19782755105,40.612170330735,
    -0.946840507369));
#1796 = CARTESIAN_POINT('',(-27.97213669684,40.612169603036,
    -0.94683779156));
#1797 = CARTESIAN_POINT('',(-28.35991007277,40.612169238606,
    -0.946836431489));
#1798 = CARTESIAN_POINT('',(-28.74768344852,40.612168874178,
    -0.946835071423));
#1799 = CARTESIAN_POINT('',(-29.52199002097,40.612168146488,
    -0.946832355647));
#1800 = CARTESIAN_POINT('',(-29.90852321766,40.612167783227,
    -0.946830999939));
#1801 = CARTESIAN_POINT('',(-30.29505641419,40.612167419967,
    -0.946829644234));
#1802 = CARTESIAN_POINT('',(-31.0693604051,40.612166692286,
    -0.946826928491));
#1803 = CARTESIAN_POINT('',(-31.45713119948,40.612166327865,
    -0.946825568454));
#1804 = CARTESIAN_POINT('',(-31.8449019937,40.612165963445,
    -0.94682420842));
#1805 = CARTESIAN_POINT('',(-32.61920341136,40.612165235773,
    -0.946821492711));
#1806 = CARTESIAN_POINT('',(-33.00573403481,40.612164872521,
    -0.946820137035));
#1807 = CARTESIAN_POINT('',(-33.39226465808,40.612164509269,
    -0.946818781363));
#1808 = CARTESIAN_POINT('',(-33.77879528118,40.612164146019,
    -0.946817425695));
#1809 = PCURVE('',#596,#1810);
#1810 = DEFINITIONAL_REPRESENTATION('',(#1811),#1815);
#1811 = LINE('',#1812,#1813);
#1812 = CARTESIAN_POINT('',(1.,1.));
#1813 = VECTOR('',#1814,1.);
#1814 = DIRECTION('',(-1.,0.));
#1815 = ( GEOMETRIC_REPRESENTATION_CONTEXT(2) 
PARAMETRIC_REPRESENTATION_CONTEXT() REPRESENTATION_CONTEXT('2D SPACE',''
  ) );
#1816 = PCURVE('',#1817,#1888);
#1817 = B_SPLINE_SURFACE_WITH_KNOTS('',3,3,(
    (#1818,#1819,#1820,#1821,#1822,#1823,#1824)
    ,(#1825,#1826,#1827,#1828,#1829,#1830,#1831)
    ,(#1832,#1833,#1834,#1835,#1836,#1837,#1838)
    ,(#1839,#1840,#1841,#1842,#1843,#1844,#1845)
    ,(#1846,#1847,#1848,#1849,#1850,#1851,#1852)
    ,(#1853,#1854,#1855,#1856,#1857,#1858,#1859)
    ,(#1860,#1861,#1862,#1863,#1864,#1865,#1866)
    ,(#1867,#1868,#1869,#1870,#1871,#1872,#1873)
    ,(#1874,#1875,#1876,#1877,#1878,#1879,#1880)
    ,(#1881,#1882,#1883,#1884,#1885,#1886,#1887
  )),.UNSPECIFIED.,.F.,.F.,.F.,(4,3,3,4),(4,3,4),(-1.E-02,0.,1.,1.01),(
    -0.917036245606,0.,1.),.UNSPECIFIED.);
#1818 = CARTESIAN_POINT('',(-56.69154551054,51.687523026732,
    -1.081432482877));
#1819 = CARTESIAN_POINT('',(-52.01470911849,49.376905494788,
    -1.05334780254));
#1820 = CARTESIAN_POINT('',(-47.33787272644,47.066287962844,
    -1.025263122203));
#1821 = CARTESIAN_POINT('',(-42.6610363344,44.7556704309,-0.997178441865
    ));
#1822 = CARTESIAN_POINT('',(-37.56108917915,42.236012627826,
    -0.966552956262));
#1823 = CARTESIAN_POINT('',(-32.46114202389,39.716354824752,
    -0.93592747066));
#1824 = CARTESIAN_POINT('',(-27.36119486864,37.196697021678,
    -0.905301985057));
#1825 = CARTESIAN_POINT('',(-56.37983940259,51.68751428008,
    -1.081434826535));
#1826 = CARTESIAN_POINT('',(-51.73357065258,49.376898142823,
    -1.053349772493));
#1827 = CARTESIAN_POINT('',(-47.08730190258,47.066282005566,
    -1.02526471845));
#1828 = CARTESIAN_POINT('',(-42.44103315257,44.755665868309,
    -0.997179664408));
#1829 = CARTESIAN_POINT('',(-37.37441907677,42.236009586099,
    -0.966553771291));
#1830 = CARTESIAN_POINT('',(-32.30780500097,39.716353303888,
    -0.935927878174));
#1831 = CARTESIAN_POINT('',(-27.24119092518,37.196697021678,
    -0.905301985057));
#1832 = CARTESIAN_POINT('',(-56.06813329464,51.687505533428,
    -1.081437170194));
#1833 = CARTESIAN_POINT('',(-51.45243218668,49.376890790858,
    -1.053351742446));
#1834 = CARTESIAN_POINT('',(-46.83673107871,47.066276048288,
    -1.025266314698));
#1835 = CARTESIAN_POINT('',(-42.22102997074,44.755661305718,
    -0.997180886951));
#1836 = CARTESIAN_POINT('',(-37.1877489744,42.236006544372,
    -0.966554586319));
#1837 = CARTESIAN_POINT('',(-32.15446797806,39.716351783025,
    -0.935928285688));
#1838 = CARTESIAN_POINT('',(-27.12118698172,37.196697021678,
    -0.905301985057));
#1839 = CARTESIAN_POINT('',(-55.7564271867,51.687496786776,
    -1.081439513852));
#1840 = CARTESIAN_POINT('',(-51.17129372077,49.376883438893,
    -1.053353712399));
#1841 = CARTESIAN_POINT('',(-46.58616025484,47.06627009101,
    -1.025267910946));
#1842 = CARTESIAN_POINT('',(-42.00102678891,44.755656743128,
    -0.997182109493));
#1843 = CARTESIAN_POINT('',(-37.00107887203,42.236003502644,
    -0.966555401348));
#1844 = CARTESIAN_POINT('',(-32.00113095514,39.716350262161,
    -0.935928693202));
#1845 = CARTESIAN_POINT('',(-27.00118303825,37.196697021678,
    -0.905301985057));
#1846 = CARTESIAN_POINT('',(-24.58581639206,51.686622121567,
    -1.081673879688));
#1847 = CARTESIAN_POINT('',(-23.05744713003,49.376148242391,
    -1.053550707708));
#1848 = CARTESIAN_POINT('',(-21.529077868,47.065674363216,
    -1.025427535728));
#1849 = CARTESIAN_POINT('',(-20.00070860597,44.75520048404,
    -0.997304363747));
#1850 = CARTESIAN_POINT('',(-18.33406863471,42.235699329919,
    -0.966636904184));
#1851 = CARTESIAN_POINT('',(-16.66742866344,39.716198175799,
    -0.93596944462));
#1852 = CARTESIAN_POINT('',(-15.00078869217,37.196697021678,
    -0.905301985057));
#1853 = CARTESIAN_POINT('',(6.584794402563,51.685747456359,
    -1.081908245524));
#1854 = CARTESIAN_POINT('',(5.056399460695,49.37541304589,
    -1.053747703017));
#1855 = CARTESIAN_POINT('',(3.528004518826,47.065078635421,
    -1.025587160509));
#1856 = CARTESIAN_POINT('',(1.999609576958,44.754744224952,
    -0.997426618001));
#1857 = CARTESIAN_POINT('',(0.33294160261,42.235395157194,-0.96671840702
    ));
#1858 = CARTESIAN_POINT('',(-1.333726371738,39.716046089436,
    -0.936010196038));
#1859 = CARTESIAN_POINT('',(-3.000394346086,37.196697021678,
    -0.905301985057));
#1860 = CARTESIAN_POINT('',(37.755405197196,51.684872791151,
    -1.082142611361));
#1861 = CARTESIAN_POINT('',(33.170246051429,49.374677849389,
    -1.053944698326));
#1862 = CARTESIAN_POINT('',(28.585086905662,47.064482907627,
    -1.02574678529));
#1863 = CARTESIAN_POINT('',(23.999927759895,44.754287965865,
    -0.997548872255));
#1864 = CARTESIAN_POINT('',(18.99995183993,42.235090984469,
    -0.966799909856));
#1865 = CARTESIAN_POINT('',(13.999975919965,39.715894003074,
    -0.936050947456));
#1866 = CARTESIAN_POINT('',(9.,37.196697021678,-0.905301985057));
#1867 = CARTESIAN_POINT('',(38.067111305142,51.684864044499,
    -1.082144955019));
#1868 = CARTESIAN_POINT('',(33.451384517336,49.374670497424,
    -1.053946668279));
#1869 = CARTESIAN_POINT('',(28.83565772953,47.064476950349,
    -1.025748381538));
#1870 = CARTESIAN_POINT('',(24.219930941724,44.754283403274,
    -0.997550094798));
#1871 = CARTESIAN_POINT('',(19.186621942303,42.235087942742,
    -0.966800724884));
#1872 = CARTESIAN_POINT('',(14.153312942882,39.71589248221,
    -0.93605135497));
#1873 = CARTESIAN_POINT('',(9.120003943461,37.196697021678,
    -0.905301985057));
#1874 = CARTESIAN_POINT('',(38.378817413088,51.684855297847,
    -1.082147298677));
#1875 = CARTESIAN_POINT('',(33.732522983243,49.374663145459,
    -1.053948638232));
#1876 = CARTESIAN_POINT('',(29.086228553398,47.064470993071,
    -1.025749977786));
#1877 = CARTESIAN_POINT('',(24.439934123553,44.754278840683,
    -0.99755131734));
#1878 = CARTESIAN_POINT('',(19.373292044676,42.235084901015,
    -0.966801539912));
#1879 = CARTESIAN_POINT('',(14.306649965799,39.715890961346,
    -0.936051762485));
#1880 = CARTESIAN_POINT('',(9.240007886922,37.196697021678,
    -0.905301985057));
#1881 = CARTESIAN_POINT('',(38.690523521035,51.684846551195,
    -1.082149642336));
#1882 = CARTESIAN_POINT('',(34.013661449151,49.374655793494,
    -1.053950608185));
#1883 = CARTESIAN_POINT('',(29.336799377267,47.064465035793,
    -1.025751574034));
#1884 = CARTESIAN_POINT('',(24.659937305383,44.754274278092,
    -0.997552539883));
#1885 = CARTESIAN_POINT('',(19.559962147049,42.235081859287,
    -0.966802354941));
#1886 = CARTESIAN_POINT('',(14.459986988716,39.715889440483,
    -0.936052169999));
#1887 = CARTESIAN_POINT('',(9.360011830383,37.196697021678,
    -0.905301985057));
#1888 = DEFINITIONAL_REPRESENTATION('',(#1889),#1893);
#1889 = B_SPLINE_CURVE_WITH_KNOTS('',2,(#1890,#1891,#1892),
  .UNSPECIFIED.,.F.,.F.,(3,3),(0.103513642886,0.896483451611),
  .PIECEWISE_BEZIER_KNOTS.);
#1890 = CARTESIAN_POINT('',(0.896491774413,0.548077571462));
#1891 = CARTESIAN_POINT('',(0.500023135374,0.548112465283));
#1892 = CARTESIAN_POINT('',(0.103521013902,0.548147351275));
#1893 = ( GEOMETRIC_REPRESENTATION_CONTEXT(2) 
PARAMETRIC_REPRESENTATION_CONTEXT() REPRESENTATION_CONTEXT('2D SPACE',''
  ) );
#1894 = ORIENTED_EDGE('',*,*,#1895,.F.);
#1895 = EDGE_CURVE('',#303,#1707,#1896,.T.);
#1896 = SURFACE_CURVE('',#1897,(#1900,#1907),.PCURVE_S1.);
#1897 = B_SPLINE_CURVE_WITH_KNOTS('',1,(#1898,#1899),.UNSPECIFIED.,.F.,
  .F.,(2,2),(0.,1.),.PIECEWISE_BEZIER_KNOTS.);
#1898 = CARTESIAN_POINT('',(-19.64874616741,39.,-0.92410534159));
#1899 = CARTESIAN_POINT('',(-28.64874616741,40.612168433509,
    -0.946833426823));
#1900 = PCURVE('',#596,#1901);
#1901 = DEFINITIONAL_REPRESENTATION('',(#1902),#1906);
#1902 = LINE('',#1903,#1904);
#1903 = CARTESIAN_POINT('',(0.103516548389,0.));
#1904 = VECTOR('',#1905,1.);
#1905 = DIRECTION('',(0.,1.));
#1906 = ( GEOMETRIC_REPRESENTATION_CONTEXT(2) 
PARAMETRIC_REPRESENTATION_CONTEXT() REPRESENTATION_CONTEXT('2D SPACE',''
  ) );
#1907 = PCURVE('',#1908,#1919);
#1908 = B_SPLINE_SURFACE_WITH_KNOTS('',4,1,(
    (#1909,#1910)
    ,(#1911,#1912)
    ,(#1913,#1914)
    ,(#1915,#1916)
    ,(#1917,#1918
    )),.UNSPECIFIED.,.F.,.F.,.F.,(5,5),(2,2),(0.,0.862818838359),(0.,1.)
  ,.PIECEWISE_BEZIER_KNOTS.);
#1909 = CARTESIAN_POINT('',(-18.00111243644,39.,-12.27226284096));
#1910 = CARTESIAN_POINT('',(-27.00111243644,43.54928772117,
    -11.90831183626));
#1911 = CARTESIAN_POINT('',(-18.42545164748,39.,-9.437049483941));
#1912 = CARTESIAN_POINT('',(-27.42545164748,42.815480507443,
    -9.169706031676));
#1913 = CARTESIAN_POINT('',(-18.8413918692,39.,-6.600577359955));
#1914 = CARTESIAN_POINT('',(-27.8413918692,42.081347500853,
    -6.429884351569));
#1915 = CARTESIAN_POINT('',(-19.2491059328,39.,-3.762910450655));
#1916 = CARTESIAN_POINT('',(-28.2491059328,41.346905261069,
    -3.68890859747));
#1917 = CARTESIAN_POINT('',(-19.64874616741,39.,-0.92410534159));
#1918 = CARTESIAN_POINT('',(-28.64874616741,40.612168433509,
    -0.946833426823));
#1919 = DEFINITIONAL_REPRESENTATION('',(#1920),#1924);
#1920 = LINE('',#1921,#1922);
#1921 = CARTESIAN_POINT('',(0.862818838359,0.));
#1922 = VECTOR('',#1923,1.);
#1923 = DIRECTION('',(0.,1.));
#1924 = ( GEOMETRIC_REPRESENTATION_CONTEXT(2) 
PARAMETRIC_REPRESENTATION_CONTEXT() REPRESENTATION_CONTEXT('2D SPACE',''
  ) );
#1925 = ADVANCED_FACE('',(#1926),#344,.F.);
#1926 = FACE_BOUND('',#1927,.F.);
#1927 = EDGE_LOOP('',(#1928,#1955,#1956));
#1928 = ORIENTED_EDGE('',*,*,#1929,.F.);
#1929 = EDGE_CURVE('',#303,#1930,#1932,.T.);
#1930 = VERTEX_POINT('',#1931);
#1931 = CARTESIAN_POINT('',(-18.00111243644,39.,-12.27226284096));
#1932 = SURFACE_CURVE('',#1933,(#1939,#1948),.PCURVE_S1.);
#1933 = B_SPLINE_CURVE_WITH_KNOTS('',4,(#1934,#1935,#1936,#1937,#1938),
  .UNSPECIFIED.,.F.,.F.,(5,5),(0.,1.),.PIECEWISE_BEZIER_KNOTS.);
#1934 = CARTESIAN_POINT('',(-19.90168219976,39.,0.881453866865));
#1935 = CARTESIAN_POINT('',(-19.44295243223,39.,-2.409322382832));
#1936 = CARTESIAN_POINT('',(-18.97344176518,39.,-5.698593650476));
#1937 = CARTESIAN_POINT('',(-18.49291812284,39.,-8.986273672699));
#1938 = CARTESIAN_POINT('',(-18.00111243644,39.,-12.27226284096));
#1939 = PCURVE('',#344,#1940);
#1940 = DEFINITIONAL_REPRESENTATION('',(#1941),#1947);
#1941 = B_SPLINE_CURVE_WITH_KNOTS('',4,(#1942,#1943,#1944,#1945,#1946),
  .UNSPECIFIED.,.F.,.F.,(5,5),(0.,1.),.PIECEWISE_BEZIER_KNOTS.);
#1942 = CARTESIAN_POINT('',(0.581755867868,15.799097997693));
#1943 = CARTESIAN_POINT('',(0.685523498553,16.116954302435));
#1944 = CARTESIAN_POINT('',(0.789802724322,16.434665198437));
#1945 = CARTESIAN_POINT('',(0.894618783598,16.752222352573));
#1946 = CARTESIAN_POINT('',(1.,17.069616142553));
#1947 = ( GEOMETRIC_REPRESENTATION_CONTEXT(2) 
PARAMETRIC_REPRESENTATION_CONTEXT() REPRESENTATION_CONTEXT('2D SPACE',''
  ) );
#1948 = PCURVE('',#1908,#1949);
#1949 = DEFINITIONAL_REPRESENTATION('',(#1950),#1954);
#1950 = LINE('',#1951,#1952);
#1951 = CARTESIAN_POINT('',(1.,0.));
#1952 = VECTOR('',#1953,1.);
#1953 = DIRECTION('',(-1.,0.));
#1954 = ( GEOMETRIC_REPRESENTATION_CONTEXT(2) 
PARAMETRIC_REPRESENTATION_CONTEXT() REPRESENTATION_CONTEXT('2D SPACE',''
  ) );
#1955 = ORIENTED_EDGE('',*,*,#302,.F.);
#1956 = ORIENTED_EDGE('',*,*,#1957,.F.);
#1957 = EDGE_CURVE('',#1930,#276,#1958,.T.);
#1958 = SURFACE_CURVE('',#1959,(#1963,#1969),.PCURVE_S1.);
#1959 = LINE('',#1960,#1961);
#1960 = CARTESIAN_POINT('',(-18.00103076625,42.803861846435,
    -26.46846851683));
#1961 = VECTOR('',#1962,1.);
#1962 = DIRECTION('',(-5.556931178496E-06,-0.258819045099,0.965925826274
    ));
#1963 = PCURVE('',#344,#1964);
#1964 = DEFINITIONAL_REPRESENTATION('',(#1965),#1968);
#1965 = B_SPLINE_CURVE_WITH_KNOTS('',1,(#1966,#1967),.UNSPECIFIED.,.F.,
  .F.,(2,2),(4.626099018464,27.402174987837),.PIECEWISE_BEZIER_KNOTS.);
#1966 = CARTESIAN_POINT('',(1.,18.076705603489));
#1967 = CARTESIAN_POINT('',(1.,15.799097997693));
#1968 = ( GEOMETRIC_REPRESENTATION_CONTEXT(2) 
PARAMETRIC_REPRESENTATION_CONTEXT() REPRESENTATION_CONTEXT('2D SPACE',''
  ) );
#1969 = PCURVE('',#1585,#1970);
#1970 = DEFINITIONAL_REPRESENTATION('',(#1971),#1975);
#1971 = LINE('',#1972,#1973);
#1972 = CARTESIAN_POINT('',(17.229023660573,15.531531483164));
#1973 = VECTOR('',#1974,1.);
#1974 = DIRECTION('',(-0.258819045158,0.965925826274));
#1975 = ( GEOMETRIC_REPRESENTATION_CONTEXT(2) 
PARAMETRIC_REPRESENTATION_CONTEXT() REPRESENTATION_CONTEXT('2D SPACE',''
  ) );
#1976 = ADVANCED_FACE('',(#1977),#1144,.F.);
#1977 = FACE_BOUND('',#1978,.F.);
#1978 = EDGE_LOOP('',(#1979,#2002,#2023,#2024,#2025));
#1979 = ORIENTED_EDGE('',*,*,#1980,.F.);
#1980 = EDGE_CURVE('',#1981,#1129,#1983,.T.);
#1981 = VERTEX_POINT('',#1982);
#1982 = CARTESIAN_POINT('',(18.,22.096379793984,-22.));
#1983 = SURFACE_CURVE('',#1984,(#1988,#1995),.PCURVE_S1.);
#1984 = LINE('',#1985,#1986);
#1985 = CARTESIAN_POINT('',(18.,22.096379793984,-22.));
#1986 = VECTOR('',#1987,1.);
#1987 = DIRECTION('',(0.,1.,0.));
#1988 = PCURVE('',#1144,#1989);
#1989 = DEFINITIONAL_REPRESENTATION('',(#1990),#1994);
#1990 = LINE('',#1991,#1992);
#1991 = CARTESIAN_POINT('',(68.716343453327,20.));
#1992 = VECTOR('',#1993,1.);
#1993 = DIRECTION('',(-1.,0.));
#1994 = ( GEOMETRIC_REPRESENTATION_CONTEXT(2) 
PARAMETRIC_REPRESENTATION_CONTEXT() REPRESENTATION_CONTEXT('2D SPACE',''
  ) );
#1995 = PCURVE('',#1173,#1996);
#1996 = DEFINITIONAL_REPRESENTATION('',(#1997),#2001);
#1997 = LINE('',#1998,#1999);
#1998 = CARTESIAN_POINT('',(38.,-3.403620206016));
#1999 = VECTOR('',#2000,1.);
#2000 = DIRECTION('',(0.,1.));
#2001 = ( GEOMETRIC_REPRESENTATION_CONTEXT(2) 
PARAMETRIC_REPRESENTATION_CONTEXT() REPRESENTATION_CONTEXT('2D SPACE',''
  ) );
#2002 = ORIENTED_EDGE('',*,*,#2003,.T.);
#2003 = EDGE_CURVE('',#1981,#1519,#2004,.T.);
#2004 = SURFACE_CURVE('',#2005,(#2009,#2016),.PCURVE_S1.);
#2005 = LINE('',#2006,#2007);
#2006 = CARTESIAN_POINT('',(18.,22.096379793984,0.));
#2007 = VECTOR('',#2008,1.);
#2008 = DIRECTION('',(0.,0.,1.));
#2009 = PCURVE('',#1144,#2010);
#2010 = DEFINITIONAL_REPRESENTATION('',(#2011),#2015);
#2011 = LINE('',#2012,#2013);
#2012 = CARTESIAN_POINT('',(68.716343453327,42.));
#2013 = VECTOR('',#2014,1.);
#2014 = DIRECTION('',(0.,1.));
#2015 = ( GEOMETRIC_REPRESENTATION_CONTEXT(2) 
PARAMETRIC_REPRESENTATION_CONTEXT() REPRESENTATION_CONTEXT('2D SPACE',''
  ) );
#2016 = PCURVE('',#1535,#2017);
#2017 = DEFINITIONAL_REPRESENTATION('',(#2018),#2022);
#2018 = LINE('',#2019,#2020);
#2019 = CARTESIAN_POINT('',(5.395977039557,0.));
#2020 = VECTOR('',#2021,1.);
#2021 = DIRECTION('',(0.,-1.));
#2022 = ( GEOMETRIC_REPRESENTATION_CONTEXT(2) 
PARAMETRIC_REPRESENTATION_CONTEXT() REPRESENTATION_CONTEXT('2D SPACE',''
  ) );
#2023 = ORIENTED_EDGE('',*,*,#1547,.T.);
#2024 = ORIENTED_EDGE('',*,*,#1216,.T.);
#2025 = ORIENTED_EDGE('',*,*,#1128,.T.);
#2026 = ADVANCED_FACE('',(#2027,#2225,#2256),#1173,.F.);
#2027 = FACE_BOUND('',#2028,.F.);
#2028 = EDGE_LOOP('',(#2029,#2030,#2031,#2032,#2056,#2082,#2152,#2180,
    #2203));
#2029 = ORIENTED_EDGE('',*,*,#1980,.T.);
#2030 = ORIENTED_EDGE('',*,*,#1156,.T.);
#2031 = ORIENTED_EDGE('',*,*,#1242,.T.);
#2032 = ORIENTED_EDGE('',*,*,#2033,.T.);
#2033 = EDGE_CURVE('',#1243,#2034,#2036,.T.);
#2034 = VERTEX_POINT('',#2035);
#2035 = CARTESIAN_POINT('',(17.,42.,-22.));
#2036 = SURFACE_CURVE('',#2037,(#2042,#2049),.PCURVE_S1.);
#2037 = CIRCLE('',#2038,0.5);
#2038 = AXIS2_PLACEMENT_3D('',#2039,#2040,#2041);
#2039 = CARTESIAN_POINT('',(17.,41.5,-22.));
#2040 = DIRECTION('',(0.,-0.,1.));
#2041 = DIRECTION('',(0.,1.,0.));
#2042 = PCURVE('',#1173,#2043);
#2043 = DEFINITIONAL_REPRESENTATION('',(#2044),#2048);
#2044 = CIRCLE('',#2045,0.5);
#2045 = AXIS2_PLACEMENT_2D('',#2046,#2047);
#2046 = CARTESIAN_POINT('',(37.,16.));
#2047 = DIRECTION('',(0.,1.));
#2048 = ( GEOMETRIC_REPRESENTATION_CONTEXT(2) 
PARAMETRIC_REPRESENTATION_CONTEXT() REPRESENTATION_CONTEXT('2D SPACE',''
  ) );
#2049 = PCURVE('',#1279,#2050);
#2050 = DEFINITIONAL_REPRESENTATION('',(#2051),#2055);
#2051 = LINE('',#2052,#2053);
#2052 = CARTESIAN_POINT('',(4.712388980385,20.232583129679));
#2053 = VECTOR('',#2054,1.);
#2054 = DIRECTION('',(-1.,0.));
#2055 = ( GEOMETRIC_REPRESENTATION_CONTEXT(2) 
PARAMETRIC_REPRESENTATION_CONTEXT() REPRESENTATION_CONTEXT('2D SPACE',''
  ) );
#2056 = ORIENTED_EDGE('',*,*,#2057,.T.);
#2057 = EDGE_CURVE('',#2034,#2058,#2060,.T.);
#2058 = VERTEX_POINT('',#2059);
#2059 = CARTESIAN_POINT('',(-18.21996402211,42.,-21.99999997221));
#2060 = SURFACE_CURVE('',#2061,(#2065,#2071),.PCURVE_S1.);
#2061 = LINE('',#2062,#2063);
#2062 = CARTESIAN_POINT('',(-40.,42.,-22.));
#2063 = VECTOR('',#2064,1.);
#2064 = DIRECTION('',(-1.,0.,0.));
#2065 = PCURVE('',#1173,#2066);
#2066 = DEFINITIONAL_REPRESENTATION('',(#2067),#2070);
#2067 = B_SPLINE_CURVE_WITH_KNOTS('',1,(#2068,#2069),.UNSPECIFIED.,.F.,
  .F.,(2,2),(-62.37522175622,-17.62768929203),.PIECEWISE_BEZIER_KNOTS.);
#2068 = CARTESIAN_POINT('',(42.375221756224,16.5));
#2069 = CARTESIAN_POINT('',(-2.372310707965,16.5));
#2070 = ( GEOMETRIC_REPRESENTATION_CONTEXT(2) 
PARAMETRIC_REPRESENTATION_CONTEXT() REPRESENTATION_CONTEXT('2D SPACE',''
  ) );
#2071 = PCURVE('',#2072,#2077);
#2072 = PLANE('',#2073);
#2073 = AXIS2_PLACEMENT_3D('',#2074,#2075,#2076);
#2074 = CARTESIAN_POINT('',(-60.,42.,-60.));
#2075 = DIRECTION('',(0.,1.,0.));
#2076 = DIRECTION('',(0.,0.,1.));
#2077 = DEFINITIONAL_REPRESENTATION('',(#2078),#2081);
#2078 = B_SPLINE_CURVE_WITH_KNOTS('',1,(#2079,#2080),.UNSPECIFIED.,.F.,
  .F.,(2,2),(-62.37522175622,-17.62768929203),.PIECEWISE_BEZIER_KNOTS.);
#2079 = CARTESIAN_POINT('',(38.,82.375221756224));
#2080 = CARTESIAN_POINT('',(38.,37.627689292035));
#2081 = ( GEOMETRIC_REPRESENTATION_CONTEXT(2) 
PARAMETRIC_REPRESENTATION_CONTEXT() REPRESENTATION_CONTEXT('2D SPACE',''
  ) );
#2082 = ORIENTED_EDGE('',*,*,#2083,.T.);
#2083 = EDGE_CURVE('',#2058,#2084,#2086,.T.);
#2084 = VERTEX_POINT('',#2085);
#2085 = CARTESIAN_POINT('',(-18.00105647317,41.606539315945,-22.));
#2086 = SURFACE_CURVE('',#2087,(#2095,#2106),.PCURVE_S1.);
#2087 = B_SPLINE_CURVE_WITH_KNOTS('',3,(#2088,#2089,#2090,#2091,#2092,
    #2093,#2094),.UNSPECIFIED.,.F.,.F.,(4,3,4),(0.,0.479235139141,
    0.958024776329),.UNSPECIFIED.);
#2088 = CARTESIAN_POINT('',(-22.37231070796,50.12890201028,-22.));
#2089 = CARTESIAN_POINT('',(-21.69400617876,48.68261332887,-22.));
#2090 = CARTESIAN_POINT('',(-20.99018673099,47.248410048753,
    -21.99999889292));
#2091 = CARTESIAN_POINT('',(-20.2611387457,45.827025127251,
    -21.99999888781));
#2092 = CARTESIAN_POINT('',(-19.53276849098,44.40696153991,
    -21.9999988827));
#2093 = CARTESIAN_POINT('',(-18.77931574157,42.999885809192,
    -21.99999999999));
#2094 = CARTESIAN_POINT('',(-18.00105647317,41.606539315945,-22.));
#2095 = PCURVE('',#1173,#2096);
#2096 = DEFINITIONAL_REPRESENTATION('',(#2097),#2105);
#2097 = B_SPLINE_CURVE_WITH_KNOTS('',3,(#2098,#2099,#2100,#2101,#2102,
    #2103,#2104),.UNSPECIFIED.,.F.,.F.,(4,3,4),(0.,0.479235139141,
    0.958024776329),.UNSPECIFIED.);
#2098 = CARTESIAN_POINT('',(-2.372310707965,24.62890201028));
#2099 = CARTESIAN_POINT('',(-1.694006178762,23.18261332887));
#2100 = CARTESIAN_POINT('',(-0.990186730996,21.748410048753));
#2101 = CARTESIAN_POINT('',(-0.261138745705,20.327025127251));
#2102 = CARTESIAN_POINT('',(0.467231509019,18.90696153991));
#2103 = CARTESIAN_POINT('',(1.220684258427,17.499885809192));
#2104 = CARTESIAN_POINT('',(1.998943526827,16.106539315945));
#2105 = ( GEOMETRIC_REPRESENTATION_CONTEXT(2) 
PARAMETRIC_REPRESENTATION_CONTEXT() REPRESENTATION_CONTEXT('2D SPACE',''
  ) );
#2106 = PCURVE('',#2107,#2124);
#2107 = B_SPLINE_SURFACE_WITH_KNOTS('',3,3,(
    (#2108,#2109,#2110,#2111)
    ,(#2112,#2113,#2114,#2115)
    ,(#2116,#2117,#2118,#2119)
    ,(#2120,#2121,#2122,#2123
    )),.UNSPECIFIED.,.F.,.F.,.F.,(4,4),(4,4),(0.,1.),(15.799097997693,
    18.297360304559),.PIECEWISE_BEZIER_KNOTS.);
#2108 = CARTESIAN_POINT('',(-22.37231070796,43.662999052494,
    2.131381010178));
#2109 = CARTESIAN_POINT('',(-22.37231070796,45.818300038422,
    -5.912412659881));
#2110 = CARTESIAN_POINT('',(-22.37231070796,47.973601024351,
    -13.95620632994));
#2111 = CARTESIAN_POINT('',(-22.37231070796,50.12890201028,-22.));
#2112 = CARTESIAN_POINT('',(-21.01505511703,40.962850362203,
    1.407603151963));
#2113 = CARTESIAN_POINT('',(-21.01503936937,43.118159220206,
    -6.63618840879));
#2114 = CARTESIAN_POINT('',(-21.01502362181,45.273468078353,
    -14.6799799695));
#2115 = CARTESIAN_POINT('',(-21.01500787416,47.428776936352,
    -22.72377153025));
#2116 = CARTESIAN_POINT('',(-19.55674416371,38.310095749504,
    0.696524339421));
#2117 = CARTESIAN_POINT('',(-19.5567129778,40.465413022583,
    -7.34726496653));
#2118 = CARTESIAN_POINT('',(-19.556681792,42.620730295804,
    -15.39105427244));
#2119 = CARTESIAN_POINT('',(-19.55665060609,44.776047568879,
    -23.43484357839));
#2120 = CARTESIAN_POINT('',(-18.00118303825,35.71165708246,
    1.554312234475E-14));
#2121 = CARTESIAN_POINT('',(-18.00113676268,37.86698328964,
    -8.043786912079));
#2122 = CARTESIAN_POINT('',(-18.00109048711,40.02230949682,
    -16.08757382415));
#2123 = CARTESIAN_POINT('',(-18.00104421154,42.177635703999,
    -24.13136073623));
#2124 = DEFINITIONAL_REPRESENTATION('',(#2125),#2151);
#2125 = B_SPLINE_CURVE_WITH_KNOTS('',3,(#2126,#2127,#2128,#2129,#2130,
    #2131,#2132,#2133,#2134,#2135,#2136,#2137,#2138,#2139,#2140,#2141,
    #2142,#2143,#2144,#2145,#2146,#2147,#2148,#2149,#2150),
  .UNSPECIFIED.,.F.,.F.,(4,1,1,1,1,1,1,1,1,1,1,1,1,1,1,1,1,1,1,1,1,1,4),
  (0.,4.354658074222E-02,8.709316148445E-02,0.130639742227,
    0.174186322969,0.217732903711,0.261279484453,0.304826065196,
    0.348372645938,0.39191922668,0.435465807422,0.479012388164,
    0.522558968907,0.566105549649,0.609652130391,0.653198711133,
    0.696745291876,0.740291872618,0.78383845336,0.827385034102,
    0.870931614844,0.914478195587,0.958024776329),
  .QUASI_UNIFORM_KNOTS.);
#2126 = CARTESIAN_POINT('',(0.,18.297360304559));
#2127 = CARTESIAN_POINT('',(1.513673168929E-02,18.29395770594));
#2128 = CARTESIAN_POINT('',(4.541133426631E-02,18.287157672111));
#2129 = CARTESIAN_POINT('',(9.082677704347E-02,18.276973197986));
#2130 = CARTESIAN_POINT('',(0.136245879933,18.266804386865));
#2131 = CARTESIAN_POINT('',(0.18166876454,18.256651325139));
#2132 = CARTESIAN_POINT('',(0.227095552825,18.246514099178));
#2133 = CARTESIAN_POINT('',(0.272526366712,18.236392795428));
#2134 = CARTESIAN_POINT('',(0.31796132962,18.226287500061));
#2135 = CARTESIAN_POINT('',(0.363400560647,18.216198300262));
#2136 = CARTESIAN_POINT('',(0.408844196234,18.20612527944));
#2137 = CARTESIAN_POINT('',(0.454292309237,18.196068535095));
#2138 = CARTESIAN_POINT('',(0.499745210895,18.186028112139));
#2139 = CARTESIAN_POINT('',(0.545202323821,18.176004251743));
#2140 = CARTESIAN_POINT('',(0.590663043086,18.165997199923));
#2141 = CARTESIAN_POINT('',(0.636127684832,18.156006999395));
#2142 = CARTESIAN_POINT('',(0.68159631884,18.14603374734));
#2143 = CARTESIAN_POINT('',(0.727069081306,18.136077526348));
#2144 = CARTESIAN_POINT('',(0.772546091011,18.126138422918));
#2145 = CARTESIAN_POINT('',(0.818027471771,18.1162165225));
#2146 = CARTESIAN_POINT('',(0.8635133464,18.106311910827));
#2147 = CARTESIAN_POINT('',(0.909003838318,18.096424673555));
#2148 = CARTESIAN_POINT('',(0.95449907108,18.086554896362));
#2149 = CARTESIAN_POINT('',(0.984832469412,18.079986742066));
#2150 = CARTESIAN_POINT('',(1.,18.076705603489));
#2151 = ( GEOMETRIC_REPRESENTATION_CONTEXT(2) 
PARAMETRIC_REPRESENTATION_CONTEXT() REPRESENTATION_CONTEXT('2D SPACE',''
  ) );
#2152 = ORIENTED_EDGE('',*,*,#2153,.F.);
#2153 = EDGE_CURVE('',#2154,#2084,#2156,.T.);
#2154 = VERTEX_POINT('',#2155);
#2155 = CARTESIAN_POINT('',(-18.00111243644,39.,-22.));
#2156 = SURFACE_CURVE('',#2157,(#2161,#2168),.PCURVE_S1.);
#2157 = LINE('',#2158,#2159);
#2158 = CARTESIAN_POINT('',(-18.00109414864,39.851770376706,-22.));
#2159 = VECTOR('',#2160,1.);
#2160 = DIRECTION('',(2.147033335626E-05,0.99999999977,0.));
#2161 = PCURVE('',#1173,#2162);
#2162 = DEFINITIONAL_REPRESENTATION('',(#2163),#2167);
#2163 = LINE('',#2164,#2165);
#2164 = CARTESIAN_POINT('',(1.998905851353,14.351770376706));
#2165 = VECTOR('',#2166,1.);
#2166 = DIRECTION('',(2.147033335626E-05,0.99999999977));
#2167 = ( GEOMETRIC_REPRESENTATION_CONTEXT(2) 
PARAMETRIC_REPRESENTATION_CONTEXT() REPRESENTATION_CONTEXT('2D SPACE',''
  ) );
#2168 = PCURVE('',#2169,#2174);
#2169 = PLANE('',#2170);
#2170 = AXIS2_PLACEMENT_3D('',#2171,#2172,#2173);
#2171 = CARTESIAN_POINT('',(-18.00140067914,25.574838189833,-42.));
#2172 = DIRECTION('',(0.99999999977,-2.147033335626E-05,0.));
#2173 = DIRECTION('',(2.147033335626E-05,0.99999999977,0.));
#2174 = DEFINITIONAL_REPRESENTATION('',(#2175),#2179);
#2175 = LINE('',#2176,#2177);
#2176 = CARTESIAN_POINT('',(14.276932190163,20.));
#2177 = VECTOR('',#2178,1.);
#2178 = DIRECTION('',(1.,0.));
#2179 = ( GEOMETRIC_REPRESENTATION_CONTEXT(2) 
PARAMETRIC_REPRESENTATION_CONTEXT() REPRESENTATION_CONTEXT('2D SPACE',''
  ) );
#2180 = ORIENTED_EDGE('',*,*,#2181,.F.);
#2181 = EDGE_CURVE('',#2182,#2154,#2184,.T.);
#2182 = VERTEX_POINT('',#2183);
#2183 = CARTESIAN_POINT('',(-18.0014753886,22.09517784118,-22.));
#2184 = SURFACE_CURVE('',#2185,(#2189,#2196),.PCURVE_S1.);
#2185 = LINE('',#2186,#2187);
#2186 = CARTESIAN_POINT('',(-18.00109414864,39.851770376706,-22.));
#2187 = VECTOR('',#2188,1.);
#2188 = DIRECTION('',(2.147033335626E-05,0.99999999977,0.));
#2189 = PCURVE('',#1173,#2190);
#2190 = DEFINITIONAL_REPRESENTATION('',(#2191),#2195);
#2191 = LINE('',#2192,#2193);
#2192 = CARTESIAN_POINT('',(1.998905851353,14.351770376706));
#2193 = VECTOR('',#2194,1.);
#2194 = DIRECTION('',(2.147033335626E-05,0.99999999977));
#2195 = ( GEOMETRIC_REPRESENTATION_CONTEXT(2) 
PARAMETRIC_REPRESENTATION_CONTEXT() REPRESENTATION_CONTEXT('2D SPACE',''
  ) );
#2196 = PCURVE('',#1585,#2197);
#2197 = DEFINITIONAL_REPRESENTATION('',(#2198),#2202);
#2198 = LINE('',#2199,#2200);
#2199 = CARTESIAN_POINT('',(14.276932190163,20.));
#2200 = VECTOR('',#2201,1.);
#2201 = DIRECTION('',(1.,0.));
#2202 = ( GEOMETRIC_REPRESENTATION_CONTEXT(2) 
PARAMETRIC_REPRESENTATION_CONTEXT() REPRESENTATION_CONTEXT('2D SPACE',''
  ) );
#2203 = ORIENTED_EDGE('',*,*,#2204,.F.);
#2204 = EDGE_CURVE('',#1981,#2182,#2205,.T.);
#2205 = SURFACE_CURVE('',#2206,(#2211,#2218),.PCURVE_S1.);
#2206 = CIRCLE('',#2207,28.5);
#2207 = AXIS2_PLACEMENT_3D('',#2208,#2209,#2210);
#2208 = CARTESIAN_POINT('',(0.,0.,-22.));
#2209 = DIRECTION('',(0.,0.,1.));
#2210 = DIRECTION('',(1.,0.,-0.));
#2211 = PCURVE('',#1173,#2212);
#2212 = DEFINITIONAL_REPRESENTATION('',(#2213),#2217);
#2213 = CIRCLE('',#2214,28.5);
#2214 = AXIS2_PLACEMENT_2D('',#2215,#2216);
#2215 = CARTESIAN_POINT('',(20.,-25.5));
#2216 = DIRECTION('',(1.,0.));
#2217 = ( GEOMETRIC_REPRESENTATION_CONTEXT(2) 
PARAMETRIC_REPRESENTATION_CONTEXT() REPRESENTATION_CONTEXT('2D SPACE',''
  ) );
#2218 = PCURVE('',#1535,#2219);
#2219 = DEFINITIONAL_REPRESENTATION('',(#2220),#2224);
#2220 = LINE('',#2221,#2222);
#2221 = CARTESIAN_POINT('',(6.28318530718,22.));
#2222 = VECTOR('',#2223,1.);
#2223 = DIRECTION('',(-1.,0.));
#2224 = ( GEOMETRIC_REPRESENTATION_CONTEXT(2) 
PARAMETRIC_REPRESENTATION_CONTEXT() REPRESENTATION_CONTEXT('2D SPACE',''
  ) );
#2225 = FACE_BOUND('',#2226,.F.);
#2226 = EDGE_LOOP('',(#2227));
#2227 = ORIENTED_EDGE('',*,*,#2228,.F.);
#2228 = EDGE_CURVE('',#2229,#2229,#2231,.T.);
#2229 = VERTEX_POINT('',#2230);
#2230 = CARTESIAN_POINT('',(-12.55790689328,29.999241273648,-22.));
#2231 = SURFACE_CURVE('',#2232,(#2237,#2244),.PCURVE_S1.);
#2232 = CIRCLE('',#2233,1.35);
#2233 = AXIS2_PLACEMENT_3D('',#2234,#2235,#2236);
#2234 = CARTESIAN_POINT('',(-11.20790689328,29.999241273648,-22.));
#2235 = DIRECTION('',(0.,0.,1.));
#2236 = DIRECTION('',(1.,-6.938893903908E-18,0.));
#2237 = PCURVE('',#1173,#2238);
#2238 = DEFINITIONAL_REPRESENTATION('',(#2239),#2243);
#2239 = CIRCLE('',#2240,1.35);
#2240 = AXIS2_PLACEMENT_2D('',#2241,#2242);
#2241 = CARTESIAN_POINT('',(8.79209310672,4.499241273648));
#2242 = DIRECTION('',(1.,-6.938893903908E-18));
#2243 = ( GEOMETRIC_REPRESENTATION_CONTEXT(2) 
PARAMETRIC_REPRESENTATION_CONTEXT() REPRESENTATION_CONTEXT('2D SPACE',''
  ) );
#2244 = PCURVE('',#2245,#2250);
#2245 = CYLINDRICAL_SURFACE('',#2246,1.35);
#2246 = AXIS2_PLACEMENT_3D('',#2247,#2248,#2249);
#2247 = CARTESIAN_POINT('',(-11.20790689327,29.999241273648,-4.9));
#2248 = DIRECTION('',(-1.309493823917E-15,-1.138690281667E-16,-1.));
#2249 = DIRECTION('',(1.,-6.938893903908E-18,-1.309493823917E-15));
#2250 = DEFINITIONAL_REPRESENTATION('',(#2251),#2255);
#2251 = LINE('',#2252,#2253);
#2252 = CARTESIAN_POINT('',(6.28318530718,17.1));
#2253 = VECTOR('',#2254,1.);
#2254 = DIRECTION('',(-1.,0.));
#2255 = ( GEOMETRIC_REPRESENTATION_CONTEXT(2) 
PARAMETRIC_REPRESENTATION_CONTEXT() REPRESENTATION_CONTEXT('2D SPACE',''
  ) );
#2256 = FACE_BOUND('',#2257,.F.);
#2257 = EDGE_LOOP('',(#2258));
#2258 = ORIENTED_EDGE('',*,*,#2259,.F.);
#2259 = EDGE_CURVE('',#2260,#2260,#2262,.T.);
#2260 = VERTEX_POINT('',#2261);
#2261 = CARTESIAN_POINT('',(9.44209310672,29.999241273648,-22.));
#2262 = SURFACE_CURVE('',#2263,(#2268,#2275),.PCURVE_S1.);
#2263 = CIRCLE('',#2264,1.35);
#2264 = AXIS2_PLACEMENT_3D('',#2265,#2266,#2267);
#2265 = CARTESIAN_POINT('',(10.79209310672,29.999241273648,-22.));
#2266 = DIRECTION('',(0.,0.,1.));
#2267 = DIRECTION('',(1.,-6.938893903908E-18,0.));
#2268 = PCURVE('',#1173,#2269);
#2269 = DEFINITIONAL_REPRESENTATION('',(#2270),#2274);
#2270 = CIRCLE('',#2271,1.35);
#2271 = AXIS2_PLACEMENT_2D('',#2272,#2273);
#2272 = CARTESIAN_POINT('',(30.79209310672,4.499241273648));
#2273 = DIRECTION('',(1.,-6.938893903908E-18));
#2274 = ( GEOMETRIC_REPRESENTATION_CONTEXT(2) 
PARAMETRIC_REPRESENTATION_CONTEXT() REPRESENTATION_CONTEXT('2D SPACE',''
  ) );
#2275 = PCURVE('',#2276,#2281);
#2276 = CYLINDRICAL_SURFACE('',#2277,1.35);
#2277 = AXIS2_PLACEMENT_3D('',#2278,#2279,#2280);
#2278 = CARTESIAN_POINT('',(10.792093106721,29.999241273648,-4.9));
#2279 = DIRECTION('',(-1.309493823917E-15,-1.138690281667E-16,-1.));
#2280 = DIRECTION('',(1.,-6.938893903908E-18,-1.309493823917E-15));
#2281 = DEFINITIONAL_REPRESENTATION('',(#2282),#2286);
#2282 = LINE('',#2283,#2284);
#2283 = CARTESIAN_POINT('',(6.28318530718,17.1));
#2284 = VECTOR('',#2285,1.);
#2285 = DIRECTION('',(-1.,0.));
#2286 = ( GEOMETRIC_REPRESENTATION_CONTEXT(2) 
PARAMETRIC_REPRESENTATION_CONTEXT() REPRESENTATION_CONTEXT('2D SPACE',''
  ) );
#2287 = ADVANCED_FACE('',(#2288),#1438,.T.);
#2288 = FACE_BOUND('',#2289,.T.);
#2289 = EDGE_LOOP('',(#2290,#2291,#2292,#2384));
#2290 = ORIENTED_EDGE('',*,*,#1684,.F.);
#2291 = ORIENTED_EDGE('',*,*,#1418,.F.);
#2292 = ORIENTED_EDGE('',*,*,#2293,.T.);
#2293 = EDGE_CURVE('',#1292,#2294,#2296,.T.);
#2294 = VERTEX_POINT('',#2295);
#2295 = CARTESIAN_POINT('',(10.581083568298,40.73691232787,
    -1.412383978514));
#2296 = SURFACE_CURVE('',#2297,(#2324,#2354),.PCURVE_S1.);
#2297 = B_SPLINE_CURVE_WITH_KNOTS('',4,(#2298,#2299,#2300,#2301,#2302,
    #2303,#2304,#2305,#2306,#2307,#2308,#2309,#2310,#2311,#2312,#2313,
    #2314,#2315,#2316,#2317,#2318,#2319,#2320,#2321,#2322,#2323),
  .UNSPECIFIED.,.F.,.F.,(5,3,3,3,3,3,3,3,5),(0.,0.125130780747,
    0.249809151967,0.374588814538,0.499475724937,0.624476269597,
    0.749597305747,0.874846206622,1.),.UNSPECIFIED.);
#2298 = CARTESIAN_POINT('',(19.649064540947,38.999999990434,
    -0.9242501076));
#2299 = CARTESIAN_POINT('',(19.364658561064,39.050605805254,
    -0.938472492465));
#2300 = CARTESIAN_POINT('',(19.080304574941,39.101491933148,
    -0.95277360087));
#2301 = CARTESIAN_POINT('',(18.796004122582,39.152663682564,
    -0.96715496811));
#2302 = CARTESIAN_POINT('',(18.228541205597,39.255403232279,
    -0.99602892615));
#2303 = CARTESIAN_POINT('',(17.945378346781,39.306968950202,
    -1.010520942161));
#2304 = CARTESIAN_POINT('',(17.662271852604,39.358829069016,
    -1.025095665197));
#2305 = CARTESIAN_POINT('',(17.095945073767,39.463191868708,
    -1.05442563503));
#2306 = CARTESIAN_POINT('',(16.812724884002,39.515695038117,
    -1.069181019073));
#2307 = CARTESIAN_POINT('',(16.529564592659,39.568504494995,
    -1.084022451677));
#2308 = CARTESIAN_POINT('',(15.963124164197,39.674793612682,
    -1.113893610862));
#2309 = CARTESIAN_POINT('',(15.679844133776,39.728273811292,
    -1.128923488536));
#2310 = CARTESIAN_POINT('',(15.396627793073,39.782072821546,
    -1.144042935462));
#2311 = CARTESIAN_POINT('',(14.830068801114,39.890370306464,
    -1.174478348333));
#2312 = CARTESIAN_POINT('',(14.546726269984,39.944869373845,
    -1.189794480801));
#2313 = CARTESIAN_POINT('',(14.263451502053,39.999700456458,
    -1.205203894125));
#2314 = CARTESIAN_POINT('',(13.69676874501,40.110093086628,
    -1.23622795379));
#2315 = CARTESIAN_POINT('',(13.413360891321,40.165655288218,
    -1.251842783886));
#2316 = CARTESIAN_POINT('',(13.130025183759,40.221563433042,-1.26755481)
  );
#2317 = CARTESIAN_POINT('',(12.563213150905,40.334143060873,
    -1.299193335485));
#2318 = CARTESIAN_POINT('',(12.279736978503,40.390815266481,
    -1.31512003788));
#2319 = CARTESIAN_POINT('',(11.996337674747,40.447848116211,
    -1.331148068641));
#2320 = CARTESIAN_POINT('',(11.42991285771,40.562606219418,
    -1.363398670427));
#2321 = CARTESIAN_POINT('',(11.14688722476,40.620330915189,
    -1.379621084754));
#2322 = CARTESIAN_POINT('',(10.863943249825,40.678430383297,
    -1.395948798924));
#2323 = CARTESIAN_POINT('',(10.581083568298,40.73691232787,
    -1.412383978514));
#2324 = PCURVE('',#1438,#2325);
#2325 = DEFINITIONAL_REPRESENTATION('',(#2326),#2353);
#2326 = B_SPLINE_CURVE_WITH_KNOTS('',4,(#2327,#2328,#2329,#2330,#2331,
    #2332,#2333,#2334,#2335,#2336,#2337,#2338,#2339,#2340,#2341,#2342,
    #2343,#2344,#2345,#2346,#2347,#2348,#2349,#2350,#2351,#2352),
  .UNSPECIFIED.,.F.,.F.,(5,3,3,3,3,3,3,3,5),(0.,0.125130780747,
    0.249809151967,0.374588814538,0.499475724937,0.624476269597,
    0.749597305747,0.874846206622,1.),.UNSPECIFIED.);
#2327 = CARTESIAN_POINT('',(0.137174476723,0.));
#2328 = CARTESIAN_POINT('',(0.13820097906,3.138915897229E-02));
#2329 = CARTESIAN_POINT('',(0.139236405748,6.277069400669E-02));
#2330 = CARTESIAN_POINT('',(0.140280930339,9.414437408168E-02));
#2331 = CARTESIAN_POINT('',(0.142384709712,0.15676222236));
#2332 = CARTESIAN_POINT('',(0.143443898947,0.188006442465));
#2333 = CARTESIAN_POINT('',(0.144512466765,0.219242444807));
#2334 = CARTESIAN_POINT('',(0.1466696009,0.281722925121));
#2335 = CARTESIAN_POINT('',(0.147758182782,0.312967389303));
#2336 = CARTESIAN_POINT('',(0.148856524696,0.344203162608));
#2337 = CARTESIAN_POINT('',(0.151074065574,0.406683676786));
#2338 = CARTESIAN_POINT('',(0.152193281678,0.437928402226));
#2339 = CARTESIAN_POINT('',(0.153322659858,0.469163930662));
#2340 = CARTESIAN_POINT('',(0.155603181984,0.531644481854));
#2341 = CARTESIAN_POINT('',(0.156754344825,0.56288948732));
#2342 = CARTESIAN_POINT('',(0.157916093752,0.594124753598));
#2343 = CARTESIAN_POINT('',(0.160262320003,0.656605345283));
#2344 = CARTESIAN_POINT('',(0.161446818184,0.687850651286));
#2345 = CARTESIAN_POINT('',(0.162642349896,0.719085636519));
#2346 = CARTESIAN_POINT('',(0.16505716237,0.781566272541));
#2347 = CARTESIAN_POINT('',(0.166276466181,0.812811901525));
#2348 = CARTESIAN_POINT('',(0.167507275995,0.844046585058));
#2349 = CARTESIAN_POINT('',(0.169991437026,0.906469705506));
#2350 = CARTESIAN_POINT('',(0.171244770448,0.937658159437));
#2351 = CARTESIAN_POINT('',(0.172510064467,0.9688350394));
#2352 = CARTESIAN_POINT('',(0.173787567017,1.));
#2353 = ( GEOMETRIC_REPRESENTATION_CONTEXT(2) 
PARAMETRIC_REPRESENTATION_CONTEXT() REPRESENTATION_CONTEXT('2D SPACE',''
  ) );
#2354 = PCURVE('',#1329,#2355);
#2355 = DEFINITIONAL_REPRESENTATION('',(#2356),#2383);
#2356 = B_SPLINE_CURVE_WITH_KNOTS('',4,(#2357,#2358,#2359,#2360,#2361,
    #2362,#2363,#2364,#2365,#2366,#2367,#2368,#2369,#2370,#2371,#2372,
    #2373,#2374,#2375,#2376,#2377,#2378,#2379,#2380,#2381,#2382),
  .UNSPECIFIED.,.F.,.F.,(5,3,3,3,3,3,3,3,5),(0.,0.125130780747,
    0.249809151967,0.374588814538,0.499475724937,0.624476269597,
    0.749597305747,0.874846206622,1.),.UNSPECIFIED.);
#2357 = CARTESIAN_POINT('',(0.896491761414,0.548077574092));
#2358 = CARTESIAN_POINT('',(0.889083905526,0.541123381111));
#2359 = CARTESIAN_POINT('',(0.881751019791,0.53413069283));
#2360 = CARTESIAN_POINT('',(0.874492094932,0.527098763408));
#2361 = CARTESIAN_POINT('',(0.860146260928,0.512980518494));
#2362 = CARTESIAN_POINT('',(0.853058822195,0.505894485209));
#2363 = CARTESIAN_POINT('',(0.84604293154,0.498768011399));
#2364 = CARTESIAN_POINT('',(0.83214681469,0.484426794668));
#2365 = CARTESIAN_POINT('',(0.825266703231,0.477211984638));
#2366 = CARTESIAN_POINT('',(0.818456463158,0.469955100202));
#2367 = CARTESIAN_POINT('',(0.804968225036,0.455349262885));
#2368 = CARTESIAN_POINT('',(0.798290345577,0.448000236126));
#2369 = CARTESIAN_POINT('',(0.791680747201,0.440607413478));
#2370 = CARTESIAN_POINT('',(0.778590531924,0.425725678012));
#2371 = CARTESIAN_POINT('',(0.772110037757,0.418236683769));
#2372 = CARTESIAN_POINT('',(0.76569631715,0.410702078809));
#2373 = CARTESIAN_POINT('',(0.752994751256,0.39553251791));
#2374 = CARTESIAN_POINT('',(0.746707033171,0.387897472123));
#2375 = CARTESIAN_POINT('',(0.740484660539,0.380214901255));
#2376 = CARTESIAN_POINT('',(0.728162831833,0.364744890422));
#2377 = CARTESIAN_POINT('',(0.722063507782,0.356957351186));
#2378 = CARTESIAN_POINT('',(0.716028177374,0.349120266313));
#2379 = CARTESIAN_POINT('',(0.704088625373,0.333350973928));
#2380 = CARTESIAN_POINT('',(0.698184307619,0.325418843036));
#2381 = CARTESIAN_POINT('',(0.692342475618,0.317435224608));
#2382 = CARTESIAN_POINT('',(0.686562458914,0.309399059762));
#2383 = ( GEOMETRIC_REPRESENTATION_CONTEXT(2) 
PARAMETRIC_REPRESENTATION_CONTEXT() REPRESENTATION_CONTEXT('2D SPACE',''
  ) );
#2384 = ORIENTED_EDGE('',*,*,#2385,.T.);
#2385 = EDGE_CURVE('',#2294,#1685,#2386,.T.);
#2386 = SURFACE_CURVE('',#2387,(#2393,#2400),.PCURVE_S1.);
#2387 = B_SPLINE_CURVE_WITH_KNOTS('',4,(#2388,#2389,#2390,#2391,#2392),
  .UNSPECIFIED.,.F.,.F.,(5,5),(0.,1.),.PIECEWISE_BEZIER_KNOTS.);
#2388 = CARTESIAN_POINT('',(9.,43.54928772117,-11.90831183626));
#2389 = CARTESIAN_POINT('',(9.4922186205,42.698829150922,-8.734357242367
    ));
#2390 = CARTESIAN_POINT('',(9.973153535045,41.847932513232,
    -5.558767758519));
#2391 = CARTESIAN_POINT('',(10.443074082128,40.996623613497,
    -2.381639691772));
#2392 = CARTESIAN_POINT('',(10.902212566762,40.14492479794,
    0.796943560631));
#2393 = PCURVE('',#1438,#2394);
#2394 = DEFINITIONAL_REPRESENTATION('',(#2395),#2399);
#2395 = LINE('',#2396,#2397);
#2396 = CARTESIAN_POINT('',(1.,1.));
#2397 = VECTOR('',#2398,1.);
#2398 = DIRECTION('',(-1.,0.));
#2399 = ( GEOMETRIC_REPRESENTATION_CONTEXT(2) 
PARAMETRIC_REPRESENTATION_CONTEXT() REPRESENTATION_CONTEXT('2D SPACE',''
  ) );
#2400 = PCURVE('',#2401,#2418);
#2401 = B_SPLINE_SURFACE_WITH_KNOTS('',3,3,(
    (#2402,#2403,#2404,#2405)
    ,(#2406,#2407,#2408,#2409)
    ,(#2410,#2411,#2412,#2413)
    ,(#2414,#2415,#2416,#2417
    )),.UNSPECIFIED.,.F.,.F.,.F.,(4,4),(4,4),(0.,1.),(15.770575776454,
    18.268776031355),.PIECEWISE_BEZIER_KNOTS.);
#2402 = CARTESIAN_POINT('',(13.375221756224,56.816705233649,
    -18.42421259818));
#2403 = CARTESIAN_POINT('',(13.375221756224,52.653060755338,
    -11.21251659649));
#2404 = CARTESIAN_POINT('',(13.375221756224,48.489416277027,
    -4.000820594799));
#2405 = CARTESIAN_POINT('',(13.375221756224,44.325771798716,
    3.210875406896));
#2406 = CARTESIAN_POINT('',(12.016621077283,54.395757117211,
    -19.82201557705));
#2407 = CARTESIAN_POINT('',(12.016621640454,50.232104996848,
    -12.6103239873));
#2408 = CARTESIAN_POINT('',(12.016622203333,46.068452876579,
    -5.398632397503));
#2409 = CARTESIAN_POINT('',(12.01662276651,41.904800756216,
    1.813059192249));
#2410 = CARTESIAN_POINT('',(10.556943735732,52.017351980864,
    -21.19525653274));
#2411 = CARTESIAN_POINT('',(10.556944292617,47.853692306213,
    -13.98356930426));
#2412 = CARTESIAN_POINT('',(10.556944849211,43.69003263166,
    -6.771882075732));
#2413 = CARTESIAN_POINT('',(10.556945406102,39.526372957009,
    0.439805152745));
#2414 = CARTESIAN_POINT('',(9.,49.687698293935,-22.54035082601));
#2415 = CARTESIAN_POINT('',(9.,45.524031203183,-15.32866787902));
#2416 = CARTESIAN_POINT('',(9.,41.36036411243,-8.116984932042));
#2417 = CARTESIAN_POINT('',(9.,37.196697021678,-0.905301985057));
#2418 = DEFINITIONAL_REPRESENTATION('',(#2419),#2425);
#2419 = B_SPLINE_CURVE_WITH_KNOTS('',4,(#2420,#2421,#2422,#2423,#2424),
  .UNSPECIFIED.,.F.,.F.,(5,5),(0.,0.862825656939),
  .PIECEWISE_BEZIER_KNOTS.);
#2420 = CARTESIAN_POINT('',(1.,16.998257891228));
#2421 = CARTESIAN_POINT('',(0.90907429333,17.272113228066));
#2422 = CARTESIAN_POINT('',(0.818569774099,17.546090284706));
#2423 = CARTESIAN_POINT('',(0.728468233006,17.820182874762));
#2424 = CARTESIAN_POINT('',(0.638753184377,18.094385527372));
#2425 = ( GEOMETRIC_REPRESENTATION_CONTEXT(2) 
PARAMETRIC_REPRESENTATION_CONTEXT() REPRESENTATION_CONTEXT('2D SPACE',''
  ) );
#2426 = ADVANCED_FACE('',(#2427),#1279,.T.);
#2427 = FACE_BOUND('',#2428,.F.);
#2428 = EDGE_LOOP('',(#2429,#2479,#2500,#2501));
#2429 = ORIENTED_EDGE('',*,*,#2430,.T.);
#2430 = EDGE_CURVE('',#1264,#2431,#2433,.T.);
#2431 = VERTEX_POINT('',#2432);
#2432 = CARTESIAN_POINT('',(17.,42.,-1.767414091343));
#2433 = SURFACE_CURVE('',#2434,(#2447,#2463),.PCURVE_S1.);
#2434 = B_SPLINE_CURVE_WITH_KNOTS('',6,(#2435,#2436,#2437,#2438,#2439,
    #2440,#2441,#2442,#2443,#2444,#2445,#2446),.UNSPECIFIED.,.F.,.F.,(7,
    5,7),(0.,0.509394121475,1.),.UNSPECIFIED.);
#2435 = CARTESIAN_POINT('',(17.5,41.5,-1.626888743971));
#2436 = CARTESIAN_POINT('',(17.5,41.566101174041,-1.645466913418));
#2437 = CARTESIAN_POINT('',(17.489513381706,41.63220925255,
    -1.664046960964));
#2438 = CARTESIAN_POINT('',(17.468537156192,41.696301821572,
    -1.682060472284));
#2439 = CARTESIAN_POINT('',(17.4375516359,41.756376834932,
    -1.698944761579));
#2440 = CARTESIAN_POINT('',(17.397509554785,41.810536971898,
    -1.714166581486));
#2441 = CARTESIAN_POINT('',(17.303985417944,41.902141674465,
    -1.739912123365));
#2442 = CARTESIAN_POINT('',(17.251035405149,41.940146782997,
    -1.750593392667));
#2443 = CARTESIAN_POINT('',(17.192334958461,41.969770281163,
    -1.75891892446));
#2444 = CARTESIAN_POINT('',(17.129588707488,41.989926909596,
    -1.764583712253));
#2445 = CARTESIAN_POINT('',(17.064785077668,42.,-1.767414451415));
#2446 = CARTESIAN_POINT('',(17.,42.,-1.767414091343));
#2447 = PCURVE('',#1279,#2448);
#2448 = DEFINITIONAL_REPRESENTATION('',(#2449),#2462);
#2449 = B_SPLINE_CURVE_WITH_KNOTS('',6,(#2450,#2451,#2452,#2453,#2454,
    #2455,#2456,#2457,#2458,#2459,#2460,#2461),.UNSPECIFIED.,.F.,.F.,(7,
    5,7),(0.,0.509394121475,1.),.UNSPECIFIED.);
#2450 = CARTESIAN_POINT('',(0.,-0.14052812635));
#2451 = CARTESIAN_POINT('',(-0.132202348081,-0.121949956903));
#2452 = CARTESIAN_POINT('',(-0.264417724775,-0.103369909357));
#2453 = CARTESIAN_POINT('',(-0.396765729648,-8.535639803684E-02));
#2454 = CARTESIAN_POINT('',(-0.529386418843,-6.847210874265E-02));
#2455 = CARTESIAN_POINT('',(-0.662393374832,-5.325028883573E-02));
#2456 = CARTESIAN_POINT('',(-0.924219161983,-2.750474695576E-02));
#2457 = CARTESIAN_POINT('',(-1.053060676277,-1.682347765453E-02));
#2458 = CARTESIAN_POINT('',(-1.182207617728,-8.497945861115E-03));
#2459 = CARTESIAN_POINT('',(-1.311619756399,-2.833158068193E-03));
#2460 = CARTESIAN_POINT('',(-1.441226171459,-2.418906188767E-06));
#2461 = CARTESIAN_POINT('',(-1.570796326795,-2.778978540646E-06));
#2462 = ( GEOMETRIC_REPRESENTATION_CONTEXT(2) 
PARAMETRIC_REPRESENTATION_CONTEXT() REPRESENTATION_CONTEXT('2D SPACE',''
  ) );
#2463 = PCURVE('',#1329,#2464);
#2464 = DEFINITIONAL_REPRESENTATION('',(#2465),#2478);
#2465 = B_SPLINE_CURVE_WITH_KNOTS('',6,(#2466,#2467,#2468,#2469,#2470,
    #2471,#2472,#2473,#2474,#2475,#2476,#2477),.UNSPECIFIED.,.F.,.F.,(7,
    5,7),(0.,0.509394121475,1.),.UNSPECIFIED.);
#2466 = CARTESIAN_POINT('',(0.792330962257,0.204514555998));
#2467 = CARTESIAN_POINT('',(0.791000216583,0.195430552298));
#2468 = CARTESIAN_POINT('',(0.789508705651,0.186345630279));
#2469 = CARTESIAN_POINT('',(0.787900389963,0.177537722483));
#2470 = CARTESIAN_POINT('',(0.786223816932,0.169281960425));
#2471 = CARTESIAN_POINT('',(0.784528787839,0.161839081364));
#2472 = CARTESIAN_POINT('',(0.781262473661,0.149250510763));
#2473 = CARTESIAN_POINT('',(0.779688293936,0.144027784695));
#2474 = CARTESIAN_POINT('',(0.778187613946,0.139956922825));
#2475 = CARTESIAN_POINT('',(0.776802879294,0.137187061487));
#2476 = CARTESIAN_POINT('',(0.775572344552,0.135802939919));
#2477 = CARTESIAN_POINT('',(0.774526213776,0.13580311598));
#2478 = ( GEOMETRIC_REPRESENTATION_CONTEXT(2) 
PARAMETRIC_REPRESENTATION_CONTEXT() REPRESENTATION_CONTEXT('2D SPACE',''
  ) );
#2479 = ORIENTED_EDGE('',*,*,#2480,.T.);
#2480 = EDGE_CURVE('',#2431,#2034,#2481,.T.);
#2481 = SURFACE_CURVE('',#2482,(#2486,#2493),.PCURVE_S1.);
#2482 = LINE('',#2483,#2484);
#2483 = CARTESIAN_POINT('',(17.,42.,-1.767416870321));
#2484 = VECTOR('',#2485,1.);
#2485 = DIRECTION('',(0.,0.,-1.));
#2486 = PCURVE('',#1279,#2487);
#2487 = DEFINITIONAL_REPRESENTATION('',(#2488),#2492);
#2488 = LINE('',#2489,#2490);
#2489 = CARTESIAN_POINT('',(-1.570796326795,0.));
#2490 = VECTOR('',#2491,1.);
#2491 = DIRECTION('',(-0.,1.));
#2492 = ( GEOMETRIC_REPRESENTATION_CONTEXT(2) 
PARAMETRIC_REPRESENTATION_CONTEXT() REPRESENTATION_CONTEXT('2D SPACE',''
  ) );
#2493 = PCURVE('',#2072,#2494);
#2494 = DEFINITIONAL_REPRESENTATION('',(#2495),#2499);
#2495 = LINE('',#2496,#2497);
#2496 = CARTESIAN_POINT('',(58.232583129679,77.));
#2497 = VECTOR('',#2498,1.);
#2498 = DIRECTION('',(-1.,0.));
#2499 = ( GEOMETRIC_REPRESENTATION_CONTEXT(2) 
PARAMETRIC_REPRESENTATION_CONTEXT() REPRESENTATION_CONTEXT('2D SPACE',''
  ) );
#2500 = ORIENTED_EDGE('',*,*,#2033,.F.);
#2501 = ORIENTED_EDGE('',*,*,#1263,.F.);
#2502 = ADVANCED_FACE('',(#2503),#1329,.F.);
#2503 = FACE_BOUND('',#2504,.F.);
#2504 = EDGE_LOOP('',(#2505,#2813,#2814,#2815,#2816));
#2505 = ORIENTED_EDGE('',*,*,#2506,.F.);
#2506 = EDGE_CURVE('',#2431,#2507,#2509,.T.);
#2507 = VERTEX_POINT('',#2508);
#2508 = CARTESIAN_POINT('',(11.076487156102,42.,-1.767381169099));
#2509 = SURFACE_CURVE('',#2510,(#2609,#2711),.PCURVE_S1.);
#2510 = B_SPLINE_CURVE_WITH_KNOTS('',4,(#2511,#2512,#2513,#2514,#2515,
    #2516,#2517,#2518,#2519,#2520,#2521,#2522,#2523,#2524,#2525,#2526,
    #2527,#2528,#2529,#2530,#2531,#2532,#2533,#2534,#2535,#2536,#2537,
    #2538,#2539,#2540,#2541,#2542,#2543,#2544,#2545,#2546,#2547,#2548,
    #2549,#2550,#2551,#2552,#2553,#2554,#2555,#2556,#2557,#2558,#2559,
    #2560,#2561,#2562,#2563,#2564,#2565,#2566,#2567,#2568,#2569,#2570,
    #2571,#2572,#2573,#2574,#2575,#2576,#2577,#2578,#2579,#2580,#2581,
    #2582,#2583,#2584,#2585,#2586,#2587,#2588,#2589,#2590,#2591,#2592,
    #2593,#2594,#2595,#2596,#2597,#2598,#2599,#2600,#2601,#2602,#2603,
    #2604,#2605,#2606,#2607,#2608),.UNSPECIFIED.,.F.,.F.,(5,3,3,3,3,3,3,
    3,3,3,3,3,3,3,3,3,3,3,3,3,3,3,3,3,3,3,3,3,3,3,3,3,5),(0.,
    3.130247138672E-02,6.250477590551E-02,9.380692833186E-02,
    0.125008914915,0.156310748393,0.187512417052,0.218813931593,
    0.25001528234,0.281316477955,0.312517510801,0.343818387502,
    0.375019102459,0.406319660258,0.437520057338,0.468820296247,
    0.50002037546,0.53132029549,0.56252005685,0.593819658012,
    0.625019101529,0.656318383836,0.687517509522,0.718816472985,
    0.750015280851,0.781313925482,0.81251241554,0.843810741351,
    0.875008913613,0.906306920614,0.937504775092,0.968802463295,1.),
  .UNSPECIFIED.);
#2511 = CARTESIAN_POINT('',(30.963497212001,42.,-1.767491701771));
#2512 = CARTESIAN_POINT('',(30.478891272342,42.,-1.767489008217));
#2513 = CARTESIAN_POINT('',(29.994285332898,42.,-1.767486314669));
#2514 = CARTESIAN_POINT('',(29.509679393671,42.,-1.767483621128));
#2515 = CARTESIAN_POINT('',(28.542018238539,42.,-1.767478242677));
#2516 = CARTESIAN_POINT('',(28.058963022636,42.,-1.767475557768));
#2517 = CARTESIAN_POINT('',(27.575907806945,42.,-1.767472872865));
#2518 = CARTESIAN_POINT('',(26.608251591049,42.,-1.767467494479));
#2519 = CARTESIAN_POINT('',(26.123650590845,42.,-1.767464800997));
#2520 = CARTESIAN_POINT('',(25.639049590856,42.,-1.767462107522));
#2521 = CARTESIAN_POINT('',(24.671398298333,42.,-1.767456729202));
#2522 = CARTESIAN_POINT('',(24.188348005798,42.,-1.767454044358));
#2523 = CARTESIAN_POINT('',(23.705297713477,42.,-1.76745135952));
#2524 = CARTESIAN_POINT('',(22.737651360009,42.,-1.767445981266));
#2525 = CARTESIAN_POINT('',(22.253055298863,42.,-1.767443287849));
#2526 = CARTESIAN_POINT('',(21.768459237933,42.,-1.767440594439));
#2527 = CARTESIAN_POINT('',(20.800817807658,42.,-1.76743521625));
#2528 = CARTESIAN_POINT('',(20.317772438312,42.,-1.767432531471));
#2529 = CARTESIAN_POINT('',(19.834727069181,42.,-1.767429846699));
#2530 = CARTESIAN_POINT('',(18.86709057778,42.,-1.767424468576));
#2531 = CARTESIAN_POINT('',(18.382499455512,42.,-1.767421775225));
#2532 = CARTESIAN_POINT('',(17.897908333461,42.,-1.76741908188));
#2533 = CARTESIAN_POINT('',(16.930276765074,42.,-1.767413703822));
#2534 = CARTESIAN_POINT('',(16.447236318737,42.,-1.767411019109));
#2535 = CARTESIAN_POINT('',(15.964195872615,42.,-1.767408334402));
#2536 = CARTESIAN_POINT('',(14.996569242922,42.,-1.767402956409));
#2537 = CARTESIAN_POINT('',(14.511983059354,42.,-1.767400263124));
#2538 = CARTESIAN_POINT('',(14.027396875999,42.,-1.767397569845));
#2539 = CARTESIAN_POINT('',(13.05977516914,42.,-1.767392191918));
#2540 = CARTESIAN_POINT('',(12.576739645633,42.,-1.76738950727));
#2541 = CARTESIAN_POINT('',(12.09370412234,42.,-1.767386822628));
#2542 = CARTESIAN_POINT('',(11.126087353996,42.,-1.767381444766));
#2543 = CARTESIAN_POINT('',(10.641506108943,42.,-1.767378751546));
#2544 = CARTESIAN_POINT('',(10.156924864108,42.,-1.767376058333));
#2545 = CARTESIAN_POINT('',(9.189313018416,42.,-1.767370680537));
#2546 = CARTESIAN_POINT('',(8.70628241756,42.,-1.767367995954));
#2547 = CARTESIAN_POINT('',(8.223251816917,42.,-1.767365311378));
#2548 = CARTESIAN_POINT('',(7.255644909558,42.,-1.767359933647));
#2549 = CARTESIAN_POINT('',(6.771068602846,42.,-1.767357240493));
#2550 = CARTESIAN_POINT('',(6.286492296346,42.,-1.767354547345));
#2551 = CARTESIAN_POINT('',(5.318890311463,42.,-1.76734916968));
#2552 = CARTESIAN_POINT('',(4.835864633076,42.,-1.767346485162));
#2553 = CARTESIAN_POINT('',(4.352838954903,42.,-1.767343800652));
#2554 = CARTESIAN_POINT('',(3.385241908172,42.,-1.767338423052));
#2555 = CARTESIAN_POINT('',(2.900670539617,42.,-1.767335729963));
#2556 = CARTESIAN_POINT('',(2.416099171274,42.,-1.767333036881));
#2557 = CARTESIAN_POINT('',(1.448507046839,42.,-1.767327659346));
#2558 = CARTESIAN_POINT('',(0.965486290742,42.,-1.767324974894));
#2559 = CARTESIAN_POINT('',(0.48246553486,42.,-1.767322290449));
#2560 = CARTESIAN_POINT('',(-0.485121651603,42.,-1.76731691298));
#2561 = CARTESIAN_POINT('',(-0.969688082183,42.,-1.767314219957));
#2562 = CARTESIAN_POINT('',(-1.454254512548,42.,-1.76731152694));
#2563 = CARTESIAN_POINT('',(-2.421836776896,42.,-1.767306149536));
#2564 = CARTESIAN_POINT('',(-2.904852610882,42.,-1.76730346515));
#2565 = CARTESIAN_POINT('',(-3.387868444653,42.,-1.76730078077));
#2566 = CARTESIAN_POINT('',(-4.355445771209,42.,-1.767295403432));
#2567 = CARTESIAN_POINT('',(-4.840007263993,42.,-1.767292710474));
#2568 = CARTESIAN_POINT('',(-5.32456875656,42.,-1.767290017523));
#2569 = CARTESIAN_POINT('',(-6.292141161181,42.,-1.76728464025));
#2570 = CARTESIAN_POINT('',(-6.775152073236,42.,-1.767281955929));
#2571 = CARTESIAN_POINT('',(-7.258162985076,42.,-1.767279271614));
#2572 = CARTESIAN_POINT('',(-8.225730452086,42.,-1.767273894407));
#2573 = CARTESIAN_POINT('',(-8.710287007252,42.,-1.767271201515));
#2574 = CARTESIAN_POINT('',(-9.194843562204,42.,-1.767268508629));
#2575 = CARTESIAN_POINT('',(-10.16240610745,42.,-1.767263131487));
#2576 = CARTESIAN_POINT('',(-10.64541209776,42.,-1.767260447231));
#2577 = CARTESIAN_POINT('',(-11.12841808785,42.,-1.767257762982));
#2578 = CARTESIAN_POINT('',(-12.09597569567,42.,-1.767252385906));
#2579 = CARTESIAN_POINT('',(-12.5805273134,42.,-1.767249693079));
#2580 = CARTESIAN_POINT('',(-13.06507893091,42.,-1.767247000259));
#2581 = CARTESIAN_POINT('',(-14.03263161716,42.,-1.767241623248));
#2582 = CARTESIAN_POINT('',(-14.51563268589,42.,-1.767238939058));
#2583 = CARTESIAN_POINT('',(-14.99863375441,42.,-1.767236254873));
#2584 = CARTESIAN_POINT('',(-15.9661815034,42.,-1.767230877928));
#2585 = CARTESIAN_POINT('',(-16.45072818388,42.,-1.767228185167));
#2586 = CARTESIAN_POINT('',(-16.93527486414,42.,-1.767225492412));
#2587 = CARTESIAN_POINT('',(-17.90281769174,42.,-1.767220115532));
#2588 = CARTESIAN_POINT('',(-18.38581383908,42.,-1.767217431407));
#2589 = CARTESIAN_POINT('',(-18.8688099862,42.,-1.767214747288));
#2590 = CARTESIAN_POINT('',(-19.83634787673,42.,-1.767209370474));
#2591 = CARTESIAN_POINT('',(-20.32088962013,42.,-1.767206677778));
#2592 = CARTESIAN_POINT('',(-20.80543136331,42.,-1.767203985089));
#2593 = CARTESIAN_POINT('',(-21.77296433262,42.,-1.76719860834));
#2594 = CARTESIAN_POINT('',(-22.25595555875,42.,-1.76719592428));
#2595 = CARTESIAN_POINT('',(-22.73894678466,42.,-1.767193240227));
#2596 = CARTESIAN_POINT('',(-23.70647481708,42.,-1.767187863543));
#2597 = CARTESIAN_POINT('',(-24.19101162359,42.,-1.767185170913));
#2598 = CARTESIAN_POINT('',(-24.67554842988,42.,-1.76718247829));
#2599 = CARTESIAN_POINT('',(-25.64307154126,42.,-1.767177101672));
#2600 = CARTESIAN_POINT('',(-26.12605784635,42.,-1.767174417677));
#2601 = CARTESIAN_POINT('',(-26.60904415124,42.,-1.767171733689));
#2602 = CARTESIAN_POINT('',(-27.57656232591,42.,-1.767166357136));
#2603 = CARTESIAN_POINT('',(-28.0610941957,42.,-1.767163664572));
#2604 = CARTESIAN_POINT('',(-28.54562606527,42.,-1.767160972014));
#2605 = CARTESIAN_POINT('',(-29.51313931909,42.,-1.767155595526));
#2606 = CARTESIAN_POINT('',(-29.99612070333,42.,-1.767152911597));
#2607 = CARTESIAN_POINT('',(-30.47910208736,42.,-1.767150227674));
#2608 = CARTESIAN_POINT('',(-30.96208347117,42.,-1.767147543757));
#2609 = PCURVE('',#1329,#2610);
#2610 = DEFINITIONAL_REPRESENTATION('',(#2611),#2710);
#2611 = B_SPLINE_CURVE_WITH_KNOTS('',4,(#2612,#2613,#2614,#2615,#2616,
    #2617,#2618,#2619,#2620,#2621,#2622,#2623,#2624,#2625,#2626,#2627,
    #2628,#2629,#2630,#2631,#2632,#2633,#2634,#2635,#2636,#2637,#2638,
    #2639,#2640,#2641,#2642,#2643,#2644,#2645,#2646,#2647,#2648,#2649,
    #2650,#2651,#2652,#2653,#2654,#2655,#2656,#2657,#2658,#2659,#2660,
    #2661,#2662,#2663,#2664,#2665,#2666,#2667,#2668,#2669,#2670,#2671,
    #2672,#2673,#2674,#2675,#2676,#2677,#2678,#2679,#2680,#2681,#2682,
    #2683,#2684,#2685,#2686,#2687,#2688,#2689,#2690,#2691,#2692,#2693,
    #2694,#2695,#2696,#2697,#2698,#2699,#2700,#2701,#2702,#2703,#2704,
    #2705,#2706,#2707,#2708,#2709),.UNSPECIFIED.,.F.,.F.,(5,3,3,3,3,3,3,
    3,3,3,3,3,3,3,3,3,3,3,3,3,3,3,3,3,3,3,3,3,3,3,3,3,5),(0.,
    3.130247138672E-02,6.250477590551E-02,9.380692833186E-02,
    0.125008914915,0.156310748393,0.187512417052,0.218813931593,
    0.25001528234,0.281316477955,0.312517510801,0.343818387502,
    0.375019102459,0.406319660258,0.437520057338,0.468820296247,
    0.50002037546,0.53132029549,0.56252005685,0.593819658012,
    0.625019101529,0.656318383836,0.687517509522,0.718816472985,
    0.750015280851,0.781313925482,0.81251241554,0.843810741351,
    0.875008913613,0.906306920614,0.937504775092,0.968802463295,1.),
  .UNSPECIFIED.);
#2612 = CARTESIAN_POINT('',(1.0000006,0.135765167493));
#2613 = CARTESIAN_POINT('',(0.992175610576,0.135766484537));
#2614 = CARTESIAN_POINT('',(0.984350607841,0.135767801577));
#2615 = CARTESIAN_POINT('',(0.976525591796,0.135769118614));
#2616 = CARTESIAN_POINT('',(0.960900572918,0.135771748468));
#2617 = CARTESIAN_POINT('',(0.953100570171,0.135773061284));
#2618 = CARTESIAN_POINT('',(0.945300554198,0.135774374098));
#2619 = CARTESIAN_POINT('',(0.929675535575,0.135777003919));
#2620 = CARTESIAN_POINT('',(0.92185053284,0.135778320928));
#2621 = CARTESIAN_POINT('',(0.914025516795,0.135779637933));
#2622 = CARTESIAN_POINT('',(0.898400497918,0.135782267722));
#2623 = CARTESIAN_POINT('',(0.89060049517,0.135783580507));
#2624 = CARTESIAN_POINT('',(0.882800479198,0.135784893288));
#2625 = CARTESIAN_POINT('',(0.867175460575,0.135787523046));
#2626 = CARTESIAN_POINT('',(0.85935045784,0.135788840022));
#2627 = CARTESIAN_POINT('',(0.851525441795,0.135790156995));
#2628 = CARTESIAN_POINT('',(0.835900422917,0.135792786721));
#2629 = CARTESIAN_POINT('',(0.828100420169,0.135794099473));
#2630 = CARTESIAN_POINT('',(0.820300404197,0.135795412223));
#2631 = CARTESIAN_POINT('',(0.804675385574,0.135798041916));
#2632 = CARTESIAN_POINT('',(0.796850382839,0.13579935886));
#2633 = CARTESIAN_POINT('',(0.789025366794,0.135800675801));
#2634 = CARTESIAN_POINT('',(0.773400347917,0.135803305463));
#2635 = CARTESIAN_POINT('',(0.765600345169,0.135804618184));
#2636 = CARTESIAN_POINT('',(0.757800329197,0.135805930901));
#2637 = CARTESIAN_POINT('',(0.742175310574,0.135808560531));
#2638 = CARTESIAN_POINT('',(0.734350307838,0.135809877443));
#2639 = CARTESIAN_POINT('',(0.726525291794,0.135811194352));
#2640 = CARTESIAN_POINT('',(0.710900272916,0.135813823949));
#2641 = CARTESIAN_POINT('',(0.703100270168,0.135815136638));
#2642 = CARTESIAN_POINT('',(0.695300254196,0.135816449323));
#2643 = CARTESIAN_POINT('',(0.679675235573,0.135819078889));
#2644 = CARTESIAN_POINT('',(0.671850232837,0.135820395769));
#2645 = CARTESIAN_POINT('',(0.664025216793,0.135821712646));
#2646 = CARTESIAN_POINT('',(0.648400197915,0.135824342179));
#2647 = CARTESIAN_POINT('',(0.640600195167,0.135825654836));
#2648 = CARTESIAN_POINT('',(0.632800179195,0.13582696749));
#2649 = CARTESIAN_POINT('',(0.617175160573,0.135829596991));
#2650 = CARTESIAN_POINT('',(0.609350157837,0.135830913839));
#2651 = CARTESIAN_POINT('',(0.601525141793,0.135832230684));
#2652 = CARTESIAN_POINT('',(0.585900122915,0.135834860153));
#2653 = CARTESIAN_POINT('',(0.578100120167,0.135836172778));
#2654 = CARTESIAN_POINT('',(0.570300104195,0.1358374854));
#2655 = CARTESIAN_POINT('',(0.554675085572,0.135840114837));
#2656 = CARTESIAN_POINT('',(0.546850082836,0.135841431653));
#2657 = CARTESIAN_POINT('',(0.539025066792,0.135842748466));
#2658 = CARTESIAN_POINT('',(0.523400047914,0.135845377871));
#2659 = CARTESIAN_POINT('',(0.515600045166,0.135846690464));
#2660 = CARTESIAN_POINT('',(0.507800029194,0.135848003054));
#2661 = CARTESIAN_POINT('',(0.492175010572,0.135850632428));
#2662 = CARTESIAN_POINT('',(0.484350007835,0.135851949211));
#2663 = CARTESIAN_POINT('',(0.476524991792,0.135853265992));
#2664 = CARTESIAN_POINT('',(0.460899972914,0.135855895334));
#2665 = CARTESIAN_POINT('',(0.453099970165,0.135857207894));
#2666 = CARTESIAN_POINT('',(0.445299954194,0.135858520452));
#2667 = CARTESIAN_POINT('',(0.429674935571,0.135861149762));
#2668 = CARTESIAN_POINT('',(0.421849932835,0.135862466513));
#2669 = CARTESIAN_POINT('',(0.414024916791,0.135863783262));
#2670 = CARTESIAN_POINT('',(0.398399897913,0.13586641254));
#2671 = CARTESIAN_POINT('',(0.390599895165,0.135867725069));
#2672 = CARTESIAN_POINT('',(0.382799879193,0.135869037594));
#2673 = CARTESIAN_POINT('',(0.36717486057,0.13587166684));
#2674 = CARTESIAN_POINT('',(0.359349857834,0.13587298356));
#2675 = CARTESIAN_POINT('',(0.35152484179,0.135874300276));
#2676 = CARTESIAN_POINT('',(0.335899822913,0.13587692949));
#2677 = CARTESIAN_POINT('',(0.328099820164,0.135878241987));
#2678 = CARTESIAN_POINT('',(0.320299804193,0.135879554481));
#2679 = CARTESIAN_POINT('',(0.30467478557,0.135882183662));
#2680 = CARTESIAN_POINT('',(0.296849782833,0.13588350035));
#2681 = CARTESIAN_POINT('',(0.28902476679,0.135884817034));
#2682 = CARTESIAN_POINT('',(0.273399747912,0.135887446184));
#2683 = CARTESIAN_POINT('',(0.265599745163,0.135888758649));
#2684 = CARTESIAN_POINT('',(0.257799729192,0.135890071111));
#2685 = CARTESIAN_POINT('',(0.242174710569,0.135892700228));
#2686 = CARTESIAN_POINT('',(0.234349707833,0.135894016884));
#2687 = CARTESIAN_POINT('',(0.226524691789,0.135895333536));
#2688 = CARTESIAN_POINT('',(0.210899672912,0.135897962622));
#2689 = CARTESIAN_POINT('',(0.203099670162,0.135899275055));
#2690 = CARTESIAN_POINT('',(0.195299654192,0.135900587485));
#2691 = CARTESIAN_POINT('',(0.179674635569,0.135903216538));
#2692 = CARTESIAN_POINT('',(0.171849632832,0.135904533162));
#2693 = CARTESIAN_POINT('',(0.164024616789,0.135905849782));
#2694 = CARTESIAN_POINT('',(0.148399597911,0.135908478804));
#2695 = CARTESIAN_POINT('',(0.140599595162,0.135909791205));
#2696 = CARTESIAN_POINT('',(0.132799579191,0.135911103603));
#2697 = CARTESIAN_POINT('',(0.117174560568,0.135913732593));
#2698 = CARTESIAN_POINT('',(0.109349557831,0.135915049184));
#2699 = CARTESIAN_POINT('',(0.101524541788,0.135916365773));
#2700 = CARTESIAN_POINT('',(8.589952291081E-02,0.13591899473));
#2701 = CARTESIAN_POINT('',(7.809952016106E-02,0.135920307099));
#2702 = CARTESIAN_POINT('',(7.029950419079E-02,0.135921619465));
#2703 = CARTESIAN_POINT('',(5.467448556787E-02,0.135924248391));
#2704 = CARTESIAN_POINT('',(4.684948283047E-02,0.13592556495));
#2705 = CARTESIAN_POINT('',(3.902446678785E-02,0.135926881507));
#2706 = CARTESIAN_POINT('',(2.339944791028E-02,0.1359295104));
#2707 = CARTESIAN_POINT('',(1.559944516036E-02,0.135930822738));
#2708 = CARTESIAN_POINT('',(7.799429190259E-03,0.135932135072));
#2709 = CARTESIAN_POINT('',(-6.E-07,0.135933447403));
#2710 = ( GEOMETRIC_REPRESENTATION_CONTEXT(2) 
PARAMETRIC_REPRESENTATION_CONTEXT() REPRESENTATION_CONTEXT('2D SPACE',''
  ) );
#2711 = PCURVE('',#2072,#2712);
#2712 = DEFINITIONAL_REPRESENTATION('',(#2713),#2812);
#2713 = B_SPLINE_CURVE_WITH_KNOTS('',4,(#2714,#2715,#2716,#2717,#2718,
    #2719,#2720,#2721,#2722,#2723,#2724,#2725,#2726,#2727,#2728,#2729,
    #2730,#2731,#2732,#2733,#2734,#2735,#2736,#2737,#2738,#2739,#2740,
    #2741,#2742,#2743,#2744,#2745,#2746,#2747,#2748,#2749,#2750,#2751,
    #2752,#2753,#2754,#2755,#2756,#2757,#2758,#2759,#2760,#2761,#2762,
    #2763,#2764,#2765,#2766,#2767,#2768,#2769,#2770,#2771,#2772,#2773,
    #2774,#2775,#2776,#2777,#2778,#2779,#2780,#2781,#2782,#2783,#2784,
    #2785,#2786,#2787,#2788,#2789,#2790,#2791,#2792,#2793,#2794,#2795,
    #2796,#2797,#2798,#2799,#2800,#2801,#2802,#2803,#2804,#2805,#2806,
    #2807,#2808,#2809,#2810,#2811),.UNSPECIFIED.,.F.,.F.,(5,3,3,3,3,3,3,
    3,3,3,3,3,3,3,3,3,3,3,3,3,3,3,3,3,3,3,3,3,3,3,3,3,5),(0.,
    3.130247138672E-02,6.250477590551E-02,9.380692833186E-02,
    0.125008914915,0.156310748393,0.187512417052,0.218813931593,
    0.25001528234,0.281316477955,0.312517510801,0.343818387502,
    0.375019102459,0.406319660258,0.437520057338,0.468820296247,
    0.50002037546,0.53132029549,0.56252005685,0.593819658012,
    0.625019101529,0.656318383836,0.687517509522,0.718816472985,
    0.750015280851,0.781313925482,0.81251241554,0.843810741351,
    0.875008913613,0.906306920614,0.937504775092,0.968802463295,1.),
  .UNSPECIFIED.);
#2714 = CARTESIAN_POINT('',(58.232508298229,90.963497212001));
#2715 = CARTESIAN_POINT('',(58.232510991783,90.478891272342));
#2716 = CARTESIAN_POINT('',(58.232513685331,89.994285332898));
#2717 = CARTESIAN_POINT('',(58.232516378872,89.509679393671));
#2718 = CARTESIAN_POINT('',(58.232521757323,88.542018238539));
#2719 = CARTESIAN_POINT('',(58.232524442232,88.058963022636));
#2720 = CARTESIAN_POINT('',(58.232527127135,87.575907806945));
#2721 = CARTESIAN_POINT('',(58.232532505521,86.608251591049));
#2722 = CARTESIAN_POINT('',(58.232535199003,86.123650590845));
#2723 = CARTESIAN_POINT('',(58.232537892478,85.639049590856));
#2724 = CARTESIAN_POINT('',(58.232543270798,84.671398298333));
#2725 = CARTESIAN_POINT('',(58.232545955642,84.188348005798));
#2726 = CARTESIAN_POINT('',(58.23254864048,83.705297713477));
#2727 = CARTESIAN_POINT('',(58.232554018734,82.737651360009));
#2728 = CARTESIAN_POINT('',(58.232556712151,82.253055298863));
#2729 = CARTESIAN_POINT('',(58.232559405561,81.768459237933));
#2730 = CARTESIAN_POINT('',(58.23256478375,80.800817807658));
#2731 = CARTESIAN_POINT('',(58.232567468529,80.317772438312));
#2732 = CARTESIAN_POINT('',(58.232570153301,79.834727069181));
#2733 = CARTESIAN_POINT('',(58.232575531424,78.86709057778));
#2734 = CARTESIAN_POINT('',(58.232578224775,78.382499455512));
#2735 = CARTESIAN_POINT('',(58.23258091812,77.897908333461));
#2736 = CARTESIAN_POINT('',(58.232586296178,76.930276765074));
#2737 = CARTESIAN_POINT('',(58.232588980891,76.447236318737));
#2738 = CARTESIAN_POINT('',(58.232591665598,75.964195872615));
#2739 = CARTESIAN_POINT('',(58.232597043591,74.996569242922));
#2740 = CARTESIAN_POINT('',(58.232599736876,74.511983059354));
#2741 = CARTESIAN_POINT('',(58.232602430155,74.027396875999));
#2742 = CARTESIAN_POINT('',(58.232607808082,73.05977516914));
#2743 = CARTESIAN_POINT('',(58.23261049273,72.576739645633));
#2744 = CARTESIAN_POINT('',(58.232613177372,72.09370412234));
#2745 = CARTESIAN_POINT('',(58.232618555234,71.126087353996));
#2746 = CARTESIAN_POINT('',(58.232621248454,70.641506108943));
#2747 = CARTESIAN_POINT('',(58.232623941667,70.156924864108));
#2748 = CARTESIAN_POINT('',(58.232629319463,69.189313018416));
#2749 = CARTESIAN_POINT('',(58.232632004046,68.70628241756));
#2750 = CARTESIAN_POINT('',(58.232634688622,68.223251816917));
#2751 = CARTESIAN_POINT('',(58.232640066353,67.255644909558));
#2752 = CARTESIAN_POINT('',(58.232642759507,66.771068602846));
#2753 = CARTESIAN_POINT('',(58.232645452655,66.286492296346));
#2754 = CARTESIAN_POINT('',(58.23265083032,65.318890311463));
#2755 = CARTESIAN_POINT('',(58.232653514838,64.835864633076));
#2756 = CARTESIAN_POINT('',(58.232656199348,64.352838954903));
#2757 = CARTESIAN_POINT('',(58.232661576948,63.385241908172));
#2758 = CARTESIAN_POINT('',(58.232664270037,62.900670539617));
#2759 = CARTESIAN_POINT('',(58.232666963119,62.416099171274));
#2760 = CARTESIAN_POINT('',(58.232672340654,61.448507046839));
#2761 = CARTESIAN_POINT('',(58.232675025106,60.965486290742));
#2762 = CARTESIAN_POINT('',(58.232677709551,60.48246553486));
#2763 = CARTESIAN_POINT('',(58.23268308702,59.514878348397));
#2764 = CARTESIAN_POINT('',(58.232685780043,59.030311917817));
#2765 = CARTESIAN_POINT('',(58.23268847306,58.545745487452));
#2766 = CARTESIAN_POINT('',(58.232693850464,57.578163223104));
#2767 = CARTESIAN_POINT('',(58.23269653485,57.095147389118));
#2768 = CARTESIAN_POINT('',(58.23269921923,56.612131555347));
#2769 = CARTESIAN_POINT('',(58.232704596568,55.644554228791));
#2770 = CARTESIAN_POINT('',(58.232707289526,55.159992736007));
#2771 = CARTESIAN_POINT('',(58.232709982477,54.67543124344));
#2772 = CARTESIAN_POINT('',(58.23271535975,53.707858838819));
#2773 = CARTESIAN_POINT('',(58.232718044071,53.224847926764));
#2774 = CARTESIAN_POINT('',(58.232720728386,52.741837014924));
#2775 = CARTESIAN_POINT('',(58.232726105593,51.774269547914));
#2776 = CARTESIAN_POINT('',(58.232728798485,51.289712992748));
#2777 = CARTESIAN_POINT('',(58.232731491371,50.805156437796));
#2778 = CARTESIAN_POINT('',(58.232736868513,49.837593892543));
#2779 = CARTESIAN_POINT('',(58.232739552769,49.35458790224));
#2780 = CARTESIAN_POINT('',(58.232742237018,48.87158191215));
#2781 = CARTESIAN_POINT('',(58.232747614094,47.904024304328));
#2782 = CARTESIAN_POINT('',(58.232750306921,47.419472686599));
#2783 = CARTESIAN_POINT('',(58.232752999741,46.934921069082));
#2784 = CARTESIAN_POINT('',(58.232758376752,45.967368382836));
#2785 = CARTESIAN_POINT('',(58.232761060942,45.484367314105));
#2786 = CARTESIAN_POINT('',(58.232763745127,45.001366245587));
#2787 = CARTESIAN_POINT('',(58.232769122072,44.033818496593));
#2788 = CARTESIAN_POINT('',(58.232771814833,43.549271816118));
#2789 = CARTESIAN_POINT('',(58.232774507588,43.064725135858));
#2790 = CARTESIAN_POINT('',(58.232779884468,42.09718230826));
#2791 = CARTESIAN_POINT('',(58.232782568593,41.61418616092));
#2792 = CARTESIAN_POINT('',(58.232785252712,41.131190013794));
#2793 = CARTESIAN_POINT('',(58.232790629526,40.163652123267));
#2794 = CARTESIAN_POINT('',(58.232793322222,39.679110379868));
#2795 = CARTESIAN_POINT('',(58.232796014911,39.194568636683));
#2796 = CARTESIAN_POINT('',(58.23280139166,38.227035667373));
#2797 = CARTESIAN_POINT('',(58.23280407572,37.744044441246));
#2798 = CARTESIAN_POINT('',(58.232806759773,37.261053215332));
#2799 = CARTESIAN_POINT('',(58.232812136457,36.293525182913));
#2800 = CARTESIAN_POINT('',(58.232814829087,35.808988376408));
#2801 = CARTESIAN_POINT('',(58.23281752171,35.324451570119));
#2802 = CARTESIAN_POINT('',(58.232822898328,34.356928458736));
#2803 = CARTESIAN_POINT('',(58.232825582323,33.873942153642));
#2804 = CARTESIAN_POINT('',(58.232828266311,33.39095584876));
#2805 = CARTESIAN_POINT('',(58.232833642864,32.423437674089));
#2806 = CARTESIAN_POINT('',(58.232836335428,31.938905804299));
#2807 = CARTESIAN_POINT('',(58.232839027986,31.454373934725));
#2808 = CARTESIAN_POINT('',(58.232844404474,30.48686068091));
#2809 = CARTESIAN_POINT('',(58.232847088403,30.003879296668));
#2810 = CARTESIAN_POINT('',(58.232849772326,29.520897912639));
#2811 = CARTESIAN_POINT('',(58.232852456243,29.037916528825));
#2812 = ( GEOMETRIC_REPRESENTATION_CONTEXT(2) 
PARAMETRIC_REPRESENTATION_CONTEXT() REPRESENTATION_CONTEXT('2D SPACE',''
  ) );
#2813 = ORIENTED_EDGE('',*,*,#2430,.F.);
#2814 = ORIENTED_EDGE('',*,*,#1291,.T.);
#2815 = ORIENTED_EDGE('',*,*,#2293,.T.);
#2816 = ORIENTED_EDGE('',*,*,#2817,.F.);
#2817 = EDGE_CURVE('',#2507,#2294,#2818,.T.);
#2818 = SURFACE_CURVE('',#2819,(#2834,#2852),.PCURVE_S1.);
#2819 = B_SPLINE_CURVE_WITH_KNOTS('',4,(#2820,#2821,#2822,#2823,#2824,
    #2825,#2826,#2827,#2828,#2829,#2830,#2831,#2832,#2833),
  .UNSPECIFIED.,.F.,.F.,(5,3,3,3,5),(0.,0.248963654659,0.49815409966,
    0.748621243071,1.),.UNSPECIFIED.);
#2820 = CARTESIAN_POINT('',(11.076565596395,42.000201936988,
    -1.767437924459));
#2821 = CARTESIAN_POINT('',(11.013485343873,41.837807642893,
    -1.721796228365));
#2822 = CARTESIAN_POINT('',(10.950221109943,41.675478623753,
    -1.676172864335));
#2823 = CARTESIAN_POINT('',(10.886772728971,41.513215274304,
    -1.630567942623));
#2824 = CARTESIAN_POINT('',(10.759449373249,41.188672966495,
    -1.539353681633));
#2825 = CARTESIAN_POINT('',(10.695574062571,41.026394128615,
    -1.493744376186));
#2826 = CARTESIAN_POINT('',(10.631513934169,40.864181885266,
    -1.448153771318));
#2827 = CARTESIAN_POINT('',(10.502694552221,40.539060676799,
    -1.356776709872));
#2828 = CARTESIAN_POINT('',(10.437933398339,40.376152400101,
    -1.310990446601));
#2829 = CARTESIAN_POINT('',(10.37298518648,40.213312234175,
    -1.265223307894));
#2830 = CARTESIAN_POINT('',(10.242477233166,39.887176545364,
    -1.17356101067));
#2831 = CARTESIAN_POINT('',(10.176916126377,39.7238815224,
    -1.127665992516));
#2832 = CARTESIAN_POINT('',(10.111166251126,39.560655968483,
    -1.081790478098));
#2833 = CARTESIAN_POINT('',(10.04522743459,39.397500327403,
    -1.035934590653));
#2834 = PCURVE('',#1329,#2835);
#2835 = DEFINITIONAL_REPRESENTATION('',(#2836),#2851);
#2836 = B_SPLINE_CURVE_WITH_KNOTS('',4,(#2837,#2838,#2839,#2840,#2841,
    #2842,#2843,#2844,#2845,#2846,#2847,#2848,#2849,#2850),
  .UNSPECIFIED.,.F.,.F.,(5,3,3,3,5),(0.,0.248963654659,0.49815409966,
    0.748621243071,1.),.UNSPECIFIED.);
#2837 = CARTESIAN_POINT('',(0.678873150339,0.135791462511));
#2838 = CARTESIAN_POINT('',(0.679788373253,0.158108480204));
#2839 = CARTESIAN_POINT('',(0.680726235139,0.180416534228));
#2840 = CARTESIAN_POINT('',(0.681688167516,0.202715570675));
#2841 = CARTESIAN_POINT('',(0.683664481317,0.247315803587));
#2842 = CARTESIAN_POINT('',(0.684678912001,0.26961698351));
#2843 = CARTESIAN_POINT('',(0.685720874032,0.291909019576));
#2844 = CARTESIAN_POINT('',(0.687869449246,0.336588855591));
#2845 = CARTESIAN_POINT('',(0.68897636937,0.358976561021));
#2846 = CARTESIAN_POINT('',(0.69011525594,0.381354915282));
#2847 = CARTESIAN_POINT('',(0.692466271827,0.42617422052));
#2848 = CARTESIAN_POINT('',(0.693678656803,0.448615102867));
#2849 = CARTESIAN_POINT('',(0.694928327809,0.471046448643));
#2850 = CARTESIAN_POINT('',(0.696218401141,0.493468197591));
#2851 = ( GEOMETRIC_REPRESENTATION_CONTEXT(2) 
PARAMETRIC_REPRESENTATION_CONTEXT() REPRESENTATION_CONTEXT('2D SPACE',''
  ) );
#2852 = PCURVE('',#2401,#2853);
#2853 = DEFINITIONAL_REPRESENTATION('',(#2854),#2869);
#2854 = B_SPLINE_CURVE_WITH_KNOTS('',4,(#2855,#2856,#2857,#2858,#2859,
    #2860,#2861,#2862,#2863,#2864,#2865,#2866,#2867,#2868),
  .UNSPECIFIED.,.F.,.F.,(5,3,3,3,5),(0.,0.248963654659,0.49815409966,
    0.748621243071,1.),.UNSPECIFIED.);
#2855 = CARTESIAN_POINT('',(0.542250195572,17.95392952446));
#2856 = CARTESIAN_POINT('',(0.556582401693,17.966002179471));
#2857 = CARTESIAN_POINT('',(0.570919441657,17.978069983224));
#2858 = CARTESIAN_POINT('',(0.58526133776,17.990132906444));
#2859 = CARTESIAN_POINT('',(0.613967955511,18.014259916321));
#2860 = CARTESIAN_POINT('',(0.628332686048,18.026323994027));
#2861 = CARTESIAN_POINT('',(0.642702325937,18.038383122585));
#2862 = CARTESIAN_POINT('',(0.671525114761,18.062553178539));
#2863 = CARTESIAN_POINT('',(0.68597831435,18.074664054775));
#2864 = CARTESIAN_POINT('',(0.700436518181,18.086769869333));
#2865 = CARTESIAN_POINT('',(0.729415619244,18.111015354261));
#2866 = CARTESIAN_POINT('',(0.743936553121,18.123154987481));
#2867 = CARTESIAN_POINT('',(0.758462571911,18.135289458271));
#2868 = CARTESIAN_POINT('',(0.772993697134,18.14741873377));
#2869 = ( GEOMETRIC_REPRESENTATION_CONTEXT(2) 
PARAMETRIC_REPRESENTATION_CONTEXT() REPRESENTATION_CONTEXT('2D SPACE',''
  ) );
#2870 = ADVANCED_FACE('',(#2871),#1506,.F.);
#2871 = FACE_BOUND('',#2872,.T.);
#2872 = EDGE_LOOP('',(#2873,#2903,#2924,#2925));
#2873 = ORIENTED_EDGE('',*,*,#2874,.F.);
#2874 = EDGE_CURVE('',#2875,#2877,#2879,.T.);
#2875 = VERTEX_POINT('',#2876);
#2876 = CARTESIAN_POINT('',(15.39209310672,23.986109934586,-16.9));
#2877 = VERTEX_POINT('',#2878);
#2878 = CARTESIAN_POINT('',(15.39209310672,34.532482905748,-16.9));
#2879 = SURFACE_CURVE('',#2880,(#2884,#2891),.PCURVE_S1.);
#2880 = LINE('',#2881,#2882);
#2881 = CARTESIAN_POINT('',(15.39209310672,34.032482905748,-16.9));
#2882 = VECTOR('',#2883,1.);
#2883 = DIRECTION('',(0.,1.,-1.097212598555E-16));
#2884 = PCURVE('',#1506,#2885);
#2885 = DEFINITIONAL_REPRESENTATION('',(#2886),#2890);
#2886 = LINE('',#2887,#2888);
#2887 = CARTESIAN_POINT('',(0.,9.9116745188));
#2888 = VECTOR('',#2889,1.);
#2889 = DIRECTION('',(1.097212598555E-16,1.));
#2890 = ( GEOMETRIC_REPRESENTATION_CONTEXT(2) 
PARAMETRIC_REPRESENTATION_CONTEXT() REPRESENTATION_CONTEXT('2D SPACE',''
  ) );
#2891 = PCURVE('',#2892,#2897);
#2892 = PLANE('',#2893);
#2893 = AXIS2_PLACEMENT_3D('',#2894,#2895,#2896);
#2894 = CARTESIAN_POINT('',(-0.20790689328,144.49924127364,-16.9));
#2895 = DIRECTION('',(1.31897260041E-15,1.097212598555E-16,1.));
#2896 = DIRECTION('',(1.,-6.938893903908E-18,-1.31897260041E-15));
#2897 = DEFINITIONAL_REPRESENTATION('',(#2898),#2902);
#2898 = LINE('',#2899,#2900);
#2899 = CARTESIAN_POINT('',(15.6,-110.4667583679));
#2900 = VECTOR('',#2901,1.);
#2901 = DIRECTION('',(-6.938893903907E-18,1.));
#2902 = ( GEOMETRIC_REPRESENTATION_CONTEXT(2) 
PARAMETRIC_REPRESENTATION_CONTEXT() REPRESENTATION_CONTEXT('2D SPACE',''
  ) );
#2903 = ORIENTED_EDGE('',*,*,#2904,.F.);
#2904 = EDGE_CURVE('',#1491,#2875,#2905,.T.);
#2905 = SURFACE_CURVE('',#2906,(#2910,#2917),.PCURVE_S1.);
#2906 = LINE('',#2907,#2908);
#2907 = CARTESIAN_POINT('',(15.39209310672,23.986109934586,0.));
#2908 = VECTOR('',#2909,1.);
#2909 = DIRECTION('',(0.,0.,-1.));
#2910 = PCURVE('',#1506,#2911);
#2911 = DEFINITIONAL_REPRESENTATION('',(#2912),#2916);
#2912 = LINE('',#2913,#2914);
#2913 = CARTESIAN_POINT('',(-16.9,-0.134698452362));
#2914 = VECTOR('',#2915,1.);
#2915 = DIRECTION('',(1.,0.));
#2916 = ( GEOMETRIC_REPRESENTATION_CONTEXT(2) 
PARAMETRIC_REPRESENTATION_CONTEXT() REPRESENTATION_CONTEXT('2D SPACE',''
  ) );
#2917 = PCURVE('',#1535,#2918);
#2918 = DEFINITIONAL_REPRESENTATION('',(#2919),#2923);
#2919 = LINE('',#2920,#2921);
#2920 = CARTESIAN_POINT('',(5.282913350625,0.));
#2921 = VECTOR('',#2922,1.);
#2922 = DIRECTION('',(0.,1.));
#2923 = ( GEOMETRIC_REPRESENTATION_CONTEXT(2) 
PARAMETRIC_REPRESENTATION_CONTEXT() REPRESENTATION_CONTEXT('2D SPACE',''
  ) );
#2924 = ORIENTED_EDGE('',*,*,#1488,.F.);
#2925 = ORIENTED_EDGE('',*,*,#2926,.F.);
#2926 = EDGE_CURVE('',#2877,#1489,#2927,.T.);
#2927 = SURFACE_CURVE('',#2928,(#2932,#2939),.PCURVE_S1.);
#2928 = LINE('',#2929,#2930);
#2929 = CARTESIAN_POINT('',(15.39209310672,34.532482905748,-16.9));
#2930 = VECTOR('',#2931,1.);
#2931 = DIRECTION('',(1.31897260041E-15,1.097212598555E-16,1.));
#2932 = PCURVE('',#1506,#2933);
#2933 = DEFINITIONAL_REPRESENTATION('',(#2934),#2938);
#2934 = LINE('',#2935,#2936);
#2935 = CARTESIAN_POINT('',(0.,10.4116745188));
#2936 = VECTOR('',#2937,1.);
#2937 = DIRECTION('',(-1.,1.097212598555E-16));
#2938 = ( GEOMETRIC_REPRESENTATION_CONTEXT(2) 
PARAMETRIC_REPRESENTATION_CONTEXT() REPRESENTATION_CONTEXT('2D SPACE',''
  ) );
#2939 = PCURVE('',#1667,#2940);
#2940 = DEFINITIONAL_REPRESENTATION('',(#2941),#2945);
#2941 = LINE('',#2942,#2943);
#2942 = CARTESIAN_POINT('',(0.,3.1));
#2943 = VECTOR('',#2944,1.);
#2944 = DIRECTION('',(1.,1.31897260041E-15));
#2945 = ( GEOMETRIC_REPRESENTATION_CONTEXT(2) 
PARAMETRIC_REPRESENTATION_CONTEXT() REPRESENTATION_CONTEXT('2D SPACE',''
  ) );
#2946 = ADVANCED_FACE('',(#2947),#1535,.F.);
#2947 = FACE_BOUND('',#2948,.F.);
#2948 = EDGE_LOOP('',(#2949,#2950,#2951,#2952,#2953,#2974,#2975,#2998));
#2949 = ORIENTED_EDGE('',*,*,#2904,.F.);
#2950 = ORIENTED_EDGE('',*,*,#1518,.F.);
#2951 = ORIENTED_EDGE('',*,*,#2003,.F.);
#2952 = ORIENTED_EDGE('',*,*,#2204,.T.);
#2953 = ORIENTED_EDGE('',*,*,#2954,.T.);
#2954 = EDGE_CURVE('',#2182,#1570,#2955,.T.);
#2955 = SURFACE_CURVE('',#2956,(#2960,#2967),.PCURVE_S1.);
#2956 = LINE('',#2957,#2958);
#2957 = CARTESIAN_POINT('',(-18.0014753886,22.09517784118,0.));
#2958 = VECTOR('',#2959,1.);
#2959 = DIRECTION('',(0.,0.,1.));
#2960 = PCURVE('',#1535,#2961);
#2961 = DEFINITIONAL_REPRESENTATION('',(#2962),#2966);
#2962 = LINE('',#2963,#2964);
#2963 = CARTESIAN_POINT('',(4.028734148793,0.));
#2964 = VECTOR('',#2965,1.);
#2965 = DIRECTION('',(0.,-1.));
#2966 = ( GEOMETRIC_REPRESENTATION_CONTEXT(2) 
PARAMETRIC_REPRESENTATION_CONTEXT() REPRESENTATION_CONTEXT('2D SPACE',''
  ) );
#2967 = PCURVE('',#1585,#2968);
#2968 = DEFINITIONAL_REPRESENTATION('',(#2969),#2973);
#2969 = LINE('',#2970,#2971);
#2970 = CARTESIAN_POINT('',(-3.479660349456,42.));
#2971 = VECTOR('',#2972,1.);
#2972 = DIRECTION('',(0.,1.));
#2973 = ( GEOMETRIC_REPRESENTATION_CONTEXT(2) 
PARAMETRIC_REPRESENTATION_CONTEXT() REPRESENTATION_CONTEXT('2D SPACE',''
  ) );
#2974 = ORIENTED_EDGE('',*,*,#1597,.T.);
#2975 = ORIENTED_EDGE('',*,*,#2976,.F.);
#2976 = EDGE_CURVE('',#2977,#1598,#2979,.T.);
#2977 = VERTEX_POINT('',#2978);
#2978 = CARTESIAN_POINT('',(-15.80790689328,23.714132487894,-16.9));
#2979 = SURFACE_CURVE('',#2980,(#2984,#2991),.PCURVE_S1.);
#2980 = LINE('',#2981,#2982);
#2981 = CARTESIAN_POINT('',(-15.80790689328,23.714132487894,0.));
#2982 = VECTOR('',#2983,1.);
#2983 = DIRECTION('',(0.,0.,1.));
#2984 = PCURVE('',#1535,#2985);
#2985 = DEFINITIONAL_REPRESENTATION('',(#2986),#2990);
#2986 = LINE('',#2987,#2988);
#2987 = CARTESIAN_POINT('',(4.124430600028,0.));
#2988 = VECTOR('',#2989,1.);
#2989 = DIRECTION('',(0.,-1.));
#2990 = ( GEOMETRIC_REPRESENTATION_CONTEXT(2) 
PARAMETRIC_REPRESENTATION_CONTEXT() REPRESENTATION_CONTEXT('2D SPACE',''
  ) );
#2991 = PCURVE('',#1641,#2992);
#2992 = DEFINITIONAL_REPRESENTATION('',(#2993),#2997);
#2993 = LINE('',#2994,#2995);
#2994 = CARTESIAN_POINT('',(16.9,-8.018350417854));
#2995 = VECTOR('',#2996,1.);
#2996 = DIRECTION('',(1.,0.));
#2997 = ( GEOMETRIC_REPRESENTATION_CONTEXT(2) 
PARAMETRIC_REPRESENTATION_CONTEXT() REPRESENTATION_CONTEXT('2D SPACE',''
  ) );
#2998 = ORIENTED_EDGE('',*,*,#2999,.F.);
#2999 = EDGE_CURVE('',#2875,#2977,#3000,.T.);
#3000 = SURFACE_CURVE('',#3001,(#3006,#3013),.PCURVE_S1.);
#3001 = CIRCLE('',#3002,28.5);
#3002 = AXIS2_PLACEMENT_3D('',#3003,#3004,#3005);
#3003 = CARTESIAN_POINT('',(0.,0.,-16.9));
#3004 = DIRECTION('',(1.31897260041E-15,1.097212598555E-16,1.));
#3005 = DIRECTION('',(1.,-1.447193354319E-31,-1.31897260041E-15));
#3006 = PCURVE('',#1535,#3007);
#3007 = DEFINITIONAL_REPRESENTATION('',(#3008),#3012);
#3008 = LINE('',#3009,#3010);
#3009 = CARTESIAN_POINT('',(6.28318530718,16.9));
#3010 = VECTOR('',#3011,1.);
#3011 = DIRECTION('',(-1.,-3.373364898755E-14));
#3012 = ( GEOMETRIC_REPRESENTATION_CONTEXT(2) 
PARAMETRIC_REPRESENTATION_CONTEXT() REPRESENTATION_CONTEXT('2D SPACE',''
  ) );
#3013 = PCURVE('',#2892,#3014);
#3014 = DEFINITIONAL_REPRESENTATION('',(#3015),#3019);
#3015 = CIRCLE('',#3016,28.5);
#3016 = AXIS2_PLACEMENT_2D('',#3017,#3018);
#3017 = CARTESIAN_POINT('',(0.20790689328,-144.4992412736));
#3018 = DIRECTION('',(1.,6.938893903907E-18));
#3019 = ( GEOMETRIC_REPRESENTATION_CONTEXT(2) 
PARAMETRIC_REPRESENTATION_CONTEXT() REPRESENTATION_CONTEXT('2D SPACE',''
  ) );
#3020 = ADVANCED_FACE('',(#3021),#1585,.F.);
#3021 = FACE_BOUND('',#3022,.F.);
#3022 = EDGE_LOOP('',(#3023,#3024,#3025,#3050,#3051));
#3023 = ORIENTED_EDGE('',*,*,#2954,.F.);
#3024 = ORIENTED_EDGE('',*,*,#2181,.T.);
#3025 = ORIENTED_EDGE('',*,*,#3026,.T.);
#3026 = EDGE_CURVE('',#2154,#1930,#3027,.T.);
#3027 = SURFACE_CURVE('',#3028,(#3032,#3038),.PCURVE_S1.);
#3028 = LINE('',#3029,#3030);
#3029 = CARTESIAN_POINT('',(-18.00111243644,39.,-51.));
#3030 = VECTOR('',#3031,1.);
#3031 = DIRECTION('',(-0.,0.,1.));
#3032 = PCURVE('',#1585,#3033);
#3033 = DEFINITIONAL_REPRESENTATION('',(#3034),#3037);
#3034 = B_SPLINE_CURVE_WITH_KNOTS('',1,(#3035,#3036),.UNSPECIFIED.,.F.,
  .F.,(2,2),(29.,51.),.PIECEWISE_BEZIER_KNOTS.);
#3035 = CARTESIAN_POINT('',(13.425161813261,20.));
#3036 = CARTESIAN_POINT('',(13.425161813261,42.));
#3037 = ( GEOMETRIC_REPRESENTATION_CONTEXT(2) 
PARAMETRIC_REPRESENTATION_CONTEXT() REPRESENTATION_CONTEXT('2D SPACE',''
  ) );
#3038 = PCURVE('',#3039,#3044);
#3039 = B_SPLINE_SURFACE_WITH_KNOTS('',1,1,(
    (#3040,#3041)
    ,(#3042,#3043
    )),.UNSPECIFIED.,.F.,.F.,.F.,(2,2),(2,2),(29.,38.727737159033),(0.,
    1.),.PIECEWISE_BEZIER_KNOTS.);
#3040 = CARTESIAN_POINT('',(-18.00111243644,39.,-22.));
#3041 = CARTESIAN_POINT('',(-27.00111243644,46.067011363679,
    -21.30458438952));
#3042 = CARTESIAN_POINT('',(-18.00111243644,39.,-12.27226284096));
#3043 = CARTESIAN_POINT('',(-27.00111243644,43.54928772117,
    -11.90831183626));
#3044 = DEFINITIONAL_REPRESENTATION('',(#3045),#3049);
#3045 = LINE('',#3046,#3047);
#3046 = CARTESIAN_POINT('',(0.,0.));
#3047 = VECTOR('',#3048,1.);
#3048 = DIRECTION('',(1.,0.));
#3049 = ( GEOMETRIC_REPRESENTATION_CONTEXT(2) 
PARAMETRIC_REPRESENTATION_CONTEXT() REPRESENTATION_CONTEXT('2D SPACE',''
  ) );
#3050 = ORIENTED_EDGE('',*,*,#1957,.T.);
#3051 = ORIENTED_EDGE('',*,*,#1569,.T.);
#3052 = ADVANCED_FACE('',(#3053),#1641,.F.);
#3053 = FACE_BOUND('',#3054,.T.);
#3054 = EDGE_LOOP('',(#3055,#3056,#3057,#3080));
#3055 = ORIENTED_EDGE('',*,*,#1625,.F.);
#3056 = ORIENTED_EDGE('',*,*,#2976,.F.);
#3057 = ORIENTED_EDGE('',*,*,#3058,.F.);
#3058 = EDGE_CURVE('',#3059,#2977,#3061,.T.);
#3059 = VERTEX_POINT('',#3060);
#3060 = CARTESIAN_POINT('',(-15.80790689328,34.532482905748,-16.9));
#3061 = SURFACE_CURVE('',#3062,(#3066,#3073),.PCURVE_S1.);
#3062 = LINE('',#3063,#3064);
#3063 = CARTESIAN_POINT('',(-15.80790689328,34.032482905748,-16.9));
#3064 = VECTOR('',#3065,1.);
#3065 = DIRECTION('',(0.,-1.,1.097212598555E-16));
#3066 = PCURVE('',#1641,#3067);
#3067 = DEFINITIONAL_REPRESENTATION('',(#3068),#3072);
#3068 = LINE('',#3069,#3070);
#3069 = CARTESIAN_POINT('',(-9.947598300641E-14,2.3));
#3070 = VECTOR('',#3071,1.);
#3071 = DIRECTION('',(1.097212598555E-16,-1.));
#3072 = ( GEOMETRIC_REPRESENTATION_CONTEXT(2) 
PARAMETRIC_REPRESENTATION_CONTEXT() REPRESENTATION_CONTEXT('2D SPACE',''
  ) );
#3073 = PCURVE('',#2892,#3074);
#3074 = DEFINITIONAL_REPRESENTATION('',(#3075),#3079);
#3075 = LINE('',#3076,#3077);
#3076 = CARTESIAN_POINT('',(-15.6,-110.4667583679));
#3077 = VECTOR('',#3078,1.);
#3078 = DIRECTION('',(6.938893903907E-18,-1.));
#3079 = ( GEOMETRIC_REPRESENTATION_CONTEXT(2) 
PARAMETRIC_REPRESENTATION_CONTEXT() REPRESENTATION_CONTEXT('2D SPACE',''
  ) );
#3080 = ORIENTED_EDGE('',*,*,#3081,.F.);
#3081 = EDGE_CURVE('',#1626,#3059,#3082,.T.);
#3082 = SURFACE_CURVE('',#3083,(#3087,#3094),.PCURVE_S1.);
#3083 = LINE('',#3084,#3085);
#3084 = CARTESIAN_POINT('',(-15.80790689328,34.532482905748,-16.9));
#3085 = VECTOR('',#3086,1.);
#3086 = DIRECTION('',(-1.31897260041E-15,-1.097212598555E-16,-1.));
#3087 = PCURVE('',#1641,#3088);
#3088 = DEFINITIONAL_REPRESENTATION('',(#3089),#3093);
#3089 = LINE('',#3090,#3091);
#3090 = CARTESIAN_POINT('',(0.,2.8));
#3091 = VECTOR('',#3092,1.);
#3092 = DIRECTION('',(-1.,-1.097212598555E-16));
#3093 = ( GEOMETRIC_REPRESENTATION_CONTEXT(2) 
PARAMETRIC_REPRESENTATION_CONTEXT() REPRESENTATION_CONTEXT('2D SPACE',''
  ) );
#3094 = PCURVE('',#1667,#3095);
#3095 = DEFINITIONAL_REPRESENTATION('',(#3096),#3100);
#3096 = LINE('',#3097,#3098);
#3097 = CARTESIAN_POINT('',(9.947598300641E-14,-28.1));
#3098 = VECTOR('',#3099,1.);
#3099 = DIRECTION('',(-1.,-1.31897260041E-15));
#3100 = ( GEOMETRIC_REPRESENTATION_CONTEXT(2) 
PARAMETRIC_REPRESENTATION_CONTEXT() REPRESENTATION_CONTEXT('2D SPACE',''
  ) );
#3101 = ADVANCED_FACE('',(#3102),#1667,.F.);
#3102 = FACE_BOUND('',#3103,.T.);
#3103 = EDGE_LOOP('',(#3104,#3105,#3106,#3127));
#3104 = ORIENTED_EDGE('',*,*,#1653,.F.);
#3105 = ORIENTED_EDGE('',*,*,#3081,.T.);
#3106 = ORIENTED_EDGE('',*,*,#3107,.F.);
#3107 = EDGE_CURVE('',#2877,#3059,#3108,.T.);
#3108 = SURFACE_CURVE('',#3109,(#3113,#3120),.PCURVE_S1.);
#3109 = LINE('',#3110,#3111);
#3110 = CARTESIAN_POINT('',(-15.00790689328,34.532482905748,-16.9));
#3111 = VECTOR('',#3112,1.);
#3112 = DIRECTION('',(-1.,0.,0.));
#3113 = PCURVE('',#1667,#3114);
#3114 = DEFINITIONAL_REPRESENTATION('',(#3115),#3119);
#3115 = LINE('',#3116,#3117);
#3116 = CARTESIAN_POINT('',(0.,-27.3));
#3117 = VECTOR('',#3118,1.);
#3118 = DIRECTION('',(0.,-1.));
#3119 = ( GEOMETRIC_REPRESENTATION_CONTEXT(2) 
PARAMETRIC_REPRESENTATION_CONTEXT() REPRESENTATION_CONTEXT('2D SPACE',''
  ) );
#3120 = PCURVE('',#2892,#3121);
#3121 = DEFINITIONAL_REPRESENTATION('',(#3122),#3126);
#3122 = LINE('',#3123,#3124);
#3123 = CARTESIAN_POINT('',(-14.8,-109.9667583679));
#3124 = VECTOR('',#3125,1.);
#3125 = DIRECTION('',(-1.,-6.938893903907E-18));
#3126 = ( GEOMETRIC_REPRESENTATION_CONTEXT(2) 
PARAMETRIC_REPRESENTATION_CONTEXT() REPRESENTATION_CONTEXT('2D SPACE',''
  ) );
#3127 = ORIENTED_EDGE('',*,*,#2926,.T.);
#3128 = ADVANCED_FACE('',(#3129),#1908,.T.);
#3129 = FACE_BOUND('',#3130,.T.);
#3130 = EDGE_LOOP('',(#3131,#3132,#3133,#3260,#3348));
#3131 = ORIENTED_EDGE('',*,*,#1929,.F.);
#3132 = ORIENTED_EDGE('',*,*,#1895,.T.);
#3133 = ORIENTED_EDGE('',*,*,#3134,.F.);
#3134 = EDGE_CURVE('',#3135,#1707,#3137,.T.);
#3135 = VERTEX_POINT('',#3136);
#3136 = CARTESIAN_POINT('',(-22.84905463602,39.573511424292,
    -0.934216001946));
#3137 = SURFACE_CURVE('',#3138,(#3153,#3171),.PCURVE_S1.);
#3138 = B_SPLINE_CURVE_WITH_KNOTS('',4,(#3139,#3140,#3141,#3142,#3143,
    #3144,#3145,#3146,#3147,#3148,#3149,#3150,#3151,#3152),
  .UNSPECIFIED.,.F.,.F.,(5,3,3,3,5),(0.,0.249591326377,0.499121855231,
    0.749269358137,1.),.UNSPECIFIED.);
#3139 = CARTESIAN_POINT('',(-22.84872528029,39.573452420713,
    -0.93421528485));
#3140 = CARTESIAN_POINT('',(-23.21062210219,39.63828568938,
    -0.935003231287));
#3141 = CARTESIAN_POINT('',(-23.5725210923,39.703115823842,
    -0.935791096226));
#3142 = CARTESIAN_POINT('',(-23.93442216878,39.767942774721,
    -0.936578880541));
#3143 = CARTESIAN_POINT('',(-24.65814019782,39.897574423028,
    -0.938154097577));
#3144 = CARTESIAN_POINT('',(-25.01995714931,39.962379122012,
    -0.938941530337));
#3145 = CARTESIAN_POINT('',(-25.38177604481,40.027180543013,
    -0.939728884039));
#3146 = CARTESIAN_POINT('',(-26.10631221791,40.15693695106,
    -0.941305381226));
#3147 = CARTESIAN_POINT('',(-26.46902950475,40.221891921631,
    -0.942094524322));
#3148 = CARTESIAN_POINT('',(-26.83174862232,40.286843503561,
    -0.942883589305));
#3149 = CARTESIAN_POINT('',(-27.5580359804,40.416891203009,
    -0.944463403463));
#3150 = CARTESIAN_POINT('',(-27.92160422917,40.48198730448,
    -0.945254152278));
#3151 = CARTESIAN_POINT('',(-28.28517421018,40.547079907957,
    -0.946044823772));
#3152 = CARTESIAN_POINT('',(-28.64874587715,40.612168967159,
    -0.946835418435));
#3153 = PCURVE('',#1908,#3154);
#3154 = DEFINITIONAL_REPRESENTATION('',(#3155),#3170);
#3155 = B_SPLINE_CURVE_WITH_KNOTS('',4,(#3156,#3157,#3158,#3159,#3160,
    #3161,#3162,#3163,#3164,#3165,#3166,#3167,#3168,#3169),
  .UNSPECIFIED.,.F.,.F.,(5,3,3,3,5),(0.,0.249591326377,0.499121855231,
    0.749269358137,1.),.UNSPECIFIED.);
#3156 = CARTESIAN_POINT('',(0.862662839135,0.355585348578));
#3157 = CARTESIAN_POINT('',(0.862672308295,0.395794157246));
#3158 = CARTESIAN_POINT('',(0.86268181915,0.436003198245));
#3159 = CARTESIAN_POINT('',(0.862691371962,0.476212462428));
#3160 = CARTESIAN_POINT('',(0.862710559726,0.556621626783));
#3161 = CARTESIAN_POINT('',(0.862720194658,0.596821526843));
#3162 = CARTESIAN_POINT('',(0.862729872088,0.637021634158));
#3163 = CARTESIAN_POINT('',(0.862749336574,0.717521646454));
#3164 = CARTESIAN_POINT('',(0.86275912384,0.757821552421));
#3165 = CARTESIAN_POINT('',(0.862768954413,0.798121652889));
#3166 = CARTESIAN_POINT('',(0.86278872582,0.878816178124));
#3167 = CARTESIAN_POINT('',(0.862798666858,0.919210603767));
#3168 = CARTESIAN_POINT('',(0.862808652036,0.959605212795));
#3169 = CARTESIAN_POINT('',(0.862818681689,1.));
#3170 = ( GEOMETRIC_REPRESENTATION_CONTEXT(2) 
PARAMETRIC_REPRESENTATION_CONTEXT() REPRESENTATION_CONTEXT('2D SPACE',''
  ) );
#3171 = PCURVE('',#3172,#3243);
#3172 = B_SPLINE_SURFACE_WITH_KNOTS('',3,3,(
    (#3173,#3174,#3175,#3176,#3177,#3178,#3179)
    ,(#3180,#3181,#3182,#3183,#3184,#3185,#3186)
    ,(#3187,#3188,#3189,#3190,#3191,#3192,#3193)
    ,(#3194,#3195,#3196,#3197,#3198,#3199,#3200)
    ,(#3201,#3202,#3203,#3204,#3205,#3206,#3207)
    ,(#3208,#3209,#3210,#3211,#3212,#3213,#3214)
    ,(#3215,#3216,#3217,#3218,#3219,#3220,#3221)
    ,(#3222,#3223,#3224,#3225,#3226,#3227,#3228)
    ,(#3229,#3230,#3231,#3232,#3233,#3234,#3235)
    ,(#3236,#3237,#3238,#3239,#3240,#3241,#3242
  )),.UNSPECIFIED.,.F.,.F.,.F.,(4,3,3,4),(4,3,4),(-1.E-02,0.,1.,1.01),(
    -0.917036245606,0.,1.),.UNSPECIFIED.);
#3173 = CARTESIAN_POINT('',(-56.69154551054,51.687523026732,
    -1.081432482877));
#3174 = CARTESIAN_POINT('',(-52.01470911849,49.376905494788,
    -1.05334780254));
#3175 = CARTESIAN_POINT('',(-47.33787272644,47.066287962844,
    -1.025263122203));
#3176 = CARTESIAN_POINT('',(-42.6610363344,44.7556704309,-0.997178441865
    ));
#3177 = CARTESIAN_POINT('',(-37.56108917915,42.236012627826,
    -0.966552956262));
#3178 = CARTESIAN_POINT('',(-32.46114202389,39.716354824752,
    -0.93592747066));
#3179 = CARTESIAN_POINT('',(-27.36119486864,37.196697021678,
    -0.905301985057));
#3180 = CARTESIAN_POINT('',(-56.37983940259,51.68751428008,
    -1.081434826535));
#3181 = CARTESIAN_POINT('',(-51.73357065258,49.376898142823,
    -1.053349772493));
#3182 = CARTESIAN_POINT('',(-47.08730190258,47.066282005566,
    -1.02526471845));
#3183 = CARTESIAN_POINT('',(-42.44103315257,44.755665868309,
    -0.997179664408));
#3184 = CARTESIAN_POINT('',(-37.37441907677,42.236009586099,
    -0.966553771291));
#3185 = CARTESIAN_POINT('',(-32.30780500097,39.716353303888,
    -0.935927878174));
#3186 = CARTESIAN_POINT('',(-27.24119092518,37.196697021678,
    -0.905301985057));
#3187 = CARTESIAN_POINT('',(-56.06813329464,51.687505533428,
    -1.081437170194));
#3188 = CARTESIAN_POINT('',(-51.45243218668,49.376890790858,
    -1.053351742446));
#3189 = CARTESIAN_POINT('',(-46.83673107871,47.066276048288,
    -1.025266314698));
#3190 = CARTESIAN_POINT('',(-42.22102997074,44.755661305718,
    -0.997180886951));
#3191 = CARTESIAN_POINT('',(-37.1877489744,42.236006544372,
    -0.966554586319));
#3192 = CARTESIAN_POINT('',(-32.15446797806,39.716351783025,
    -0.935928285688));
#3193 = CARTESIAN_POINT('',(-27.12118698172,37.196697021678,
    -0.905301985057));
#3194 = CARTESIAN_POINT('',(-55.7564271867,51.687496786776,
    -1.081439513852));
#3195 = CARTESIAN_POINT('',(-51.17129372077,49.376883438893,
    -1.053353712399));
#3196 = CARTESIAN_POINT('',(-46.58616025484,47.06627009101,
    -1.025267910946));
#3197 = CARTESIAN_POINT('',(-42.00102678891,44.755656743128,
    -0.997182109493));
#3198 = CARTESIAN_POINT('',(-37.00107887203,42.236003502644,
    -0.966555401348));
#3199 = CARTESIAN_POINT('',(-32.00113095514,39.716350262161,
    -0.935928693202));
#3200 = CARTESIAN_POINT('',(-27.00118303825,37.196697021678,
    -0.905301985057));
#3201 = CARTESIAN_POINT('',(-24.58581639206,51.686622121567,
    -1.081673879688));
#3202 = CARTESIAN_POINT('',(-23.05744713003,49.376148242391,
    -1.053550707708));
#3203 = CARTESIAN_POINT('',(-21.529077868,47.065674363216,
    -1.025427535728));
#3204 = CARTESIAN_POINT('',(-20.00070860597,44.75520048404,
    -0.997304363747));
#3205 = CARTESIAN_POINT('',(-18.33406863471,42.235699329919,
    -0.966636904184));
#3206 = CARTESIAN_POINT('',(-16.66742866344,39.716198175799,
    -0.93596944462));
#3207 = CARTESIAN_POINT('',(-15.00078869217,37.196697021678,
    -0.905301985057));
#3208 = CARTESIAN_POINT('',(6.584794402563,51.685747456359,
    -1.081908245524));
#3209 = CARTESIAN_POINT('',(5.056399460695,49.37541304589,
    -1.053747703017));
#3210 = CARTESIAN_POINT('',(3.528004518826,47.065078635421,
    -1.025587160509));
#3211 = CARTESIAN_POINT('',(1.999609576958,44.754744224952,
    -0.997426618001));
#3212 = CARTESIAN_POINT('',(0.33294160261,42.235395157194,-0.96671840702
    ));
#3213 = CARTESIAN_POINT('',(-1.333726371738,39.716046089436,
    -0.936010196038));
#3214 = CARTESIAN_POINT('',(-3.000394346086,37.196697021678,
    -0.905301985057));
#3215 = CARTESIAN_POINT('',(37.755405197196,51.684872791151,
    -1.082142611361));
#3216 = CARTESIAN_POINT('',(33.170246051429,49.374677849389,
    -1.053944698326));
#3217 = CARTESIAN_POINT('',(28.585086905662,47.064482907627,
    -1.02574678529));
#3218 = CARTESIAN_POINT('',(23.999927759895,44.754287965865,
    -0.997548872255));
#3219 = CARTESIAN_POINT('',(18.99995183993,42.235090984469,
    -0.966799909856));
#3220 = CARTESIAN_POINT('',(13.999975919965,39.715894003074,
    -0.936050947456));
#3221 = CARTESIAN_POINT('',(9.,37.196697021678,-0.905301985057));
#3222 = CARTESIAN_POINT('',(38.067111305142,51.684864044499,
    -1.082144955019));
#3223 = CARTESIAN_POINT('',(33.451384517336,49.374670497424,
    -1.053946668279));
#3224 = CARTESIAN_POINT('',(28.83565772953,47.064476950349,
    -1.025748381538));
#3225 = CARTESIAN_POINT('',(24.219930941724,44.754283403274,
    -0.997550094798));
#3226 = CARTESIAN_POINT('',(19.186621942303,42.235087942742,
    -0.966800724884));
#3227 = CARTESIAN_POINT('',(14.153312942882,39.71589248221,
    -0.93605135497));
#3228 = CARTESIAN_POINT('',(9.120003943461,37.196697021678,
    -0.905301985057));
#3229 = CARTESIAN_POINT('',(38.378817413088,51.684855297847,
    -1.082147298677));
#3230 = CARTESIAN_POINT('',(33.732522983243,49.374663145459,
    -1.053948638232));
#3231 = CARTESIAN_POINT('',(29.086228553398,47.064470993071,
    -1.025749977786));
#3232 = CARTESIAN_POINT('',(24.439934123553,44.754278840683,
    -0.99755131734));
#3233 = CARTESIAN_POINT('',(19.373292044676,42.235084901015,
    -0.966801539912));
#3234 = CARTESIAN_POINT('',(14.306649965799,39.715890961346,
    -0.936051762485));
#3235 = CARTESIAN_POINT('',(9.240007886922,37.196697021678,
    -0.905301985057));
#3236 = CARTESIAN_POINT('',(38.690523521035,51.684846551195,
    -1.082149642336));
#3237 = CARTESIAN_POINT('',(34.013661449151,49.374655793494,
    -1.053950608185));
#3238 = CARTESIAN_POINT('',(29.336799377267,47.064465035793,
    -1.025751574034));
#3239 = CARTESIAN_POINT('',(24.659937305383,44.754274278092,
    -0.997552539883));
#3240 = CARTESIAN_POINT('',(19.559962147049,42.235081859287,
    -0.966802354941));
#3241 = CARTESIAN_POINT('',(14.459986988716,39.715889440483,
    -0.936052169999));
#3242 = CARTESIAN_POINT('',(9.360011830383,37.196697021678,
    -0.905301985057));
#3243 = DEFINITIONAL_REPRESENTATION('',(#3244),#3259);
#3244 = B_SPLINE_CURVE_WITH_KNOTS('',4,(#3245,#3246,#3247,#3248,#3249,
    #3250,#3251,#3252,#3253,#3254,#3255,#3256,#3257,#3258),
  .UNSPECIFIED.,.F.,.F.,(5,3,3,3,5),(0.,0.249591326377,0.499121855231,
    0.749269358137,1.),.UNSPECIFIED.);
#3245 = CARTESIAN_POINT('',(0.195205089273,0.685559984102));
#3246 = CARTESIAN_POINT('',(0.188965941483,0.676983026765));
#3247 = CARTESIAN_POINT('',(0.182820881559,0.668406504561));
#3248 = CARTESIAN_POINT('',(0.17676670568,0.659830423325));
#3249 = CARTESIAN_POINT('',(0.164835717805,0.642681243141));
#3250 = CARTESIAN_POINT('',(0.158958861521,0.634108143977));
#3251 = CARTESIAN_POINT('',(0.153166989335,0.625535496989));
#3252 = CARTESIAN_POINT('',(0.14173373413,0.608369923537));
#3253 = CARTESIAN_POINT('',(0.136092757334,0.599776999341));
#3254 = CARTESIAN_POINT('',(0.130531788791,0.591184540879));
#3255 = CARTESIAN_POINT('',(0.119552128769,0.57398053717));
#3256 = CARTESIAN_POINT('',(0.114133798064,0.565368994148));
#3257 = CARTESIAN_POINT('',(0.108790862206,0.556757930278));
#3258 = CARTESIAN_POINT('',(0.103521027598,0.548147351282));
#3259 = ( GEOMETRIC_REPRESENTATION_CONTEXT(2) 
PARAMETRIC_REPRESENTATION_CONTEXT() REPRESENTATION_CONTEXT('2D SPACE',''
  ) );
#3260 = ORIENTED_EDGE('',*,*,#3261,.T.);
#3261 = EDGE_CURVE('',#3135,#3262,#3264,.T.);
#3262 = VERTEX_POINT('',#3263);
#3263 = CARTESIAN_POINT('',(-24.99597570058,42.535738395428,
    -11.98939756177));
#3264 = SURFACE_CURVE('',#3265,(#3289,#3316),.PCURVE_S1.);
#3265 = B_SPLINE_CURVE_WITH_KNOTS('',8,(#3266,#3267,#3268,#3269,#3270,
    #3271,#3272,#3273,#3274,#3275,#3276,#3277,#3278,#3279,#3280,#3281,
    #3282,#3283,#3284,#3285,#3286,#3287,#3288),.UNSPECIFIED.,.F.,.F.,(9,
    7,7,9),(0.,0.312453041978,0.717594469518,1.),.UNSPECIFIED.);
#3266 = CARTESIAN_POINT('',(-22.84904163022,39.573507248329,
    -0.93420041704));
#3267 = CARTESIAN_POINT('',(-23.139981689,39.666923396168,
    -1.282834227022));
#3268 = CARTESIAN_POINT('',(-23.40375481951,39.766014747442,
    -1.652648184569));
#3269 = CARTESIAN_POINT('',(-23.63845874757,39.870025877404,
    -2.040823006138));
#3270 = CARTESIAN_POINT('',(-23.84462366692,39.97806745599,
    -2.44403966675));
#3271 = CARTESIAN_POINT('',(-24.02438859476,40.089210954731,
    -2.858832850982));
#3272 = CARTESIAN_POINT('',(-24.18034774619,40.202637155553,
    -3.282145195363));
#3273 = CARTESIAN_POINT('',(-24.31518673739,40.317685109119,
    -3.711510003377));
#3274 = CARTESIAN_POINT('',(-24.58214624418,40.584565212977,
    -4.707520110503));
#3275 = CARTESIAN_POINT('',(-24.70162433053,40.737215364143,
    -5.277218230437));
#3276 = CARTESIAN_POINT('',(-24.79567129526,40.891156263224,
    -5.851733487169));
#3277 = CARTESIAN_POINT('',(-24.86884887908,41.045867913365,
    -6.42912522602));
#3278 = CARTESIAN_POINT('',(-24.92469145275,41.200989091878,
    -7.00804534556));
#3279 = CARTESIAN_POINT('',(-24.96595793725,41.356309424505,
    -7.587708718373));
#3280 = CARTESIAN_POINT('',(-24.99483923121,41.511762396988,
    -8.167867109866));
#3281 = CARTESIAN_POINT('',(-25.02573903062,41.775927598817,
    -9.153745064684));
#3282 = CARTESIAN_POINT('',(-25.03323821336,41.884472301079,
    -9.558839408418));
#3283 = CARTESIAN_POINT('',(-25.03612982171,41.993037369347,
    -9.964009759121));
#3284 = CARTESIAN_POINT('',(-25.03489641556,42.101606579278,
    -10.36919556672));
#3285 = CARTESIAN_POINT('',(-25.02994249561,42.210167646792,
    -10.7743509864));
#3286 = CARTESIAN_POINT('',(-25.02161291642,42.31871223327,
    -11.17944489803));
#3287 = CARTESIAN_POINT('',(-25.01020519293,42.427235954796,
    -11.58446094059));
#3288 = CARTESIAN_POINT('',(-24.99597570058,42.535738395428,
    -11.98939756177));
#3289 = PCURVE('',#1908,#3290);
#3290 = DEFINITIONAL_REPRESENTATION('',(#3291),#3315);
#3291 = B_SPLINE_CURVE_WITH_KNOTS('',8,(#3292,#3293,#3294,#3295,#3296,
    #3297,#3298,#3299,#3300,#3301,#3302,#3303,#3304,#3305,#3306,#3307,
    #3308,#3309,#3310,#3311,#3312,#3313,#3314),.UNSPECIFIED.,.F.,.F.,(9,
    7,7,9),(0.,0.312453041978,0.717594469518,1.),.UNSPECIFIED.);
#3292 = CARTESIAN_POINT('',(0.86266404354,0.355620250632));
#3293 = CARTESIAN_POINT('',(0.835914329812,0.393453617644));
#3294 = CARTESIAN_POINT('',(0.807449963372,0.428633240786));
#3295 = CARTESIAN_POINT('',(0.777487938563,0.460905756081));
#3296 = CARTESIAN_POINT('',(0.746289246329,0.490278733268));
#3297 = CARTESIAN_POINT('',(0.714129570707,0.516934849662));
#3298 = CARTESIAN_POINT('',(0.681253580178,0.541112985685));
#3299 = CARTESIAN_POINT('',(0.647859868557,0.563071161306));
#3300 = CARTESIAN_POINT('',(0.570301349826,0.608979837942));
#3301 = CARTESIAN_POINT('',(0.525871169921,0.631594196056));
#3302 = CARTESIAN_POINT('',(0.481010335625,0.651506852712));
#3303 = CARTESIAN_POINT('',(0.435879924579,0.669191830236));
#3304 = CARTESIAN_POINT('',(0.39059257132,0.685018592625));
#3305 = CARTESIAN_POINT('',(0.345215261492,0.699279744446));
#3306 = CARTESIAN_POINT('',(0.299771763126,0.712213862393));
#3307 = CARTESIAN_POINT('',(0.222507568916,0.732241877561));
#3308 = CARTESIAN_POINT('',(0.190748246286,0.739913454964));
#3309 = CARTESIAN_POINT('',(0.158972424255,0.747093809981));
#3310 = CARTESIAN_POINT('',(0.127185796492,0.753835394904));
#3311 = CARTESIAN_POINT('',(9.539275005237E-02,0.760182254764));
#3312 = CARTESIAN_POINT('',(6.359639979984E-02,0.766172071814));
#3313 = CARTESIAN_POINT('',(3.179860955746E-02,0.771837534277));
#3314 = CARTESIAN_POINT('',(0.,0.77720702935));
#3315 = ( GEOMETRIC_REPRESENTATION_CONTEXT(2) 
PARAMETRIC_REPRESENTATION_CONTEXT() REPRESENTATION_CONTEXT('2D SPACE',''
  ) );
#3316 = PCURVE('',#3317,#3322);
#3317 = PLANE('',#3318);
#3318 = AXIS2_PLACEMENT_3D('',#3319,#3320,#3321);
#3319 = CARTESIAN_POINT('',(-69.,54.936209251286,-58.26858483361));
#3320 = DIRECTION('',(0.,0.965925826289,0.258819045103));
#3321 = DIRECTION('',(0.,-0.258819045103,0.965925826289));
#3322 = DEFINITIONAL_REPRESENTATION('',(#3323),#3347);
#3323 = B_SPLINE_CURVE_WITH_KNOTS('',8,(#3324,#3325,#3326,#3327,#3328,
    #3329,#3330,#3331,#3332,#3333,#3334,#3335,#3336,#3337,#3338,#3339,
    #3340,#3341,#3342,#3343,#3344,#3345,#3346),.UNSPECIFIED.,.F.,.F.,(9,
    7,7,9),(0.,0.312453041978,0.717594469518,1.),.UNSPECIFIED.);
#3324 = CARTESIAN_POINT('',(59.356922504956,46.150958369775));
#3325 = CARTESIAN_POINT('',(58.995990225796,45.860018310993));
#3326 = CARTESIAN_POINT('',(58.613130644365,45.596245180485));
#3327 = CARTESIAN_POINT('',(58.21126249776,45.361541252424));
#3328 = CARTESIAN_POINT('',(57.793821893483,45.155376333071));
#3329 = CARTESIAN_POINT('',(57.364396390051,44.975611405239));
#3330 = CARTESIAN_POINT('',(56.926151203041,44.819652253808));
#3331 = CARTESIAN_POINT('',(56.481640044597,44.684813262606));
#3332 = CARTESIAN_POINT('',(55.450494505241,44.417853755817));
#3333 = CARTESIAN_POINT('',(54.86069961165,44.298375669466));
#3334 = CARTESIAN_POINT('',(54.265917651073,44.204328704735));
#3335 = CARTESIAN_POINT('',(53.668157737075,44.131151120915));
#3336 = CARTESIAN_POINT('',(53.068815526955,44.075308547243));
#3337 = CARTESIAN_POINT('',(52.468703844425,44.034042062744));
#3338 = CARTESIAN_POINT('',(51.868079680847,44.005160768784));
#3339 = CARTESIAN_POINT('',(50.847423717433,43.974260969376));
#3340 = CARTESIAN_POINT('',(50.428039192547,43.966761786635));
#3341 = CARTESIAN_POINT('',(50.008575979455,43.963870178282));
#3342 = CARTESIAN_POINT('',(49.589096764204,43.965103584434));
#3343 = CARTESIAN_POINT('',(49.169649008841,43.970057504381));
#3344 = CARTESIAN_POINT('',(48.750264931309,43.978387083573));
#3345 = CARTESIAN_POINT('',(48.330961469759,43.989794807066));
#3346 = CARTESIAN_POINT('',(47.911740231275,44.004024299412));
#3347 = ( GEOMETRIC_REPRESENTATION_CONTEXT(2) 
PARAMETRIC_REPRESENTATION_CONTEXT() REPRESENTATION_CONTEXT('2D SPACE',''
  ) );
#3348 = ORIENTED_EDGE('',*,*,#3349,.F.);
#3349 = EDGE_CURVE('',#1930,#3262,#3350,.T.);
#3350 = SURFACE_CURVE('',#3351,(#3354,#3361),.PCURVE_S1.);
#3351 = B_SPLINE_CURVE_WITH_KNOTS('',1,(#3352,#3353),.UNSPECIFIED.,.F.,
  .F.,(2,2),(0.,1.),.PIECEWISE_BEZIER_KNOTS.);
#3352 = CARTESIAN_POINT('',(-18.00111243644,39.,-12.27226284096));
#3353 = CARTESIAN_POINT('',(-27.00111243644,43.54928772117,
    -11.90831183626));
#3354 = PCURVE('',#1908,#3355);
#3355 = DEFINITIONAL_REPRESENTATION('',(#3356),#3360);
#3356 = LINE('',#3357,#3358);
#3357 = CARTESIAN_POINT('',(0.,0.));
#3358 = VECTOR('',#3359,1.);
#3359 = DIRECTION('',(0.,1.));
#3360 = ( GEOMETRIC_REPRESENTATION_CONTEXT(2) 
PARAMETRIC_REPRESENTATION_CONTEXT() REPRESENTATION_CONTEXT('2D SPACE',''
  ) );
#3361 = PCURVE('',#3039,#3362);
#3362 = DEFINITIONAL_REPRESENTATION('',(#3363),#3367);
#3363 = LINE('',#3364,#3365);
#3364 = CARTESIAN_POINT('',(38.727737159033,0.));
#3365 = VECTOR('',#3366,1.);
#3366 = DIRECTION('',(0.,1.));
#3367 = ( GEOMETRIC_REPRESENTATION_CONTEXT(2) 
PARAMETRIC_REPRESENTATION_CONTEXT() REPRESENTATION_CONTEXT('2D SPACE',''
  ) );
#3368 = ADVANCED_FACE('',(#3369),#1817,.F.);
#3369 = FACE_BOUND('',#3370,.F.);
#3370 = EDGE_LOOP('',(#3371,#3372,#3460,#3537,#3566,#3645));
#3371 = ORIENTED_EDGE('',*,*,#1706,.T.);
#3372 = ORIENTED_EDGE('',*,*,#3373,.T.);
#3373 = EDGE_CURVE('',#1707,#3374,#3376,.T.);
#3374 = VERTEX_POINT('',#3375);
#3375 = CARTESIAN_POINT('',(-31.37231070796,46.769465091126,
    -1.02175618258));
#3376 = SURFACE_CURVE('',#3377,(#3385,#3414),.PCURVE_S1.);
#3377 = B_SPLINE_CURVE_WITH_KNOTS('',3,(#3378,#3379,#3380,#3381,#3382,
    #3383,#3384),.UNSPECIFIED.,.F.,.F.,(4,3,4),(0.,0.525108708062,
    1.05260488549),.UNSPECIFIED.);
#3378 = CARTESIAN_POINT('',(-27.00118303825,37.196697021678,
    -0.905301985057));
#3379 = CARTESIAN_POINT('',(-27.78047530037,38.76389486469,
    -0.924351475746));
#3380 = CARTESIAN_POINT('',(-28.53365491969,40.344068910081,
    -0.943570247255));
#3381 = CARTESIAN_POINT('',(-29.26066776417,41.936200051751,
    -0.962940398666));
#3382 = CARTESIAN_POINT('',(-29.99098605924,43.535570007536,
    -0.982398618781));
#3383 = CARTESIAN_POINT('',(-30.69488843543,45.146982637177,
    -1.002010102558));
#3384 = CARTESIAN_POINT('',(-31.37231070796,46.769465091126,
    -1.02175618258));
#3385 = PCURVE('',#1817,#3386);
#3386 = DEFINITIONAL_REPRESENTATION('',(#3387),#3413);
#3387 = B_SPLINE_CURVE_WITH_KNOTS('',3,(#3388,#3389,#3390,#3391,#3392,
    #3393,#3394,#3395,#3396,#3397,#3398,#3399,#3400,#3401,#3402,#3403,
    #3404,#3405,#3406,#3407,#3408,#3409,#3410,#3411,#3412),
  .UNSPECIFIED.,.F.,.F.,(4,1,1,1,1,1,1,1,1,1,1,1,1,1,1,1,1,1,1,1,1,1,4),
  (0.,4.784567661319E-02,9.569135322638E-02,0.14353702984,0.191382706453
    ,0.239228383066,0.287074059679,0.334919736292,0.382765412906,
    0.430611089519,0.478456766132,0.526302442745,0.574148119358,
    0.621993795971,0.669839472585,0.717685149198,0.765530825811,
    0.813376502424,0.861222179037,0.909067855651,0.956913532264,
    1.004759208877,1.05260488549),.QUASI_UNIFORM_KNOTS.);
#3388 = CARTESIAN_POINT('',(0.,1.));
#3389 = CARTESIAN_POINT('',(5.895954149071E-03,0.981108985238));
#3390 = CARTESIAN_POINT('',(1.716494062301E-02,0.943298333182));
#3391 = CARTESIAN_POINT('',(3.266775016454E-02,0.886497135918));
#3392 = CARTESIAN_POINT('',(4.69489151041E-02,0.829611370254));
#3393 = CARTESIAN_POINT('',(6.014920508448E-02,0.772641678687));
#3394 = CARTESIAN_POINT('',(7.239101006858E-02,0.715588699721));
#3395 = CARTESIAN_POINT('',(8.37782439343E-02,0.658453067906));
#3396 = CARTESIAN_POINT('',(9.440049418482E-02,0.601235414509));
#3397 = CARTESIAN_POINT('',(0.104335191557,0.543936368841));
#3398 = CARTESIAN_POINT('',(0.113649662533,0.486556555488));
#3399 = CARTESIAN_POINT('',(0.122402707679,0.429096606668));
#3400 = CARTESIAN_POINT('',(0.130645919554,0.371557117659));
#3401 = CARTESIAN_POINT('',(0.138424731368,0.313938814719));
#3402 = CARTESIAN_POINT('',(0.145779335798,0.256242370955));
#3403 = CARTESIAN_POINT('',(0.152745422855,0.198468346844));
#3404 = CARTESIAN_POINT('',(0.159354777817,0.140617331932));
#3405 = CARTESIAN_POINT('',(0.165635804893,8.268990702056E-02));
#3406 = CARTESIAN_POINT('',(0.171613964871,2.468665441909E-02));
#3407 = CARTESIAN_POINT('',(0.177312143789,-3.33918446954E-02));
#3408 = CARTESIAN_POINT('',(0.182750982521,-9.154500947807E-02));
#3409 = CARTESIAN_POINT('',(0.187949099865,-0.149772259563));
#3410 = CARTESIAN_POINT('',(0.192923504831,-0.208073014923));
#3411 = CARTESIAN_POINT('',(0.196100587025,-0.246988802296));
#3412 = CARTESIAN_POINT('',(0.197656918592,-0.266458753648));
#3413 = ( GEOMETRIC_REPRESENTATION_CONTEXT(2) 
PARAMETRIC_REPRESENTATION_CONTEXT() REPRESENTATION_CONTEXT('2D SPACE',''
  ) );
#3414 = PCURVE('',#3415,#3432);
#3415 = B_SPLINE_SURFACE_WITH_KNOTS('',3,3,(
    (#3416,#3417,#3418,#3419)
    ,(#3420,#3421,#3422,#3423)
    ,(#3424,#3425,#3426,#3427)
    ,(#3428,#3429,#3430,#3431
    )),.UNSPECIFIED.,.F.,.F.,.F.,(4,4),(4,4),(0.,1.),(15.799097997693,
    18.297360304559),.PIECEWISE_BEZIER_KNOTS.);
#3416 = CARTESIAN_POINT('',(-31.37231070796,44.325461586385,
    3.211412714304));
#3417 = CARTESIAN_POINT('',(-31.37231070796,48.489209468806,
    -4.00046238986));
#3418 = CARTESIAN_POINT('',(-31.37231070796,52.652957351228,
    -11.21233749402));
#3419 = CARTESIAN_POINT('',(-31.37231070796,56.816705233649,
    -18.42421259818));
#3420 = CARTESIAN_POINT('',(-30.01505511703,41.904645725742,
    1.813447082902));
#3421 = CARTESIAN_POINT('',(-30.01503936937,46.068400666075,
    -5.398423946386));
#3422 = CARTESIAN_POINT('',(-30.01502362181,50.232155606536,
    -12.61029497559));
#3423 = CARTESIAN_POINT('',(-30.01500787416,54.395910546865,
    -19.82216600488));
#3424 = CARTESIAN_POINT('',(-28.55674416371,39.526322273784,
    0.44001427759));
#3425 = CARTESIAN_POINT('',(-28.5567129778,43.69008475887,
    -6.771852395744));
#3426 = CARTESIAN_POINT('',(-28.556681792,47.853847244083,-13.983719069)
  );
#3427 = CARTESIAN_POINT('',(-28.55665060609,52.017609729166,
    -21.19558574234));
#3428 = CARTESIAN_POINT('',(-27.00118303825,37.196697021678,
    -0.905301985057));
#3429 = CARTESIAN_POINT('',(-27.00113676268,41.360467516863,
    -8.117164033773));
#3430 = CARTESIAN_POINT('',(-27.00109048711,45.524238012048,
    -15.32902608249));
#3431 = CARTESIAN_POINT('',(-27.00104421154,49.688008507233,
    -22.5408881312));
#3432 = DEFINITIONAL_REPRESENTATION('',(#3433),#3459);
#3433 = B_SPLINE_CURVE_WITH_KNOTS('',3,(#3434,#3435,#3436,#3437,#3438,
    #3439,#3440,#3441,#3442,#3443,#3444,#3445,#3446,#3447,#3448,#3449,
    #3450,#3451,#3452,#3453,#3454,#3455,#3456,#3457,#3458),
  .UNSPECIFIED.,.F.,.F.,(4,1,1,1,1,1,1,1,1,1,1,1,1,1,1,1,1,1,1,1,1,1,4),
  (0.,4.784567661319E-02,9.569135322638E-02,0.14353702984,0.191382706453
    ,0.239228383066,0.287074059679,0.334919736292,0.382765412906,
    0.430611089519,0.478456766132,0.526302442745,0.574148119358,
    0.621993795971,0.669839472585,0.717685149198,0.765530825811,
    0.813376502424,0.861222179037,0.909067855651,0.956913532264,
    1.004759208877,1.05260488549),.QUASI_UNIFORM_KNOTS.);
#3434 = CARTESIAN_POINT('',(1.,15.799097997693));
#3435 = CARTESIAN_POINT('',(0.984784438502,15.806389346891));
#3436 = CARTESIAN_POINT('',(0.954359398914,15.820983061396));
#3437 = CARTESIAN_POINT('',(0.908739976766,15.84290644314));
#3438 = CARTESIAN_POINT('',(0.863138578428,15.864862396533));
#3439 = CARTESIAN_POINT('',(0.81755509199,15.886850683235));
#3440 = CARTESIAN_POINT('',(0.771989406539,15.908871064912));
#3441 = CARTESIAN_POINT('',(0.72644141236,15.930923303211));
#3442 = CARTESIAN_POINT('',(0.680911000724,15.953007159846));
#3443 = CARTESIAN_POINT('',(0.635398064606,15.975122396283));
#3444 = CARTESIAN_POINT('',(0.589902496104,15.997268774914));
#3445 = CARTESIAN_POINT('',(0.544424196105,16.019446054678));
#3446 = CARTESIAN_POINT('',(0.498963038283,16.041654007393));
#3447 = CARTESIAN_POINT('',(0.45351900374,16.063892356716));
#3448 = CARTESIAN_POINT('',(0.408092041439,16.086160845538));
#3449 = CARTESIAN_POINT('',(0.362682011687,16.10845925739));
#3450 = CARTESIAN_POINT('',(0.317288799841,16.130787364912));
#3451 = CARTESIAN_POINT('',(0.271912285853,16.153144943664));
#3452 = CARTESIAN_POINT('',(0.226552352448,16.175531768423));
#3453 = CARTESIAN_POINT('',(0.181208882951,16.197947614177));
#3454 = CARTESIAN_POINT('',(0.135881761875,16.220392255855));
#3455 = CARTESIAN_POINT('',(9.057087481262E-02,16.242865468403));
#3456 = CARTESIAN_POINT('',(4.527610835227E-02,16.265367026764));
#3457 = CARTESIAN_POINT('',(1.509026985245E-02,16.280386812841));
#3458 = CARTESIAN_POINT('',(0.,16.287901355162));
#3459 = ( GEOMETRIC_REPRESENTATION_CONTEXT(2) 
PARAMETRIC_REPRESENTATION_CONTEXT() REPRESENTATION_CONTEXT('2D SPACE',''
  ) );
#3460 = ORIENTED_EDGE('',*,*,#3461,.T.);
#3461 = EDGE_CURVE('',#3374,#3462,#3464,.T.);
#3462 = VERTEX_POINT('',#3463);
#3463 = CARTESIAN_POINT('',(-28.96527331564,44.754755725664,
    -0.997246871659));
#3464 = SURFACE_CURVE('',#3465,(#3474,#3503),.PCURVE_S1.);
#3465 = B_SPLINE_CURVE_WITH_KNOTS('',3,(#3466,#3467,#3468,#3469,#3470,
    #3471,#3472,#3473),.UNSPECIFIED.,.F.,.F.,(4,2,2,4),(
    5.58161649779E-02,0.108952005166,0.249162550255,0.379399443722),
  .UNSPECIFIED.);
#3466 = CARTESIAN_POINT('',(-31.37231070796,46.769465091126,
    -1.02175618258));
#3467 = CARTESIAN_POINT('',(-31.28729662004,46.614253676376,
    -1.019867347466));
#3468 = CARTESIAN_POINT('',(-31.19374119259,46.463770709701,
    -1.018036143752));
#3469 = CARTESIAN_POINT('',(-30.82255900596,45.937336189862,
    -1.011630365099));
#3470 = CARTESIAN_POINT('',(-30.49621301619,45.598447422599,
    -1.007507324995));
#3471 = CARTESIAN_POINT('',(-29.76842392923,45.069372769114,
    -1.001071711313));
#3472 = CARTESIAN_POINT('',(-29.37997613229,44.874865160829,
    -0.998706449101));
#3473 = CARTESIAN_POINT('',(-28.96527331564,44.754755725664,
    -0.997246871659));
#3474 = PCURVE('',#1817,#3475);
#3475 = DEFINITIONAL_REPRESENTATION('',(#3476),#3502);
#3476 = B_SPLINE_CURVE_WITH_KNOTS('',3,(#3477,#3478,#3479,#3480,#3481,
    #3482,#3483,#3484,#3485,#3486,#3487,#3488,#3489,#3490,#3491,#3492,
    #3493,#3494,#3495,#3496,#3497,#3498,#3499,#3500,#3501),
  .UNSPECIFIED.,.F.,.F.,(4,1,1,1,1,1,1,1,1,1,1,1,1,1,1,1,1,1,1,1,1,1,4),
  (5.58161649779E-02,7.052449582991E-02,8.523282668191E-02,
    9.994115753391E-02,0.114649488386,0.129357819238,0.14406615009,
    0.158774480942,0.173482811794,0.188191142646,0.202899473498,
    0.21760780435,0.232316135202,0.247024466054,0.261732796906,
    0.276441127758,0.29114945861,0.305857789462,0.320566120314,
    0.335274451166,0.349982782018,0.36469111287,0.379399443722),
  .QUASI_UNIFORM_KNOTS.);
#3477 = CARTESIAN_POINT('',(0.197656918592,-0.266458753648));
#3478 = CARTESIAN_POINT('',(0.197278207071,-0.260774680667));
#3479 = CARTESIAN_POINT('',(0.196544963852,-0.249502448333));
#3480 = CARTESIAN_POINT('',(0.195521736133,-0.232899622944));
#3481 = CARTESIAN_POINT('',(0.19457928685,-0.216621619099));
#3482 = CARTESIAN_POINT('',(0.19372160439,-0.200682428504));
#3483 = CARTESIAN_POINT('',(0.192954218312,-0.18512543194));
#3484 = CARTESIAN_POINT('',(0.192281232309,-0.169970559296));
#3485 = CARTESIAN_POINT('',(0.191706819824,-0.15523771117));
#3486 = CARTESIAN_POINT('',(0.191235166083,-0.140946803009));
#3487 = CARTESIAN_POINT('',(0.190870464179,-0.127117720126));
#3488 = CARTESIAN_POINT('',(0.190616894363,-0.11377045351));
#3489 = CARTESIAN_POINT('',(0.190478608523,-0.1009246016));
#3490 = CARTESIAN_POINT('',(0.190459702821,-8.860122740063E-02));
#3491 = CARTESIAN_POINT('',(0.190564224846,-7.681592826678E-02));
#3492 = CARTESIAN_POINT('',(0.190796047124,-6.560469967526E-02));
#3493 = CARTESIAN_POINT('',(0.191157318632,-5.502580815826E-02));
#3494 = CARTESIAN_POINT('',(0.19165035174,-4.508490158993E-02));
#3495 = CARTESIAN_POINT('',(0.192277177091,-3.580094296044E-02));
#3496 = CARTESIAN_POINT('',(0.193039629846,-2.718932754362E-02));
#3497 = CARTESIAN_POINT('',(0.193939303967,-1.92664066453E-02));
#3498 = CARTESIAN_POINT('',(0.194977529974,-1.204827546802E-02));
#3499 = CARTESIAN_POINT('',(0.196155392903,-5.55109792906E-03));
#3500 = CARTESIAN_POINT('',(0.197034177166,-1.711045675247E-03));
#3501 = CARTESIAN_POINT('',(0.197497087084,8.343879590086E-05));
#3502 = ( GEOMETRIC_REPRESENTATION_CONTEXT(2) 
PARAMETRIC_REPRESENTATION_CONTEXT() REPRESENTATION_CONTEXT('2D SPACE',''
  ) );
#3503 = PCURVE('',#3504,#3509);
#3504 = CYLINDRICAL_SURFACE('',#3505,4.);
#3505 = AXIS2_PLACEMENT_3D('',#3506,#3507,#3508);
#3506 = CARTESIAN_POINT('',(-27.99854447587,48.116171710278,
    0.94345349901));
#3507 = DIRECTION('',(0.,0.49999728458,-0.866026971527));
#3508 = DIRECTION('',(-1.,1.922966167471E-15,1.110216995182E-15));
#3509 = DEFINITIONAL_REPRESENTATION('',(#3510),#3536);
#3510 = B_SPLINE_CURVE_WITH_KNOTS('',3,(#3511,#3512,#3513,#3514,#3515,
    #3516,#3517,#3518,#3519,#3520,#3521,#3522,#3523,#3524,#3525,#3526,
    #3527,#3528,#3529,#3530,#3531,#3532,#3533,#3534,#3535),
  .UNSPECIFIED.,.F.,.F.,(4,1,1,1,1,1,1,1,1,1,1,1,1,1,1,1,1,1,1,1,1,1,4),
  (5.58161649779E-02,7.052449582991E-02,8.523282668191E-02,
    9.994115753391E-02,0.114649488386,0.129357819238,0.14406615009,
    0.158774480942,0.173482811794,0.188191142646,0.202899473498,
    0.21760780435,0.232316135202,0.247024466054,0.261732796906,
    0.276441127758,0.29114945861,0.305857789462,0.320566120314,
    0.335274451166,0.349982782018,0.36469111287,0.379399443722),
  .QUASI_UNIFORM_KNOTS.);
#3511 = CARTESIAN_POINT('',(5.716046573901,1.028574936261));
#3512 = CARTESIAN_POINT('',(5.705095492024,1.006640516065));
#3513 = CARTESIAN_POINT('',(5.683149322017,0.9631417863));
#3514 = CARTESIAN_POINT('',(5.650086660705,0.899072644324));
#3515 = CARTESIAN_POINT('',(5.616872869243,0.836256926722));
#3516 = CARTESIAN_POINT('',(5.58348740085,0.774748626984));
#3517 = CARTESIAN_POINT('',(5.549971711116,0.714715149148));
#3518 = CARTESIAN_POINT('',(5.516320059412,0.656233401952));
#3519 = CARTESIAN_POINT('',(5.482525257251,0.599380181115));
#3520 = CARTESIAN_POINT('',(5.448579272453,0.544232339677));
#3521 = CARTESIAN_POINT('',(5.414472862463,0.490866614405));
#3522 = CARTESIAN_POINT('',(5.380195932242,0.439360149848));
#3523 = CARTESIAN_POINT('',(5.345736018551,0.389788575698));
#3524 = CARTESIAN_POINT('',(5.311083604103,0.342233173292));
#3525 = CARTESIAN_POINT('',(5.276212052659,0.296754132245));
#3526 = CARTESIAN_POINT('',(5.241152304794,0.253490357412));
#3527 = CARTESIAN_POINT('',(5.206019762676,0.212666697462));
#3528 = CARTESIAN_POINT('',(5.170775305482,0.174304948086));
#3529 = CARTESIAN_POINT('',(5.135417937834,0.138478287189));
#3530 = CARTESIAN_POINT('',(5.099935354227,0.105246124855));
#3531 = CARTESIAN_POINT('',(5.064317073329,7.467156024763E-02));
#3532 = CARTESIAN_POINT('',(5.028550768017,4.681670402195E-02));
#3533 = CARTESIAN_POINT('',(4.992623296368,2.174393179385E-02));
#3534 = CARTESIAN_POINT('',(4.968554294682,6.92500916024E-03));
#3535 = CARTESIAN_POINT('',(4.956488059965,2.13162820728E-14));
#3536 = ( GEOMETRIC_REPRESENTATION_CONTEXT(2) 
PARAMETRIC_REPRESENTATION_CONTEXT() REPRESENTATION_CONTEXT('2D SPACE',''
  ) );
#3537 = ORIENTED_EDGE('',*,*,#3538,.F.);
#3538 = EDGE_CURVE('',#3539,#3462,#3541,.T.);
#3539 = VERTEX_POINT('',#3540);
#3540 = CARTESIAN_POINT('',(10.966358228588,44.754362227776,
    -0.997474056126));
#3541 = SURFACE_CURVE('',#3542,(#3547,#3553),.PCURVE_S1.);
#3542 = B_SPLINE_CURVE_WITH_KNOTS('',3,(#3543,#3544,#3545,#3546),
  .UNSPECIFIED.,.F.,.F.,(4,4),(-4.346490270727,-0.353327116045),
  .PIECEWISE_BEZIER_KNOTS.);
#3543 = CARTESIAN_POINT('',(10.966358228588,44.754362227776,
    -0.997474056126));
#3544 = CARTESIAN_POINT('',(-2.344185619491,44.754493397853,
    -0.997398325595));
#3545 = CARTESIAN_POINT('',(-15.65472946757,44.754624563815,
    -0.99732259744));
#3546 = CARTESIAN_POINT('',(-28.96527331564,44.754755725664,
    -0.997246871659));
#3547 = PCURVE('',#1817,#3548);
#3548 = DEFINITIONAL_REPRESENTATION('',(#3549),#3552);
#3549 = B_SPLINE_CURVE_WITH_KNOTS('',1,(#3550,#3551),.UNSPECIFIED.,.F.,
  .F.,(2,2),(-4.346490270727,-0.353327116045),.PIECEWISE_BEZIER_KNOTS.);
#3550 = CARTESIAN_POINT('',(0.802528096524,2.593764744892E-05));
#3551 = CARTESIAN_POINT('',(0.197497087084,8.343879590122E-05));
#3552 = ( GEOMETRIC_REPRESENTATION_CONTEXT(2) 
PARAMETRIC_REPRESENTATION_CONTEXT() REPRESENTATION_CONTEXT('2D SPACE',''
  ) );
#3553 = PCURVE('',#3554,#3559);
#3554 = PLANE('',#3555);
#3555 = AXIS2_PLACEMENT_3D('',#3556,#3557,#3558);
#3556 = CARTESIAN_POINT('',(-8.99854447587,64.570684169291,
    10.443401906038));
#3557 = DIRECTION('',(0.,-0.49999728458,0.866026971527));
#3558 = DIRECTION('',(1.,0.,0.));
#3559 = DEFINITIONAL_REPRESENTATION('',(#3560),#3565);
#3560 = B_SPLINE_CURVE_WITH_KNOTS('',3,(#3561,#3562,#3563,#3564),
  .UNSPECIFIED.,.F.,.F.,(4,4),(-4.346490270727,-0.353327116045),
  .PIECEWISE_BEZIER_KNOTS.);
#3561 = CARTESIAN_POINT('',(19.964902704459,-22.88187619211));
#3562 = CARTESIAN_POINT('',(6.654358856379,-22.88172473023));
#3563 = CARTESIAN_POINT('',(-6.6561849917,-22.8815732731));
#3564 = CARTESIAN_POINT('',(-19.96672883977,-22.88142182071));
#3565 = ( GEOMETRIC_REPRESENTATION_CONTEXT(2) 
PARAMETRIC_REPRESENTATION_CONTEXT() REPRESENTATION_CONTEXT('2D SPACE',''
  ) );
#3566 = ORIENTED_EDGE('',*,*,#3567,.F.);
#3567 = EDGE_CURVE('',#3568,#3539,#3570,.T.);
#3568 = VERTEX_POINT('',#3569);
#3569 = CARTESIAN_POINT('',(13.375221756224,46.769635843317,
    -1.022051936192));
#3570 = SURFACE_CURVE('',#3571,(#3582,#3611),.PCURVE_S1.);
#3571 = B_SPLINE_CURVE_WITH_KNOTS('',3,(#3572,#3573,#3574,#3575,#3576,
    #3577,#3578,#3579,#3580,#3581),.UNSPECIFIED.,.F.,.F.,(4,2,2,2,4),(
    -1.356335062678,-1.258865435081,-1.13531612397,-1.040294040068,
    -1.032249602766),.UNSPECIFIED.);
#3572 = CARTESIAN_POINT('',(13.375221756224,46.769635843317,
    -1.022051936192));
#3573 = CARTESIAN_POINT('',(13.219689637186,46.485675017175,
    -1.01859001385));
#3574 = CARTESIAN_POINT('',(13.035726890322,46.217787595157,
    -1.015323753338));
#3575 = CARTESIAN_POINT('',(12.555827646252,45.661998421295,
    -1.008546536639));
#3576 = CARTESIAN_POINT('',(12.245159154548,45.390423017275,
    -1.00523446863));
#3577 = CARTESIAN_POINT('',(11.630238811983,45.005452478096,
    -1.000538451065));
#3578 = CARTESIAN_POINT('',(11.343838487791,44.871804271693,
    -0.998907738339));
#3579 = CARTESIAN_POINT('',(11.017535800551,44.769468790566,
    -0.997658485428));
#3580 = CARTESIAN_POINT('',(10.991985996539,44.761770096919,
    -0.997564498515));
#3581 = CARTESIAN_POINT('',(10.966358228588,44.754362227776,
    -0.997474056126));
#3582 = PCURVE('',#1817,#3583);
#3583 = DEFINITIONAL_REPRESENTATION('',(#3584),#3610);
#3584 = B_SPLINE_CURVE_WITH_KNOTS('',3,(#3585,#3586,#3587,#3588,#3589,
    #3590,#3591,#3592,#3593,#3594,#3595,#3596,#3597,#3598,#3599,#3600,
    #3601,#3602,#3603,#3604,#3605,#3606,#3607,#3608,#3609),
  .UNSPECIFIED.,.F.,.F.,(4,1,1,1,1,1,1,1,1,1,1,1,1,1,1,1,1,1,1,1,1,1,4),
  (-1.356335062678,-1.341603905409,-1.32687274814,-1.312141590872,
    -1.297410433603,-1.282679276334,-1.267948119065,-1.253216961797,
    -1.238485804528,-1.223754647259,-1.209023489991,-1.194292332722,
    -1.179561175453,-1.164830018184,-1.150098860916,-1.135367703647,
    -1.120636546378,-1.105905389109,-1.091174231841,-1.076443074572,
    -1.061711917303,-1.046980760034,-1.032249602766),
  .QUASI_UNIFORM_KNOTS.);
#3585 = CARTESIAN_POINT('',(0.80237719943,-0.26662004726));
#3586 = CARTESIAN_POINT('',(0.80275561766,-0.260941719918));
#3587 = CARTESIAN_POINT('',(0.803488246313,-0.24968221325));
#3588 = CARTESIAN_POINT('',(0.80451047906,-0.233102797583));
#3589 = CARTESIAN_POINT('',(0.805451946497,-0.216851587851));
#3590 = CARTESIAN_POINT('',(0.80630848245,-0.200947081062));
#3591 = CARTESIAN_POINT('',(0.807075881819,-0.185407271377));
#3592 = CARTESIAN_POINT('',(0.807749812942,-0.170252029021));
#3593 = CARTESIAN_POINT('',(0.808326161318,-0.155494222883));
#3594 = CARTESIAN_POINT('',(0.808799300302,-0.141185400713));
#3595 = CARTESIAN_POINT('',(0.809165231844,-0.127345630495));
#3596 = CARTESIAN_POINT('',(0.80941992822,-0.113994893265));
#3597 = CARTESIAN_POINT('',(0.809559409229,-0.101153158528));
#3598 = CARTESIAN_POINT('',(0.809579751919,-8.884052880987E-02));
#3599 = CARTESIAN_POINT('',(0.809477092186,-7.707658601068E-02));
#3600 = CARTESIAN_POINT('',(0.809247733472,-6.588286141531E-02));
#3601 = CARTESIAN_POINT('',(0.808887841827,-5.527360926623E-02));
#3602 = CARTESIAN_POINT('',(0.808394694492,-4.52902424327E-02));
#3603 = CARTESIAN_POINT('',(0.807766988244,-3.597122035263E-02));
#3604 = CARTESIAN_POINT('',(0.807002657177,-2.732720442959E-02));
#3605 = CARTESIAN_POINT('',(0.806100116889,-1.937622267115E-02));
#3606 = CARTESIAN_POINT('',(0.805058061415,-1.213463313339E-02));
#3607 = CARTESIAN_POINT('',(0.803875151034,-5.618106736263E-03));
#3608 = CARTESIAN_POINT('',(0.802992770675,-1.77052393357E-03));
#3609 = CARTESIAN_POINT('',(0.802528096524,2.593764744873E-05));
#3610 = ( GEOMETRIC_REPRESENTATION_CONTEXT(2) 
PARAMETRIC_REPRESENTATION_CONTEXT() REPRESENTATION_CONTEXT('2D SPACE',''
  ) );
#3611 = PCURVE('',#3612,#3617);
#3612 = CYLINDRICAL_SURFACE('',#3613,4.);
#3613 = AXIS2_PLACEMENT_3D('',#3614,#3615,#3616);
#3614 = CARTESIAN_POINT('',(10.00145552413,48.116171710278,0.94345349901
    ));
#3615 = DIRECTION('',(0.,0.49999728458,-0.866026971527));
#3616 = DIRECTION('',(-1.110223024625E-15,-0.866026971527,-0.49999728458
    ));
#3617 = DEFINITIONAL_REPRESENTATION('',(#3618),#3644);
#3618 = B_SPLINE_CURVE_WITH_KNOTS('',3,(#3619,#3620,#3621,#3622,#3623,
    #3624,#3625,#3626,#3627,#3628,#3629,#3630,#3631,#3632,#3633,#3634,
    #3635,#3636,#3637,#3638,#3639,#3640,#3641,#3642,#3643),
  .UNSPECIFIED.,.F.,.F.,(4,1,1,1,1,1,1,1,1,1,1,1,1,1,1,1,1,1,1,1,1,1,4),
  (-1.356335062678,-1.341603905409,-1.32687274814,-1.312141590872,
    -1.297410433603,-1.282679276334,-1.267948119065,-1.253216961797,
    -1.238485804528,-1.223754647259,-1.209023489991,-1.194292332722,
    -1.179561175453,-1.164830018184,-1.150098860916,-1.135367703647,
    -1.120636546378,-1.105905389109,-1.091174231841,-1.076443074572,
    -1.061711917303,-1.046980760034,-1.032249602766),
  .QUASI_UNIFORM_KNOTS.);
#3619 = CARTESIAN_POINT('',(5.279527713663,1.028916442498));
#3620 = CARTESIAN_POINT('',(5.290466719524,1.00700510214));
#3621 = CARTESIAN_POINT('',(5.312385726794,0.963557305919));
#3622 = CARTESIAN_POINT('',(5.345396627089,0.899581267013));
#3623 = CARTESIAN_POINT('',(5.378549025277,0.836871736209));
#3624 = CARTESIAN_POINT('',(5.411853059714,0.775500088606));
#3625 = CARTESIAN_POINT('',(5.445320981894,0.715535758889));
#3626 = CARTESIAN_POINT('',(5.478961784456,0.657055420969));
#3627 = CARTESIAN_POINT('',(5.512801836667,0.600108732275));
#3628 = CARTESIAN_POINT('',(5.54677938618,0.544894602525));
#3629 = CARTESIAN_POINT('',(5.58090051569,0.49149046844));
#3630 = CARTESIAN_POINT('',(5.615173194534,0.439973431266));
#3631 = CARTESIAN_POINT('',(5.649606366894,0.390420547782));
#3632 = CARTESIAN_POINT('',(5.684209756123,0.342909388108));
#3633 = CARTESIAN_POINT('',(5.718996068065,0.297515513471));
#3634 = CARTESIAN_POINT('',(5.753972821163,0.254322007322));
#3635 = CARTESIAN_POINT('',(5.789173202224,0.213383873117));
#3636 = CARTESIAN_POINT('',(5.824541116774,0.174860912063));
#3637 = CARTESIAN_POINT('',(5.860012188393,0.138901528081));
#3638 = CARTESIAN_POINT('',(5.89561567599,0.105546860349));
#3639 = CARTESIAN_POINT('',(5.931357507412,7.486647393996E-02));
#3640 = CARTESIAN_POINT('',(5.9672492585,4.692349023677E-02));
#3641 = CARTESIAN_POINT('',(6.003309754886,2.177837948875E-02));
#3642 = CARTESIAN_POINT('',(6.027456704664,6.931899942742E-03));
#3643 = CARTESIAN_POINT('',(6.03955668108,1.7763568394E-15));
#3644 = ( GEOMETRIC_REPRESENTATION_CONTEXT(2) 
PARAMETRIC_REPRESENTATION_CONTEXT() REPRESENTATION_CONTEXT('2D SPACE',''
  ) );
#3645 = ORIENTED_EDGE('',*,*,#3646,.T.);
#3646 = EDGE_CURVE('',#3568,#1685,#3647,.T.);
#3647 = SURFACE_CURVE('',#3648,(#3656,#3685),.PCURVE_S1.);
#3648 = B_SPLINE_CURVE_WITH_KNOTS('',3,(#3649,#3650,#3651,#3652,#3653,
    #3654,#3655),.UNSPECIFIED.,.F.,.F.,(4,3,4),(0.,0.527376233087,
    1.052799782683),.UNSPECIFIED.);
#3649 = CARTESIAN_POINT('',(13.375221756224,46.769635843317,
    -1.022051936192));
#3650 = CARTESIAN_POINT('',(12.697411164243,45.147764289351,
    -1.002280191323));
#3651 = CARTESIAN_POINT('',(11.993134846285,43.53697229267,
    -0.982639271272));
#3652 = CARTESIAN_POINT('',(11.262453826721,41.938221288996,
    -0.963142795001));
#3653 = CARTESIAN_POINT('',(10.534478254757,40.345389882178,
    -0.943718507131));
#3654 = CARTESIAN_POINT('',(9.780315988145,38.764560346184,
    -0.924439103261));
#3655 = CARTESIAN_POINT('',(9.,37.196697021678,-0.905301985057));
#3656 = PCURVE('',#1817,#3657);
#3657 = DEFINITIONAL_REPRESENTATION('',(#3658),#3684);
#3658 = B_SPLINE_CURVE_WITH_KNOTS('',3,(#3659,#3660,#3661,#3662,#3663,
    #3664,#3665,#3666,#3667,#3668,#3669,#3670,#3671,#3672,#3673,#3674,
    #3675,#3676,#3677,#3678,#3679,#3680,#3681,#3682,#3683),
  .UNSPECIFIED.,.F.,.F.,(4,1,1,1,1,1,1,1,1,1,1,1,1,1,1,1,1,1,1,1,1,1,4),
  (0.,4.785453557651E-02,9.570907115301E-02,0.14356360673,0.191418142306
    ,0.239272677883,0.287127213459,0.334981749036,0.382836284612,
    0.430690820189,0.478545355765,0.526399891342,0.574254426918,
    0.622108962495,0.669963498071,0.717818033648,0.765672569224,
    0.813527104801,0.861381640377,0.909236175954,0.95709071153,
    1.004945247107,1.052799782683),.QUASI_UNIFORM_KNOTS.);
#3659 = CARTESIAN_POINT('',(0.80237719943,-0.26662004726));
#3660 = CARTESIAN_POINT('',(0.80393316157,-0.247147977207));
#3661 = CARTESIAN_POINT('',(0.807109488199,-0.208227960284));
#3662 = CARTESIAN_POINT('',(0.812082708128,-0.14992087134));
#3663 = CARTESIAN_POINT('',(0.817279587135,-9.168728585594E-02));
#3664 = CARTESIAN_POINT('',(0.822717132802,-3.352777040677E-02));
#3665 = CARTESIAN_POINT('',(0.828413962688,2.4557108805E-02));
#3666 = CARTESIAN_POINT('',(0.834390716723,8.256678592414E-02));
#3667 = CARTESIAN_POINT('',(0.840670280424,0.140500695921));
#3668 = CARTESIAN_POINT('',(0.847278114515,0.198358273058));
#3669 = CARTESIAN_POINT('',(0.854242624229,0.256138956958));
#3670 = CARTESIAN_POINT('',(0.861595595521,0.313842170348));
#3671 = CARTESIAN_POINT('',(0.869372725356,0.371467402596));
#3672 = CARTESIAN_POINT('',(0.877614196527,0.429013898497));
#3673 = CARTESIAN_POINT('',(0.886365432433,0.486480867033));
#3674 = CARTESIAN_POINT('',(0.895678039836,0.543867800658));
#3675 = CARTESIAN_POINT('',(0.905610832251,0.601174117901));
#3676 = CARTESIAN_POINT('',(0.916231156336,0.658399259363));
#3677 = CARTESIAN_POINT('',(0.927616470249,0.715542662418));
#3678 = CARTESIAN_POINT('',(0.939856399403,0.772603768525));
#3679 = CARTESIAN_POINT('',(0.95305490912,0.829582021861));
#3680 = CARTESIAN_POINT('',(0.967334460946,0.886476870714));
#3681 = CARTESIAN_POINT('',(0.982835917296,0.943287767328));
#3682 = CARTESIAN_POINT('',(0.994104272204,0.981105370611));
#3683 = CARTESIAN_POINT('',(1.,1.));
#3684 = ( GEOMETRIC_REPRESENTATION_CONTEXT(2) 
PARAMETRIC_REPRESENTATION_CONTEXT() REPRESENTATION_CONTEXT('2D SPACE',''
  ) );
#3685 = PCURVE('',#2401,#3686);
#3686 = DEFINITIONAL_REPRESENTATION('',(#3687),#3713);
#3687 = B_SPLINE_CURVE_WITH_KNOTS('',3,(#3688,#3689,#3690,#3691,#3692,
    #3693,#3694,#3695,#3696,#3697,#3698,#3699,#3700,#3701,#3702,#3703,
    #3704,#3705,#3706,#3707,#3708,#3709,#3710,#3711,#3712),
  .UNSPECIFIED.,.F.,.F.,(4,1,1,1,1,1,1,1,1,1,1,1,1,1,1,1,1,1,1,1,1,1,4),
  (0.,4.785453557651E-02,9.570907115301E-02,0.14356360673,0.191418142306
    ,0.239272677883,0.287127213459,0.334981749036,0.382836284612,
    0.430690820189,0.478545355765,0.526399891342,0.574254426918,
    0.622108962495,0.669963498071,0.717818033648,0.765672569224,
    0.813527104801,0.861381640377,0.909236175954,0.95709071153,
    1.004945247107,1.052799782683),.QUASI_UNIFORM_KNOTS.);
#3688 = CARTESIAN_POINT('',(0.,17.780000567859));
#3689 = CARTESIAN_POINT('',(1.509031335525E-02,17.787514703369));
#3690 = CARTESIAN_POINT('',(4.527623143539E-02,17.802533665184));
#3691 = CARTESIAN_POINT('',(9.057109876771E-02,17.825033959494));
#3692 = CARTESIAN_POINT('',(0.13588207198,17.847505884598));
#3693 = CARTESIAN_POINT('',(0.181209268264,17.869949219697));
#3694 = CARTESIAN_POINT('',(0.226552805814,17.892363744006));
#3695 = CARTESIAN_POINT('',(0.27191280387,17.914749236702));
#3696 = CARTESIAN_POINT('',(0.317289383003,17.937105477095));
#3697 = CARTESIAN_POINT('',(0.362682663854,17.959432243995));
#3698 = CARTESIAN_POINT('',(0.408092771812,17.98172931809));
#3699 = CARTESIAN_POINT('',(0.453519819492,18.003996473051));
#3700 = CARTESIAN_POINT('',(0.498963972067,18.026233508737));
#3701 = CARTESIAN_POINT('',(0.544425203375,18.048440127273));
#3702 = CARTESIAN_POINT('',(0.589903463443,18.070616022507));
#3703 = CARTESIAN_POINT('',(0.635398924504,18.092761000576));
#3704 = CARTESIAN_POINT('',(0.68091170086,18.114874837574));
#3705 = CARTESIAN_POINT('',(0.726441923844,18.136957317646));
#3706 = CARTESIAN_POINT('',(0.771989721708,18.159008222778));
#3707 = CARTESIAN_POINT('',(0.817555225002,18.181027335535));
#3708 = CARTESIAN_POINT('',(0.863138565106,18.203014438327));
#3709 = CARTESIAN_POINT('',(0.908739874635,18.224969313606));
#3710 = CARTESIAN_POINT('',(0.954359287187,18.246891743811));
#3711 = CARTESIAN_POINT('',(0.98478438764,18.261484922195));
#3712 = CARTESIAN_POINT('',(1.,18.268776031355));
#3713 = ( GEOMETRIC_REPRESENTATION_CONTEXT(2) 
PARAMETRIC_REPRESENTATION_CONTEXT() REPRESENTATION_CONTEXT('2D SPACE',''
  ) );
#3714 = ADVANCED_FACE('',(#3715),#2169,.F.);
#3715 = FACE_BOUND('',#3716,.F.);
#3716 = EDGE_LOOP('',(#3717,#3742,#3743));
#3717 = ORIENTED_EDGE('',*,*,#3718,.F.);
#3718 = EDGE_CURVE('',#2154,#3719,#3721,.T.);
#3719 = VERTEX_POINT('',#3720);
#3720 = CARTESIAN_POINT('',(-18.00105791085,41.539578199136,
    -21.75009770993));
#3721 = SURFACE_CURVE('',#3722,(#3725,#3731),.PCURVE_S1.);
#3722 = B_SPLINE_CURVE_WITH_KNOTS('',1,(#3723,#3724),.UNSPECIFIED.,.F.,
  .F.,(2,2),(0.,1.),.PIECEWISE_BEZIER_KNOTS.);
#3723 = CARTESIAN_POINT('',(-18.00111243644,39.,-22.));
#3724 = CARTESIAN_POINT('',(-18.00105647317,41.606539315945,
    -21.7435085305));
#3725 = PCURVE('',#2169,#3726);
#3726 = DEFINITIONAL_REPRESENTATION('',(#3727),#3730);
#3727 = B_SPLINE_CURVE_WITH_KNOTS('',1,(#3728,#3729),.UNSPECIFIED.,.F.,
  .F.,(2,2),(0.,1.),.PIECEWISE_BEZIER_KNOTS.);
#3728 = CARTESIAN_POINT('',(13.425161813261,20.));
#3729 = CARTESIAN_POINT('',(16.031701129807,20.256491469496));
#3730 = ( GEOMETRIC_REPRESENTATION_CONTEXT(2) 
PARAMETRIC_REPRESENTATION_CONTEXT() REPRESENTATION_CONTEXT('2D SPACE',''
  ) );
#3731 = PCURVE('',#3732,#3737);
#3732 = B_SPLINE_SURFACE_WITH_KNOTS('',1,1,(
    (#3733,#3734)
    ,(#3735,#3736
    )),.UNSPECIFIED.,.F.,.F.,.F.,(2,2),(2,2),(-58.,-21.99888756355),(0.,
    1.),.PIECEWISE_BEZIER_KNOTS.);
#3733 = CARTESIAN_POINT('',(18.,39.,-22.));
#3734 = CARTESIAN_POINT('',(9.,46.067011363679,-21.30458438952));
#3735 = CARTESIAN_POINT('',(-18.00111243644,39.,-22.));
#3736 = CARTESIAN_POINT('',(-27.00111243644,46.067011363679,
    -21.30458438952));
#3737 = DEFINITIONAL_REPRESENTATION('',(#3738),#3741);
#3738 = B_SPLINE_CURVE_WITH_KNOTS('',1,(#3739,#3740),.UNSPECIFIED.,.F.,
  .F.,(2,2),(0.,1.),.PIECEWISE_BEZIER_KNOTS.);
#3739 = CARTESIAN_POINT('',(-21.99888756355,0.));
#3740 = CARTESIAN_POINT('',(-25.31843073808,0.368831912361));
#3741 = ( GEOMETRIC_REPRESENTATION_CONTEXT(2) 
PARAMETRIC_REPRESENTATION_CONTEXT() REPRESENTATION_CONTEXT('2D SPACE',''
  ) );
#3742 = ORIENTED_EDGE('',*,*,#2153,.T.);
#3743 = ORIENTED_EDGE('',*,*,#3744,.T.);
#3744 = EDGE_CURVE('',#2084,#3719,#3745,.T.);
#3745 = SURFACE_CURVE('',#3746,(#3750,#3757),.PCURVE_S1.);
#3746 = LINE('',#3747,#3748);
#3747 = CARTESIAN_POINT('',(-18.00103076625,42.803861846435,
    -26.46846851683));
#3748 = VECTOR('',#3749,1.);
#3749 = DIRECTION('',(-5.556931178496E-06,-0.258819045099,0.965925826274
    ));
#3750 = PCURVE('',#2169,#3751);
#3751 = DEFINITIONAL_REPRESENTATION('',(#3752),#3756);
#3752 = LINE('',#3753,#3754);
#3753 = CARTESIAN_POINT('',(17.229023660573,15.531531483164));
#3754 = VECTOR('',#3755,1.);
#3755 = DIRECTION('',(-0.258819045158,0.965925826274));
#3756 = ( GEOMETRIC_REPRESENTATION_CONTEXT(2) 
PARAMETRIC_REPRESENTATION_CONTEXT() REPRESENTATION_CONTEXT('2D SPACE',''
  ) );
#3757 = PCURVE('',#2107,#3758);
#3758 = DEFINITIONAL_REPRESENTATION('',(#3759),#3762);
#3759 = B_SPLINE_CURVE_WITH_KNOTS('',1,(#3760,#3761),.UNSPECIFIED.,.F.,
  .F.,(2,2),(4.626099018464,27.402174987837),.PIECEWISE_BEZIER_KNOTS.);
#3760 = CARTESIAN_POINT('',(1.,18.076705603489));
#3761 = CARTESIAN_POINT('',(1.,15.799097997693));
#3762 = ( GEOMETRIC_REPRESENTATION_CONTEXT(2) 
PARAMETRIC_REPRESENTATION_CONTEXT() REPRESENTATION_CONTEXT('2D SPACE',''
  ) );
#3763 = ADVANCED_FACE('',(#3764),#2072,.T.);
#3764 = FACE_BOUND('',#3765,.T.);
#3765 = EDGE_LOOP('',(#3766,#3767,#3805,#3825,#3895,#3956,#3983,#3984));
#3766 = ORIENTED_EDGE('',*,*,#2057,.T.);
#3767 = ORIENTED_EDGE('',*,*,#3768,.F.);
#3768 = EDGE_CURVE('',#3769,#2058,#3771,.T.);
#3769 = VERTEX_POINT('',#3770);
#3770 = CARTESIAN_POINT('',(-18.26376699208,42.,-21.70479079146));
#3771 = SURFACE_CURVE('',#3772,(#3781,#3793),.PCURVE_S1.);
#3772 = B_SPLINE_CURVE_WITH_KNOTS('',4,(#3773,#3774,#3775,#3776,#3777,
    #3778,#3779,#3780),.UNSPECIFIED.,.F.,.F.,(5,3,5),(0.,0.50145450417,
    1.),.UNSPECIFIED.);
#3773 = CARTESIAN_POINT('',(-21.52048543292,42.,1.685611629985));
#3774 = CARTESIAN_POINT('',(-21.10856880403,42.,-1.471801392295));
#3775 = CARTESIAN_POINT('',(-20.68711533523,42.,-4.627968474979));
#3776 = CARTESIAN_POINT('',(-20.25594618632,42.,-7.782822390871));
#3777 = CARTESIAN_POINT('',(-19.3763237616,42.,-14.07145720464));
#3778 = CARTESIAN_POINT('',(-18.92798512379,42.,-17.20525408871));
#3779 = CARTESIAN_POINT('',(-18.46963747052,42.,-20.33760216792));
#3780 = CARTESIAN_POINT('',(-18.00104802544,42.,-23.46841526367));
#3781 = PCURVE('',#2072,#3782);
#3782 = DEFINITIONAL_REPRESENTATION('',(#3783),#3792);
#3783 = B_SPLINE_CURVE_WITH_KNOTS('',4,(#3784,#3785,#3786,#3787,#3788,
    #3789,#3790,#3791),.UNSPECIFIED.,.F.,.F.,(5,3,5),(0.,0.50145450417,
    1.),.UNSPECIFIED.);
#3784 = CARTESIAN_POINT('',(61.685611629985,38.479514567071));
#3785 = CARTESIAN_POINT('',(58.528198607705,38.891431195962));
#3786 = CARTESIAN_POINT('',(55.372031525021,39.312884664762));
#3787 = CARTESIAN_POINT('',(52.217177609129,39.74405381368));
#3788 = CARTESIAN_POINT('',(45.928542795353,40.623676238394));
#3789 = CARTESIAN_POINT('',(42.794745911284,41.072014876207));
#3790 = CARTESIAN_POINT('',(39.662397832075,41.530362529479));
#3791 = CARTESIAN_POINT('',(36.531584736327,41.99895197456));
#3792 = ( GEOMETRIC_REPRESENTATION_CONTEXT(2) 
PARAMETRIC_REPRESENTATION_CONTEXT() REPRESENTATION_CONTEXT('2D SPACE',''
  ) );
#3793 = PCURVE('',#2107,#3794);
#3794 = DEFINITIONAL_REPRESENTATION('',(#3795),#3804);
#3795 = B_SPLINE_CURVE_WITH_KNOTS('',4,(#3796,#3797,#3798,#3799,#3800,
    #3801,#3802,#3803),.UNSPECIFIED.,.F.,.F.,(5,3,5),(0.,0.50145450417,
    1.),.UNSPECIFIED.);
#3796 = CARTESIAN_POINT('',(0.206049908954,15.799097997693));
#3797 = CARTESIAN_POINT('',(0.304212872994,16.104072848029));
#3798 = CARTESIAN_POINT('',(0.402805419617,16.408927315496));
#3799 = CARTESIAN_POINT('',(0.501847676487,16.713654905889));
#3800 = CARTESIAN_POINT('',(0.700298996607,17.321074564364));
#3801 = CARTESIAN_POINT('',(0.799702611245,17.623768177005));
#3802 = CARTESIAN_POINT('',(0.899594778201,17.926321810073));
#3803 = CARTESIAN_POINT('',(1.,18.228727138626));
#3804 = ( GEOMETRIC_REPRESENTATION_CONTEXT(2) 
PARAMETRIC_REPRESENTATION_CONTEXT() REPRESENTATION_CONTEXT('2D SPACE',''
  ) );
#3805 = ORIENTED_EDGE('',*,*,#3806,.T.);
#3806 = EDGE_CURVE('',#3769,#3807,#3809,.T.);
#3807 = VERTEX_POINT('',#3808);
#3808 = CARTESIAN_POINT('',(14.179431642241,42.,-21.70479079146));
#3809 = SURFACE_CURVE('',#3810,(#3813,#3819),.PCURVE_S1.);
#3810 = B_SPLINE_CURVE_WITH_KNOTS('',1,(#3811,#3812),.UNSPECIFIED.,.F.,
  .F.,(2,2),(0.,1.),.PIECEWISE_BEZIER_KNOTS.);
#3811 = CARTESIAN_POINT('',(-21.06566487721,42.,-21.70479079146));
#3812 = CARTESIAN_POINT('',(14.179431642241,42.,-21.70479079146));
#3813 = PCURVE('',#2072,#3814);
#3814 = DEFINITIONAL_REPRESENTATION('',(#3815),#3818);
#3815 = B_SPLINE_CURVE_WITH_KNOTS('',1,(#3816,#3817),.UNSPECIFIED.,.F.,
  .F.,(2,2),(0.,1.),.PIECEWISE_BEZIER_KNOTS.);
#3816 = CARTESIAN_POINT('',(38.29520920854,38.934335122784));
#3817 = CARTESIAN_POINT('',(38.29520920854,74.179431642241));
#3818 = ( GEOMETRIC_REPRESENTATION_CONTEXT(2) 
PARAMETRIC_REPRESENTATION_CONTEXT() REPRESENTATION_CONTEXT('2D SPACE',''
  ) );
#3819 = PCURVE('',#3732,#3820);
#3820 = DEFINITIONAL_REPRESENTATION('',(#3821),#3824);
#3821 = B_SPLINE_CURVE_WITH_KNOTS('',1,(#3822,#3823),.UNSPECIFIED.,.F.,
  .F.,(2,2),(0.,1.),.PIECEWISE_BEZIER_KNOTS.);
#3822 = CARTESIAN_POINT('',(-22.75490348054,0.424507595307));
#3823 = CARTESIAN_POINT('',(-58.,0.424507595307));
#3824 = ( GEOMETRIC_REPRESENTATION_CONTEXT(2) 
PARAMETRIC_REPRESENTATION_CONTEXT() REPRESENTATION_CONTEXT('2D SPACE',''
  ) );
#3825 = ORIENTED_EDGE('',*,*,#3826,.T.);
#3826 = EDGE_CURVE('',#3807,#3827,#3829,.T.);
#3827 = VERTEX_POINT('',#3828);
#3828 = CARTESIAN_POINT('',(12.065004973338,42.,-12.03225757398));
#3829 = SURFACE_CURVE('',#3830,(#3848,#3869),.PCURVE_S1.);
#3830 = B_SPLINE_CURVE_WITH_KNOTS('',6,(#3831,#3832,#3833,#3834,#3835,
    #3836,#3837,#3838,#3839,#3840,#3841,#3842,#3843,#3844,#3845,#3846,
    #3847),.UNSPECIFIED.,.F.,.F.,(7,5,5,7),(0.,0.444807441181,
    0.890770278116,1.),.UNSPECIFIED.);
#3831 = CARTESIAN_POINT('',(14.179431642241,42.,-21.70479079146));
#3832 = CARTESIAN_POINT('',(14.077847820004,42.,-20.98144377848));
#3833 = CARTESIAN_POINT('',(13.969834584816,42.,-20.25864350502));
#3834 = CARTESIAN_POINT('',(13.854638996848,42.,-19.53647717069));
#3835 = CARTESIAN_POINT('',(13.731354826954,42.,-18.81507844122));
#3836 = CARTESIAN_POINT('',(13.598875130812,42.,-18.09463203188));
#3837 = CARTESIAN_POINT('',(13.312275354355,42.,-16.65427297019));
#3838 = CARTESIAN_POINT('',(13.158106022017,42.,-15.93439838385));
#3839 = CARTESIAN_POINT('',(12.991798740498,42.,-15.21597979415));
#3840 = CARTESIAN_POINT('',(12.811571500531,42.,-14.49939214714));
#3841 = CARTESIAN_POINT('',(12.615205051047,42.,-13.78518324578));
#3842 = CARTESIAN_POINT('',(12.346962790067,42.,-12.89995428168));
#3843 = CARTESIAN_POINT('',(12.293042777974,42.,-12.72598259349));
#3844 = CARTESIAN_POINT('',(12.237934178777,42.,-12.55221297541));
#3845 = CARTESIAN_POINT('',(12.181591164395,42.,-12.3786588288));
#3846 = CARTESIAN_POINT('',(12.123965185865,42.,-12.20533495874));
#3847 = CARTESIAN_POINT('',(12.065004973338,42.,-12.03225757398));
#3848 = PCURVE('',#2072,#3849);
#3849 = DEFINITIONAL_REPRESENTATION('',(#3850),#3868);
#3850 = B_SPLINE_CURVE_WITH_KNOTS('',6,(#3851,#3852,#3853,#3854,#3855,
    #3856,#3857,#3858,#3859,#3860,#3861,#3862,#3863,#3864,#3865,#3866,
    #3867),.UNSPECIFIED.,.F.,.F.,(7,5,5,7),(0.,0.444807441181,
    0.890770278116,1.),.UNSPECIFIED.);
#3851 = CARTESIAN_POINT('',(38.29520920854,74.179431642241));
#3852 = CARTESIAN_POINT('',(39.018556221518,74.077847820004));
#3853 = CARTESIAN_POINT('',(39.741356494974,73.969834584816));
#3854 = CARTESIAN_POINT('',(40.46352282931,73.854638996848));
#3855 = CARTESIAN_POINT('',(41.18492155878,73.731354826954));
#3856 = CARTESIAN_POINT('',(41.905367968119,73.598875130812));
#3857 = CARTESIAN_POINT('',(43.345727029808,73.312275354355));
#3858 = CARTESIAN_POINT('',(44.065601616143,73.158106022017));
#3859 = CARTESIAN_POINT('',(44.784020205847,72.991798740498));
#3860 = CARTESIAN_POINT('',(45.500607852855,72.811571500531));
#3861 = CARTESIAN_POINT('',(46.214816754214,72.615205051047));
#3862 = CARTESIAN_POINT('',(47.100045718313,72.346962790067));
#3863 = CARTESIAN_POINT('',(47.27401740651,72.293042777974));
#3864 = CARTESIAN_POINT('',(47.447787024589,72.237934178777));
#3865 = CARTESIAN_POINT('',(47.621341171191,72.181591164395));
#3866 = CARTESIAN_POINT('',(47.794665041256,72.123965185865));
#3867 = CARTESIAN_POINT('',(47.967742426016,72.065004973338));
#3868 = ( GEOMETRIC_REPRESENTATION_CONTEXT(2) 
PARAMETRIC_REPRESENTATION_CONTEXT() REPRESENTATION_CONTEXT('2D SPACE',''
  ) );
#3869 = PCURVE('',#3870,#3875);
#3870 = B_SPLINE_SURFACE_WITH_KNOTS('',1,1,(
    (#3871,#3872)
    ,(#3873,#3874
    )),.UNSPECIFIED.,.F.,.F.,.F.,(2,2),(2,2),(-38.72773715903,-29.),(0.,
    1.),.PIECEWISE_BEZIER_KNOTS.);
#3871 = CARTESIAN_POINT('',(18.,39.,-12.27226284096));
#3872 = CARTESIAN_POINT('',(9.,43.54928772117,-11.90831183626));
#3873 = CARTESIAN_POINT('',(18.,39.,-22.));
#3874 = CARTESIAN_POINT('',(9.,46.067011363679,-21.30458438952));
#3875 = DEFINITIONAL_REPRESENTATION('',(#3876),#3894);
#3876 = B_SPLINE_CURVE_WITH_KNOTS('',6,(#3877,#3878,#3879,#3880,#3881,
    #3882,#3883,#3884,#3885,#3886,#3887,#3888,#3889,#3890,#3891,#3892,
    #3893),.UNSPECIFIED.,.F.,.F.,(7,5,5,7),(0.,0.444807441181,
    0.890770278116,1.),.UNSPECIFIED.);
#3877 = CARTESIAN_POINT('',(-29.,0.424507595307));
#3878 = CARTESIAN_POINT('',(-29.72599918695,0.435794686666));
#3879 = CARTESIAN_POINT('',(-30.45161949499,0.447796157243));
#3880 = CARTESIAN_POINT('',(-31.17679338243,0.460595667017));
#3881 = CARTESIAN_POINT('',(-31.90141084358,0.474293908116));
#3882 = CARTESIAN_POINT('',(-32.62531606354,0.489013874354));
#3883 = CARTESIAN_POINT('',(-34.07315773862,0.52085829396));
#3884 = CARTESIAN_POINT('',(-34.79705741362,0.537988219776));
#3885 = CARTESIAN_POINT('',(-35.51981799237,0.556466806611));
#3886 = CARTESIAN_POINT('',(-36.24111105394,0.576492055497));
#3887 = CARTESIAN_POINT('',(-36.96044673607,0.598310549884));
#3888 = CARTESIAN_POINT('',(-37.85267903129,0.628115245548));
#3889 = CARTESIAN_POINT('',(-38.02805847566,0.634106358003));
#3890 = CARTESIAN_POINT('',(-38.20326688182,0.640229535691));
#3891 = CARTESIAN_POINT('',(-38.37829204491,0.646489870623));
#3892 = CARTESIAN_POINT('',(-38.55312042737,0.652892757126));
#3893 = CARTESIAN_POINT('',(-38.72773715903,0.659443891851));
#3894 = ( GEOMETRIC_REPRESENTATION_CONTEXT(2) 
PARAMETRIC_REPRESENTATION_CONTEXT() REPRESENTATION_CONTEXT('2D SPACE',''
  ) );
#3895 = ORIENTED_EDGE('',*,*,#3896,.T.);
#3896 = EDGE_CURVE('',#3827,#3897,#3899,.T.);
#3897 = VERTEX_POINT('',#3898);
#3898 = CARTESIAN_POINT('',(9.882436542947,42.,-6.126291345317));
#3899 = SURFACE_CURVE('',#3900,(#3913,#3929),.PCURVE_S1.);
#3900 = B_SPLINE_CURVE_WITH_KNOTS('',6,(#3901,#3902,#3903,#3904,#3905,
    #3906,#3907,#3908,#3909,#3910,#3911,#3912),.UNSPECIFIED.,.F.,.F.,(7,
    5,7),(0.,0.483494102432,1.),.UNSPECIFIED.);
#3901 = CARTESIAN_POINT('',(12.065004973338,42.,-12.03225757398));
#3902 = CARTESIAN_POINT('',(11.96988379871,42.,-11.53037700925));
#3903 = CARTESIAN_POINT('',(11.863070010185,42.,-11.03077882792));
#3904 = CARTESIAN_POINT('',(11.743302495001,42.,-10.53399243083));
#3905 = CARTESIAN_POINT('',(11.609164811592,42.,-10.04084020382));
#3906 = CARTESIAN_POINT('',(11.459081679727,42.,-9.552438612781));
#3907 = CARTESIAN_POINT('',(11.11238882909,42.,-8.554951503173));
#3908 = CARTESIAN_POINT('',(10.913305315534,42.,-8.046739605936));
#3909 = CARTESIAN_POINT('',(10.692303991805,42.,-7.547305824534));
#3910 = CARTESIAN_POINT('',(10.447564905361,42.,-7.058965753793));
#3911 = CARTESIAN_POINT('',(10.177675052304,42.,-6.584405477531));
#3912 = CARTESIAN_POINT('',(9.882436542947,42.,-6.126291345317));
#3913 = PCURVE('',#2072,#3914);
#3914 = DEFINITIONAL_REPRESENTATION('',(#3915),#3928);
#3915 = B_SPLINE_CURVE_WITH_KNOTS('',6,(#3916,#3917,#3918,#3919,#3920,
    #3921,#3922,#3923,#3924,#3925,#3926,#3927),.UNSPECIFIED.,.F.,.F.,(7,
    5,7),(0.,0.483494102432,1.),.UNSPECIFIED.);
#3916 = CARTESIAN_POINT('',(47.967742426016,72.065004973338));
#3917 = CARTESIAN_POINT('',(48.469622990747,71.96988379871));
#3918 = CARTESIAN_POINT('',(48.969221172078,71.863070010185));
#3919 = CARTESIAN_POINT('',(49.466007569169,71.743302495001));
#3920 = CARTESIAN_POINT('',(49.95915979618,71.609164811592));
#3921 = CARTESIAN_POINT('',(50.447561387219,71.459081679727));
#3922 = CARTESIAN_POINT('',(51.445048496827,71.11238882909));
#3923 = CARTESIAN_POINT('',(51.953260394064,70.913305315534));
#3924 = CARTESIAN_POINT('',(52.452694175466,70.692303991805));
#3925 = CARTESIAN_POINT('',(52.941034246207,70.447564905361));
#3926 = CARTESIAN_POINT('',(53.415594522469,70.177675052304));
#3927 = CARTESIAN_POINT('',(53.873708654683,69.882436542947));
#3928 = ( GEOMETRIC_REPRESENTATION_CONTEXT(2) 
PARAMETRIC_REPRESENTATION_CONTEXT() REPRESENTATION_CONTEXT('2D SPACE',''
  ) );
#3929 = PCURVE('',#3930,#3941);
#3930 = B_SPLINE_SURFACE_WITH_KNOTS('',4,1,(
    (#3931,#3932)
    ,(#3933,#3934)
    ,(#3935,#3936)
    ,(#3937,#3938)
    ,(#3939,#3940
    )),.UNSPECIFIED.,.F.,.F.,.F.,(5,5),(2,2),(0.137174343061,1.),(0.,1.)
  ,.PIECEWISE_BEZIER_KNOTS.);
#3931 = CARTESIAN_POINT('',(19.649064771647,39.,-0.924248347749));
#3932 = CARTESIAN_POINT('',(10.649064771647,40.612205446226,
    -0.946971560166));
#3933 = CARTESIAN_POINT('',(19.249068494444,39.,-3.763019525512));
#3934 = CARTESIAN_POINT('',(10.249068494444,41.346933491719,
    -3.689013955692));
#3935 = CARTESIAN_POINT('',(18.840997349887,39.,-6.600651326409));
#3936 = CARTESIAN_POINT('',(9.840997349887,42.08136664478,
    -6.429955797677));
#3937 = CARTESIAN_POINT('',(18.424698854591,39.,-9.437087113139));
#3938 = CARTESIAN_POINT('',(9.424698854591,42.815490246596,
    -9.16974237869));
#3939 = CARTESIAN_POINT('',(18.,39.,-12.27226284096));
#3940 = CARTESIAN_POINT('',(9.,43.54928772117,-11.90831183626));
#3941 = DEFINITIONAL_REPRESENTATION('',(#3942),#3955);
#3942 = B_SPLINE_CURVE_WITH_KNOTS('',6,(#3943,#3944,#3945,#3946,#3947,
    #3948,#3949,#3950,#3951,#3952,#3953,#3954),.UNSPECIFIED.,.F.,.F.,(7,
    5,7),(0.,0.483494102432,1.),.UNSPECIFIED.);
#3943 = CARTESIAN_POINT('',(1.,0.659443891851));
#3944 = CARTESIAN_POINT('',(0.961476211831,0.678440522752));
#3945 = CARTESIAN_POINT('',(0.923106680834,0.698675793471));
#3946 = CARTESIAN_POINT('',(0.88492925934,0.72028202383));
#3947 = CARTESIAN_POINT('',(0.847003848827,0.743404134981));
#3948 = CARTESIAN_POINT('',(0.809412453174,0.768200224243));
#3949 = CARTESIAN_POINT('',(0.732563594628,0.823271505304));
#3950 = CARTESIAN_POINT('',(0.69336831698,0.853804688693));
#3951 = CARTESIAN_POINT('',(0.654802735045,0.886610838877));
#3952 = CARTESIAN_POINT('',(0.617039769179,0.921856912088));
#3953 = CARTESIAN_POINT('',(0.58028133035,0.959659329626));
#3954 = CARTESIAN_POINT('',(0.54473016791,1.));
#3955 = ( GEOMETRIC_REPRESENTATION_CONTEXT(2) 
PARAMETRIC_REPRESENTATION_CONTEXT() REPRESENTATION_CONTEXT('2D SPACE',''
  ) );
#3956 = ORIENTED_EDGE('',*,*,#3957,.T.);
#3957 = EDGE_CURVE('',#3897,#2507,#3958,.T.);
#3958 = SURFACE_CURVE('',#3959,(#3965,#3974),.PCURVE_S1.);
#3959 = B_SPLINE_CURVE_WITH_KNOTS('',4,(#3960,#3961,#3962,#3963,#3964),
  .UNSPECIFIED.,.F.,.F.,(5,5),(0.,1.),.PIECEWISE_BEZIER_KNOTS.);
#3960 = CARTESIAN_POINT('',(9.,42.,-9.224866787657));
#3961 = CARTESIAN_POINT('',(9.537991024779,42.,-7.365775970061));
#3962 = CARTESIAN_POINT('',(10.063266159246,42.,-5.503001357156));
#3963 = CARTESIAN_POINT('',(10.576049332219,42.,-3.636748986169));
#3964 = CARTESIAN_POINT('',(11.07653542517,42.,-1.767200861873));
#3965 = PCURVE('',#2072,#3966);
#3966 = DEFINITIONAL_REPRESENTATION('',(#3967),#3973);
#3967 = B_SPLINE_CURVE_WITH_KNOTS('',4,(#3968,#3969,#3970,#3971,#3972),
  .UNSPECIFIED.,.F.,.F.,(5,5),(0.,1.),.PIECEWISE_BEZIER_KNOTS.);
#3968 = CARTESIAN_POINT('',(50.775133212343,69.));
#3969 = CARTESIAN_POINT('',(52.634224029939,69.537991024779));
#3970 = CARTESIAN_POINT('',(54.496998642844,70.063266159246));
#3971 = CARTESIAN_POINT('',(56.363251013831,70.576049332219));
#3972 = CARTESIAN_POINT('',(58.232799138127,71.07653542517));
#3973 = ( GEOMETRIC_REPRESENTATION_CONTEXT(2) 
PARAMETRIC_REPRESENTATION_CONTEXT() REPRESENTATION_CONTEXT('2D SPACE',''
  ) );
#3974 = PCURVE('',#2401,#3975);
#3975 = DEFINITIONAL_REPRESENTATION('',(#3976),#3982);
#3976 = B_SPLINE_CURVE_WITH_KNOTS('',4,(#3977,#3978,#3979,#3980,#3981),
  .UNSPECIFIED.,.F.,.F.,(5,5),(0.,1.),.PIECEWISE_BEZIER_KNOTS.);
#3977 = CARTESIAN_POINT('',(1.,17.308115435518));
#3978 = CARTESIAN_POINT('',(0.884819072733,17.469115384972));
#3979 = CARTESIAN_POINT('',(0.770150410674,17.630434369526));
#3980 = CARTESIAN_POINT('',(0.655970317461,17.79205454579));
#3981 = CARTESIAN_POINT('',(0.542257054288,17.953960151651));
#3982 = ( GEOMETRIC_REPRESENTATION_CONTEXT(2) 
PARAMETRIC_REPRESENTATION_CONTEXT() REPRESENTATION_CONTEXT('2D SPACE',''
  ) );
#3983 = ORIENTED_EDGE('',*,*,#2506,.F.);
#3984 = ORIENTED_EDGE('',*,*,#2480,.T.);
#3985 = ADVANCED_FACE('',(#3986),#2107,.F.);
#3986 = FACE_BOUND('',#3987,.F.);
#3987 = EDGE_LOOP('',(#3988,#3989,#4016,#4017));
#3988 = ORIENTED_EDGE('',*,*,#3768,.F.);
#3989 = ORIENTED_EDGE('',*,*,#3990,.T.);
#3990 = EDGE_CURVE('',#3769,#3719,#3991,.T.);
#3991 = SURFACE_CURVE('',#3992,(#3998,#4007),.PCURVE_S1.);
#3992 = B_SPLINE_CURVE_WITH_KNOTS('',4,(#3993,#3994,#3995,#3996,#3997),
  .UNSPECIFIED.,.F.,.F.,(5,5),(0.,1.),.PIECEWISE_BEZIER_KNOTS.);
#3993 = CARTESIAN_POINT('',(-19.23446770263,43.740130934512,
    -21.53355656614));
#3994 = CARTESIAN_POINT('',(-18.93338369158,43.190567208555,
    -21.58763532367));
#3995 = CARTESIAN_POINT('',(-18.62749445999,42.640584209236,
    -21.64175533899));
#3996 = CARTESIAN_POINT('',(-18.31673915966,42.090234572346,
    -21.69591143256));
#3997 = CARTESIAN_POINT('',(-18.00105791085,41.539578199136,
    -21.75009770993));
#3998 = PCURVE('',#2107,#3999);
#3999 = DEFINITIONAL_REPRESENTATION('',(#4000),#4006);
#4000 = B_SPLINE_CURVE_WITH_KNOTS('',4,(#4001,#4002,#4003,#4004,#4005),
  .UNSPECIFIED.,.F.,.F.,(5,5),(0.,1.),.PIECEWISE_BEZIER_KNOTS.);
#4001 = CARTESIAN_POINT('',(0.731171712794,18.086893459318));
#4002 = CARTESIAN_POINT('',(0.797943987166,18.077887988366));
#4003 = CARTESIAN_POINT('',(0.865004591827,18.068875629297));
#4004 = CARTESIAN_POINT('',(0.932355927478,18.059857244287));
#4005 = CARTESIAN_POINT('',(1.,18.050833814555));
#4006 = ( GEOMETRIC_REPRESENTATION_CONTEXT(2) 
PARAMETRIC_REPRESENTATION_CONTEXT() REPRESENTATION_CONTEXT('2D SPACE',''
  ) );
#4007 = PCURVE('',#3732,#4008);
#4008 = DEFINITIONAL_REPRESENTATION('',(#4009),#4015);
#4009 = B_SPLINE_CURVE_WITH_KNOTS('',4,(#4010,#4011,#4012,#4013,#4014),
  .UNSPECIFIED.,.F.,.F.,(5,5),(0.,1.),.PIECEWISE_BEZIER_KNOTS.);
#4010 = CARTESIAN_POINT('',(-26.80219705031,0.670740528073));
#4011 = CARTESIAN_POINT('',(-26.40339913508,0.592975869685));
#4012 = CARTESIAN_POINT('',(-26.00887248407,0.515151882639));
#4013 = CARTESIAN_POINT('',(-25.61874498207,0.437276015749));
#4014 = CARTESIAN_POINT('',(-25.23315279249,0.359356744827));
#4015 = ( GEOMETRIC_REPRESENTATION_CONTEXT(2) 
PARAMETRIC_REPRESENTATION_CONTEXT() REPRESENTATION_CONTEXT('2D SPACE',''
  ) );
#4016 = ORIENTED_EDGE('',*,*,#3744,.F.);
#4017 = ORIENTED_EDGE('',*,*,#2083,.F.);
#4018 = ADVANCED_FACE('',(#4019),#2245,.F.);
#4019 = FACE_BOUND('',#4020,.F.);
#4020 = EDGE_LOOP('',(#4021,#4044,#4045,#4046));
#4021 = ORIENTED_EDGE('',*,*,#4022,.T.);
#4022 = EDGE_CURVE('',#4023,#2229,#4025,.T.);
#4023 = VERTEX_POINT('',#4024);
#4024 = CARTESIAN_POINT('',(-12.55790689328,29.999241273648,-16.9));
#4025 = SEAM_CURVE('',#4026,(#4030,#4037),.PCURVE_S1.);
#4026 = LINE('',#4027,#4028);
#4027 = CARTESIAN_POINT('',(-12.55790689327,29.999241273648,-4.9));
#4028 = VECTOR('',#4029,1.);
#4029 = DIRECTION('',(-1.309493823917E-15,-1.138690281667E-16,-1.));
#4030 = PCURVE('',#2245,#4031);
#4031 = DEFINITIONAL_REPRESENTATION('',(#4032),#4036);
#4032 = LINE('',#4033,#4034);
#4033 = CARTESIAN_POINT('',(3.14159265359,3.552713678801E-15));
#4034 = VECTOR('',#4035,1.);
#4035 = DIRECTION('',(-5.224578939412E-16,1.));
#4036 = ( GEOMETRIC_REPRESENTATION_CONTEXT(2) 
PARAMETRIC_REPRESENTATION_CONTEXT() REPRESENTATION_CONTEXT('2D SPACE',''
  ) );
#4037 = PCURVE('',#2245,#4038);
#4038 = DEFINITIONAL_REPRESENTATION('',(#4039),#4043);
#4039 = LINE('',#4040,#4041);
#4040 = CARTESIAN_POINT('',(-3.14159265359,3.552713678801E-15));
#4041 = VECTOR('',#4042,1.);
#4042 = DIRECTION('',(-5.224578939412E-16,1.));
#4043 = ( GEOMETRIC_REPRESENTATION_CONTEXT(2) 
PARAMETRIC_REPRESENTATION_CONTEXT() REPRESENTATION_CONTEXT('2D SPACE',''
  ) );
#4044 = ORIENTED_EDGE('',*,*,#2228,.T.);
#4045 = ORIENTED_EDGE('',*,*,#4022,.F.);
#4046 = ORIENTED_EDGE('',*,*,#4047,.T.);
#4047 = EDGE_CURVE('',#4023,#4023,#4048,.T.);
#4048 = SURFACE_CURVE('',#4049,(#4054,#4061),.PCURVE_S1.);
#4049 = CIRCLE('',#4050,1.35);
#4050 = AXIS2_PLACEMENT_3D('',#4051,#4052,#4053);
#4051 = CARTESIAN_POINT('',(-11.20790689328,29.999241273648,-16.9));
#4052 = DIRECTION('',(-1.31897260041E-15,-1.097212598555E-16,-1.));
#4053 = DIRECTION('',(1.,-6.938893903908E-18,-1.31897260041E-15));
#4054 = PCURVE('',#2245,#4055);
#4055 = DEFINITIONAL_REPRESENTATION('',(#4056),#4060);
#4056 = LINE('',#4057,#4058);
#4057 = CARTESIAN_POINT('',(-6.28318530718,12.));
#4058 = VECTOR('',#4059,1.);
#4059 = DIRECTION('',(1.,0.));
#4060 = ( GEOMETRIC_REPRESENTATION_CONTEXT(2) 
PARAMETRIC_REPRESENTATION_CONTEXT() REPRESENTATION_CONTEXT('2D SPACE',''
  ) );
#4061 = PCURVE('',#2892,#4062);
#4062 = DEFINITIONAL_REPRESENTATION('',(#4063),#4071);
#4063 = ( BOUNDED_CURVE() B_SPLINE_CURVE(2,(#4064,#4065,#4066,#4067,
#4068,#4069,#4070),.UNSPECIFIED.,.T.,.F.) B_SPLINE_CURVE_WITH_KNOTS((1,2
    ,2,2,2,1),(-2.094395102393,0.,2.094395102393,4.188790204786,
6.28318530718,8.377580409573),.UNSPECIFIED.) CURVE() 
GEOMETRIC_REPRESENTATION_ITEM() RATIONAL_B_SPLINE_CURVE((1.,0.5,1.,0.5,
1.,0.5,1.)) REPRESENTATION_ITEM('') );
#4064 = CARTESIAN_POINT('',(-9.65,-114.5));
#4065 = CARTESIAN_POINT('',(-9.65,-116.8382685902));
#4066 = CARTESIAN_POINT('',(-11.675,-115.6691342951));
#4067 = CARTESIAN_POINT('',(-13.7,-114.5));
#4068 = CARTESIAN_POINT('',(-11.675,-113.3308657048));
#4069 = CARTESIAN_POINT('',(-9.65,-112.1617314097));
#4070 = CARTESIAN_POINT('',(-9.65,-114.5));
#4071 = ( GEOMETRIC_REPRESENTATION_CONTEXT(2) 
PARAMETRIC_REPRESENTATION_CONTEXT() REPRESENTATION_CONTEXT('2D SPACE',''
  ) );
#4072 = ADVANCED_FACE('',(#4073),#2276,.F.);
#4073 = FACE_BOUND('',#4074,.F.);
#4074 = EDGE_LOOP('',(#4075,#4098,#4099,#4100));
#4075 = ORIENTED_EDGE('',*,*,#4076,.T.);
#4076 = EDGE_CURVE('',#4077,#2260,#4079,.T.);
#4077 = VERTEX_POINT('',#4078);
#4078 = CARTESIAN_POINT('',(9.44209310672,29.999241273648,-16.9));
#4079 = SEAM_CURVE('',#4080,(#4084,#4091),.PCURVE_S1.);
#4080 = LINE('',#4081,#4082);
#4081 = CARTESIAN_POINT('',(9.442093106721,29.999241273648,-4.9));
#4082 = VECTOR('',#4083,1.);
#4083 = DIRECTION('',(-1.309493823917E-15,-1.138690281667E-16,-1.));
#4084 = PCURVE('',#2276,#4085);
#4085 = DEFINITIONAL_REPRESENTATION('',(#4086),#4090);
#4086 = LINE('',#4087,#4088);
#4087 = CARTESIAN_POINT('',(3.14159265359,3.552713678801E-15));
#4088 = VECTOR('',#4089,1.);
#4089 = DIRECTION('',(-5.224578939412E-16,1.));
#4090 = ( GEOMETRIC_REPRESENTATION_CONTEXT(2) 
PARAMETRIC_REPRESENTATION_CONTEXT() REPRESENTATION_CONTEXT('2D SPACE',''
  ) );
#4091 = PCURVE('',#2276,#4092);
#4092 = DEFINITIONAL_REPRESENTATION('',(#4093),#4097);
#4093 = LINE('',#4094,#4095);
#4094 = CARTESIAN_POINT('',(-3.14159265359,3.552713678801E-15));
#4095 = VECTOR('',#4096,1.);
#4096 = DIRECTION('',(-5.224578939412E-16,1.));
#4097 = ( GEOMETRIC_REPRESENTATION_CONTEXT(2) 
PARAMETRIC_REPRESENTATION_CONTEXT() REPRESENTATION_CONTEXT('2D SPACE',''
  ) );
#4098 = ORIENTED_EDGE('',*,*,#2259,.T.);
#4099 = ORIENTED_EDGE('',*,*,#4076,.F.);
#4100 = ORIENTED_EDGE('',*,*,#4101,.T.);
#4101 = EDGE_CURVE('',#4077,#4077,#4102,.T.);
#4102 = SURFACE_CURVE('',#4103,(#4108,#4115),.PCURVE_S1.);
#4103 = CIRCLE('',#4104,1.35);
#4104 = AXIS2_PLACEMENT_3D('',#4105,#4106,#4107);
#4105 = CARTESIAN_POINT('',(10.79209310672,29.999241273648,-16.9));
#4106 = DIRECTION('',(-1.31897260041E-15,-1.097212598555E-16,-1.));
#4107 = DIRECTION('',(1.,-6.938893903908E-18,-1.31897260041E-15));
#4108 = PCURVE('',#2276,#4109);
#4109 = DEFINITIONAL_REPRESENTATION('',(#4110),#4114);
#4110 = LINE('',#4111,#4112);
#4111 = CARTESIAN_POINT('',(-6.28318530718,12.));
#4112 = VECTOR('',#4113,1.);
#4113 = DIRECTION('',(1.,0.));
#4114 = ( GEOMETRIC_REPRESENTATION_CONTEXT(2) 
PARAMETRIC_REPRESENTATION_CONTEXT() REPRESENTATION_CONTEXT('2D SPACE',''
  ) );
#4115 = PCURVE('',#2892,#4116);
#4116 = DEFINITIONAL_REPRESENTATION('',(#4117),#4125);
#4117 = ( BOUNDED_CURVE() B_SPLINE_CURVE(2,(#4118,#4119,#4120,#4121,
#4122,#4123,#4124),.UNSPECIFIED.,.T.,.F.) B_SPLINE_CURVE_WITH_KNOTS((1,2
    ,2,2,2,1),(-2.094395102393,0.,2.094395102393,4.188790204786,
6.28318530718,8.377580409573),.UNSPECIFIED.) CURVE() 
GEOMETRIC_REPRESENTATION_ITEM() RATIONAL_B_SPLINE_CURVE((1.,0.5,1.,0.5,
1.,0.5,1.)) REPRESENTATION_ITEM('') );
#4118 = CARTESIAN_POINT('',(12.35,-114.5));
#4119 = CARTESIAN_POINT('',(12.35,-116.8382685902));
#4120 = CARTESIAN_POINT('',(10.325,-115.6691342951));
#4121 = CARTESIAN_POINT('',(8.3,-114.5));
#4122 = CARTESIAN_POINT('',(10.325,-113.3308657048));
#4123 = CARTESIAN_POINT('',(12.35,-112.1617314097));
#4124 = CARTESIAN_POINT('',(12.35,-114.5));
#4125 = ( GEOMETRIC_REPRESENTATION_CONTEXT(2) 
PARAMETRIC_REPRESENTATION_CONTEXT() REPRESENTATION_CONTEXT('2D SPACE',''
  ) );
#4126 = ADVANCED_FACE('',(#4127),#2401,.F.);
#4127 = FACE_BOUND('',#4128,.F.);
#4128 = EDGE_LOOP('',(#4129,#4151,#4209,#4236,#4261,#4262,#4263,#4264));
#4129 = ORIENTED_EDGE('',*,*,#4130,.F.);
#4130 = EDGE_CURVE('',#4131,#3568,#4133,.T.);
#4131 = VERTEX_POINT('',#4132);
#4132 = CARTESIAN_POINT('',(13.375221756224,56.816705233649,
    -18.42421259818));
#4133 = SURFACE_CURVE('',#4134,(#4138,#4144),.PCURVE_S1.);
#4134 = LINE('',#4135,#4136);
#4135 = CARTESIAN_POINT('',(13.375221756224,46.255180416009,
    -0.130982545541));
#4136 = VECTOR('',#4137,1.);
#4137 = DIRECTION('',(0.,-0.49999728458,0.866026971527));
#4138 = PCURVE('',#2401,#4139);
#4139 = DEFINITIONAL_REPRESENTATION('',(#4140),#4143);
#4140 = B_SPLINE_CURVE_WITH_KNOTS('',1,(#4141,#4142),.UNSPECIFIED.,.F.,
  .F.,(2,2),(-21.12316435179,-1.028916442498),.PIECEWISE_BEZIER_KNOTS.);
#4141 = CARTESIAN_POINT('',(6.04576224729E-16,15.770575776454));
#4142 = CARTESIAN_POINT('',(6.248608405216E-16,17.780000567859));
#4143 = ( GEOMETRIC_REPRESENTATION_CONTEXT(2) 
PARAMETRIC_REPRESENTATION_CONTEXT() REPRESENTATION_CONTEXT('2D SPACE',''
  ) );
#4144 = PCURVE('',#3612,#4145);
#4145 = DEFINITIONAL_REPRESENTATION('',(#4146),#4150);
#4146 = LINE('',#4147,#4148);
#4147 = CARTESIAN_POINT('',(5.279527713663,7.105427357601E-15));
#4148 = VECTOR('',#4149,1.);
#4149 = DIRECTION('',(-2.652037808161E-16,-1.));
#4150 = ( GEOMETRIC_REPRESENTATION_CONTEXT(2) 
PARAMETRIC_REPRESENTATION_CONTEXT() REPRESENTATION_CONTEXT('2D SPACE',''
  ) );
#4151 = ORIENTED_EDGE('',*,*,#4152,.F.);
#4152 = EDGE_CURVE('',#4153,#4131,#4155,.T.);
#4153 = VERTEX_POINT('',#4154);
#4154 = CARTESIAN_POINT('',(9.,48.584735006189,-20.62996237275));
#4155 = SURFACE_CURVE('',#4156,(#4164,#4193),.PCURVE_S1.);
#4156 = B_SPLINE_CURVE_WITH_KNOTS('',3,(#4157,#4158,#4159,#4160,#4161,
    #4162,#4163),.UNSPECIFIED.,.F.,.F.,(4,3,4),(0.,0.478839674189,
    0.958205356973),.UNSPECIFIED.);
#4157 = CARTESIAN_POINT('',(9.,48.584735006189,-20.62996237275));
#4158 = CARTESIAN_POINT('',(9.778867122547,49.930462145039,
    -20.26937587266));
#4159 = CARTESIAN_POINT('',(10.532926069362,51.289463070764,
    -19.9052315138));
#4160 = CARTESIAN_POINT('',(11.261900506157,52.661022068773,
    -19.53772339308));
#4161 = CARTESIAN_POINT('',(11.991675726261,54.034087733543,
    -19.16981156222));
#4162 = CARTESIAN_POINT('',(12.696211768703,55.419551816088,
    -18.79857872812));
#4163 = CARTESIAN_POINT('',(13.375221756224,56.816705233649,
    -18.42421259818));
#4164 = PCURVE('',#2401,#4165);
#4165 = DEFINITIONAL_REPRESENTATION('',(#4166),#4192);
#4166 = B_SPLINE_CURVE_WITH_KNOTS('',3,(#4167,#4168,#4169,#4170,#4171,
    #4172,#4173,#4174,#4175,#4176,#4177,#4178,#4179,#4180,#4181,#4182,
    #4183,#4184,#4185,#4186,#4187,#4188,#4189,#4190,#4191),
  .UNSPECIFIED.,.F.,.F.,(4,1,1,1,1,1,1,1,1,1,1,1,1,1,1,1,1,1,1,1,1,1,4),
  (0.,4.355478895331E-02,8.710957790663E-02,0.13066436686,0.174219155813
    ,0.217773944767,0.26132873372,0.304883522673,0.348438311627,
    0.39199310058,0.435547889533,0.479102678486,0.52265746744,
    0.566212256393,0.609767045346,0.6533218343,0.696876623253,
    0.740431412206,0.78398620116,0.827540990113,0.871095779066,
    0.91465056802,0.958205356973),.QUASI_UNIFORM_KNOTS.);
#4167 = CARTESIAN_POINT('',(1.,15.991168434043));
#4168 = CARTESIAN_POINT('',(0.984832467157,15.987888306069));
#4169 = CARTESIAN_POINT('',(0.954499064597,15.981322166507));
#4170 = CARTESIAN_POINT('',(0.909003826275,15.971455392012));
#4171 = CARTESIAN_POINT('',(0.863513329507,15.961571138056));
#4172 = CARTESIAN_POINT('',(0.818027450673,15.951669490335));
#4173 = CARTESIAN_POINT('',(0.772546066283,15.941750534523));
#4174 = CARTESIAN_POINT('',(0.727069053457,15.931814356373));
#4175 = CARTESIAN_POINT('',(0.681596288308,15.921861041351));
#4176 = CARTESIAN_POINT('',(0.636127652001,15.91189067598));
#4177 = CARTESIAN_POINT('',(0.590663008222,15.901903342855));
#4178 = CARTESIAN_POINT('',(0.545202287321,15.891899139219));
#4179 = CARTESIAN_POINT('',(0.499745172346,15.881878107652));
#4180 = CARTESIAN_POINT('',(0.454292270973,15.871840494766));
#4181 = CARTESIAN_POINT('',(0.408844158786,15.861786541327));
#4182 = CARTESIAN_POINT('',(0.363400524945,15.851716292381));
#4183 = CARTESIAN_POINT('',(0.3179612964,15.841629845418));
#4184 = CARTESIAN_POINT('',(0.272526336677,15.831527283878));
#4185 = CARTESIAN_POINT('',(0.227095526603,15.821408694962));
#4186 = CARTESIAN_POINT('',(0.181668742694,15.811274164864));
#4187 = CARTESIAN_POINT('',(0.136245862959,15.801123780051));
#4188 = CARTESIAN_POINT('',(9.082676537172E-02,15.790957626912));
#4189 = CARTESIAN_POINT('',(4.541132826133E-02,15.780775791861));
#4190 = CARTESIAN_POINT('',(1.513672966165E-02,15.773977504823));
#4191 = CARTESIAN_POINT('',(0.,15.770575776454));
#4192 = ( GEOMETRIC_REPRESENTATION_CONTEXT(2) 
PARAMETRIC_REPRESENTATION_CONTEXT() REPRESENTATION_CONTEXT('2D SPACE',''
  ) );
#4193 = PCURVE('',#4194,#4199);
#4194 = PLANE('',#4195);
#4195 = AXIS2_PLACEMENT_3D('',#4196,#4197,#4198);
#4196 = CARTESIAN_POINT('',(-29.,33.027012708777,-24.79864149841));
#4197 = DIRECTION('',(0.,-0.258819045103,0.965925826289));
#4198 = DIRECTION('',(1.,0.,0.));
#4199 = DEFINITIONAL_REPRESENTATION('',(#4200),#4208);
#4200 = B_SPLINE_CURVE_WITH_KNOTS('',3,(#4201,#4202,#4203,#4204,#4205,
    #4206,#4207),.UNSPECIFIED.,.F.,.F.,(4,3,4),(0.,0.478839674189,
    0.958205356973),.UNSPECIFIED.);
#4201 = CARTESIAN_POINT('',(38.,16.106539315945));
#4202 = CARTESIAN_POINT('',(38.778867122547,17.499738568129));
#4203 = CARTESIAN_POINT('',(39.532926069363,18.906680155475));
#4204 = CARTESIAN_POINT('',(40.261900506157,20.326622514806));
#4205 = CARTESIAN_POINT('',(40.991675726261,21.748124690343));
#4206 = CARTESIAN_POINT('',(41.696211768703,23.1824623567));
#4207 = CARTESIAN_POINT('',(42.375221756224,24.62890201028));
#4208 = ( GEOMETRIC_REPRESENTATION_CONTEXT(2) 
PARAMETRIC_REPRESENTATION_CONTEXT() REPRESENTATION_CONTEXT('2D SPACE',''
  ) );
#4209 = ORIENTED_EDGE('',*,*,#4210,.F.);
#4210 = EDGE_CURVE('',#4211,#4153,#4213,.T.);
#4211 = VERTEX_POINT('',#4212);
#4212 = CARTESIAN_POINT('',(9.,43.54928772117,-11.90831183626));
#4213 = SURFACE_CURVE('',#4214,(#4218,#4224),.PCURVE_S1.);
#4214 = LINE('',#4215,#4216);
#4215 = CARTESIAN_POINT('',(9.,55.118961287048,-31.94757427935));
#4216 = VECTOR('',#4217,1.);
#4217 = DIRECTION('',(1.259240101036E-16,0.5,-0.866025403784));
#4218 = PCURVE('',#2401,#4219);
#4219 = DEFINITIONAL_REPRESENTATION('',(#4220),#4223);
#4220 = B_SPLINE_CURVE_WITH_KNOTS('',1,(#4221,#4222),.UNSPECIFIED.,.F.,
  .F.,(2,2),(-35.84452853074,-13.06845256171),.PIECEWISE_BEZIER_KNOTS.);
#4221 = CARTESIAN_POINT('',(1.,18.268776031355));
#4222 = CARTESIAN_POINT('',(1.,15.991168434043));
#4223 = ( GEOMETRIC_REPRESENTATION_CONTEXT(2) 
PARAMETRIC_REPRESENTATION_CONTEXT() REPRESENTATION_CONTEXT('2D SPACE',''
  ) );
#4224 = PCURVE('',#4225,#4230);
#4225 = PLANE('',#4226);
#4226 = AXIS2_PLACEMENT_3D('',#4227,#4228,#4229);
#4227 = CARTESIAN_POINT('',(9.,101.29063978067,-27.21298136028));
#4228 = DIRECTION('',(-1.,4.699548035996E-16,1.259240101036E-16));
#4229 = DIRECTION('',(-4.86533014036E-16,-0.965925826289,-0.258819045103
    ));
#4230 = DEFINITIONAL_REPRESENTATION('',(#4231),#4235);
#4231 = LINE('',#4232,#4233);
#4232 = CARTESIAN_POINT('',(45.823819518375,7.376844161003));
#4233 = VECTOR('',#4234,1.);
#4234 = DIRECTION('',(-0.258819045103,-0.965925826289));
#4235 = ( GEOMETRIC_REPRESENTATION_CONTEXT(2) 
PARAMETRIC_REPRESENTATION_CONTEXT() REPRESENTATION_CONTEXT('2D SPACE',''
  ) );
#4236 = ORIENTED_EDGE('',*,*,#4237,.T.);
#4237 = EDGE_CURVE('',#4211,#3897,#4238,.T.);
#4238 = SURFACE_CURVE('',#4239,(#4245,#4254),.PCURVE_S1.);
#4239 = B_SPLINE_CURVE_WITH_KNOTS('',4,(#4240,#4241,#4242,#4243,#4244),
  .UNSPECIFIED.,.F.,.F.,(5,5),(0.,1.),.PIECEWISE_BEZIER_KNOTS.);
#4240 = CARTESIAN_POINT('',(9.,43.54928772117,-11.90831183626));
#4241 = CARTESIAN_POINT('',(9.4922186205,42.698829150922,-8.734357242367
    ));
#4242 = CARTESIAN_POINT('',(9.973153535045,41.847932513232,
    -5.558767758519));
#4243 = CARTESIAN_POINT('',(10.443074082128,40.996623613497,
    -2.381639691772));
#4244 = CARTESIAN_POINT('',(10.902212566762,40.14492479794,
    0.796943560631));
#4245 = PCURVE('',#2401,#4246);
#4246 = DEFINITIONAL_REPRESENTATION('',(#4247),#4253);
#4247 = B_SPLINE_CURVE_WITH_KNOTS('',4,(#4248,#4249,#4250,#4251,#4252),
  .UNSPECIFIED.,.F.,.F.,(5,5),(0.,0.862825656939),
  .PIECEWISE_BEZIER_KNOTS.);
#4248 = CARTESIAN_POINT('',(1.,16.998257891228));
#4249 = CARTESIAN_POINT('',(0.90907429333,17.272113228066));
#4250 = CARTESIAN_POINT('',(0.818569774099,17.546090284706));
#4251 = CARTESIAN_POINT('',(0.728468233006,17.820182874762));
#4252 = CARTESIAN_POINT('',(0.638753184377,18.094385527372));
#4253 = ( GEOMETRIC_REPRESENTATION_CONTEXT(2) 
PARAMETRIC_REPRESENTATION_CONTEXT() REPRESENTATION_CONTEXT('2D SPACE',''
  ) );
#4254 = PCURVE('',#3930,#4255);
#4255 = DEFINITIONAL_REPRESENTATION('',(#4256),#4260);
#4256 = LINE('',#4257,#4258);
#4257 = CARTESIAN_POINT('',(1.,1.));
#4258 = VECTOR('',#4259,1.);
#4259 = DIRECTION('',(-1.,0.));
#4260 = ( GEOMETRIC_REPRESENTATION_CONTEXT(2) 
PARAMETRIC_REPRESENTATION_CONTEXT() REPRESENTATION_CONTEXT('2D SPACE',''
  ) );
#4261 = ORIENTED_EDGE('',*,*,#3957,.T.);
#4262 = ORIENTED_EDGE('',*,*,#2817,.T.);
#4263 = ORIENTED_EDGE('',*,*,#2385,.T.);
#4264 = ORIENTED_EDGE('',*,*,#3646,.F.);
#4265 = ADVANCED_FACE('',(#4266,#4272,#4275),#2892,.T.);
#4266 = FACE_BOUND('',#4267,.T.);
#4267 = EDGE_LOOP('',(#4268,#4269,#4270,#4271));
#4268 = ORIENTED_EDGE('',*,*,#2874,.T.);
#4269 = ORIENTED_EDGE('',*,*,#3107,.T.);
#4270 = ORIENTED_EDGE('',*,*,#3058,.T.);
#4271 = ORIENTED_EDGE('',*,*,#2999,.F.);
#4272 = FACE_BOUND('',#4273,.T.);
#4273 = EDGE_LOOP('',(#4274));
#4274 = ORIENTED_EDGE('',*,*,#4101,.T.);
#4275 = FACE_BOUND('',#4276,.T.);
#4276 = EDGE_LOOP('',(#4277));
#4277 = ORIENTED_EDGE('',*,*,#4047,.T.);
#4278 = ADVANCED_FACE('',(#4279),#3039,.T.);
#4279 = FACE_BOUND('',#4280,.T.);
#4280 = EDGE_LOOP('',(#4281,#4303,#4304,#4305));
#4281 = ORIENTED_EDGE('',*,*,#4282,.F.);
#4282 = EDGE_CURVE('',#2154,#4283,#4285,.T.);
#4283 = VERTEX_POINT('',#4284);
#4284 = CARTESIAN_POINT('',(-25.71653511086,45.05833107953,
    -21.40384162564));
#4285 = SURFACE_CURVE('',#4286,(#4289,#4296),.PCURVE_S1.);
#4286 = B_SPLINE_CURVE_WITH_KNOTS('',1,(#4287,#4288),.UNSPECIFIED.,.F.,
  .F.,(2,2),(0.,1.),.PIECEWISE_BEZIER_KNOTS.);
#4287 = CARTESIAN_POINT('',(-18.00111243644,39.,-22.));
#4288 = CARTESIAN_POINT('',(-27.00111243644,46.067011363679,
    -21.30458438952));
#4289 = PCURVE('',#3039,#4290);
#4290 = DEFINITIONAL_REPRESENTATION('',(#4291),#4295);
#4291 = LINE('',#4292,#4293);
#4292 = CARTESIAN_POINT('',(29.,0.));
#4293 = VECTOR('',#4294,1.);
#4294 = DIRECTION('',(0.,1.));
#4295 = ( GEOMETRIC_REPRESENTATION_CONTEXT(2) 
PARAMETRIC_REPRESENTATION_CONTEXT() REPRESENTATION_CONTEXT('2D SPACE',''
  ) );
#4296 = PCURVE('',#3732,#4297);
#4297 = DEFINITIONAL_REPRESENTATION('',(#4298),#4302);
#4298 = LINE('',#4299,#4300);
#4299 = CARTESIAN_POINT('',(-21.99888756355,0.));
#4300 = VECTOR('',#4301,1.);
#4301 = DIRECTION('',(0.,1.));
#4302 = ( GEOMETRIC_REPRESENTATION_CONTEXT(2) 
PARAMETRIC_REPRESENTATION_CONTEXT() REPRESENTATION_CONTEXT('2D SPACE',''
  ) );
#4303 = ORIENTED_EDGE('',*,*,#3026,.T.);
#4304 = ORIENTED_EDGE('',*,*,#3349,.T.);
#4305 = ORIENTED_EDGE('',*,*,#4306,.T.);
#4306 = EDGE_CURVE('',#3262,#4283,#4307,.T.);
#4307 = SURFACE_CURVE('',#4308,(#4326,#4347),.PCURVE_S1.);
#4308 = B_SPLINE_CURVE_WITH_KNOTS('',6,(#4309,#4310,#4311,#4312,#4313,
    #4314,#4315,#4316,#4317,#4318,#4319,#4320,#4321,#4322,#4323,#4324,
    #4325),.UNSPECIFIED.,.F.,.F.,(7,5,5,7),(0.,0.400427118616,
    0.799223927034,1.),.UNSPECIFIED.);
#4309 = CARTESIAN_POINT('',(-24.99597570058,42.535738395428,
    -11.98939756177));
#4310 = CARTESIAN_POINT('',(-25.07085668117,42.703864469787,
    -12.61685261336));
#4311 = CARTESIAN_POINT('',(-25.13908108073,42.872067845062,
    -13.24459615589));
#4312 = CARTESIAN_POINT('',(-25.20174428839,43.040326723465,
    -13.87254683891));
#4313 = CARTESIAN_POINT('',(-25.2596296026,43.208625956571,
    -14.50064812774));
#4314 = CARTESIAN_POINT('',(-25.31335790081,43.376955664161,
    -15.12886314889));
#4315 = CARTESIAN_POINT('',(-25.41329260236,43.712980675114,
    -16.38292556238));
#4316 = CARTESIAN_POINT('',(-25.45952904344,43.880674633218,
    -17.00876793414));
#4317 = CARTESIAN_POINT('',(-25.50262644861,44.048386643295,
    -17.63467767679));
#4318 = CARTESIAN_POINT('',(-25.54296468348,44.216112195939,
    -18.26063796099));
#4319 = CARTESIAN_POINT('',(-25.58084565433,44.383848220824,
    -18.88663732812));
#4320 = CARTESIAN_POINT('',(-25.63448857609,44.636044741382,
    -19.82784755633));
#4321 = CARTESIAN_POINT('',(-25.65189376546,44.720498712333,
    -20.14303406682));
#4322 = CARTESIAN_POINT('',(-25.66877308635,44.804954549663,
    -20.45822754273));
#4323 = CARTESIAN_POINT('',(-25.68515585299,44.889412016468,
    -20.77342709993));
#4324 = CARTESIAN_POINT('',(-25.70106860569,44.973870913572,
    -21.08863199507));
#4325 = CARTESIAN_POINT('',(-25.71653511086,45.05833107953,
    -21.40384162564));
#4326 = PCURVE('',#3039,#4327);
#4327 = DEFINITIONAL_REPRESENTATION('',(#4328),#4346);
#4328 = B_SPLINE_CURVE_WITH_KNOTS('',6,(#4329,#4330,#4331,#4332,#4333,
    #4334,#4335,#4336,#4337,#4338,#4339,#4340,#4341,#4342,#4343,#4344,
    #4345),.UNSPECIFIED.,.F.,.F.,(7,5,5,7),(0.,0.400427118616,
    0.799223927034,1.),.UNSPECIFIED.);
#4329 = CARTESIAN_POINT('',(38.727737159033,0.77720702935));
#4330 = CARTESIAN_POINT('',(38.080102899846,0.785527138304));
#4331 = CARTESIAN_POINT('',(37.431996181295,0.793107627144));
#4332 = CARTESIAN_POINT('',(36.783529822236,0.800070205773));
#4333 = CARTESIAN_POINT('',(36.134782802228,0.806501907352));
#4334 = CARTESIAN_POINT('',(35.485809505521,0.812471718263));
#4335 = CARTESIAN_POINT('',(34.190117678438,0.823575573992));
#4336 = CARTESIAN_POINT('',(33.543405129978,0.828712956334));
#4337 = CARTESIAN_POINT('',(32.896540879371,0.833501556908));
#4338 = CARTESIAN_POINT('',(32.249552267248,0.837983583005));
#4339 = CARTESIAN_POINT('',(31.602459038671,0.842192579766));
#4340 = CARTESIAN_POINT('',(30.629447030479,0.848152904406));
#4341 = CARTESIAN_POINT('',(30.303596362501,0.850086814335));
#4342 = CARTESIAN_POINT('',(29.977724753891,0.851962294435));
#4343 = CARTESIAN_POINT('',(29.651833885321,0.853782601839));
#4344 = CARTESIAN_POINT('',(29.325925219265,0.855550685472));
#4345 = CARTESIAN_POINT('',(29.,0.857269186048));
#4346 = ( GEOMETRIC_REPRESENTATION_CONTEXT(2) 
PARAMETRIC_REPRESENTATION_CONTEXT() REPRESENTATION_CONTEXT('2D SPACE',''
  ) );
#4347 = PCURVE('',#3317,#4348);
#4348 = DEFINITIONAL_REPRESENTATION('',(#4349),#4367);
#4349 = B_SPLINE_CURVE_WITH_KNOTS('',6,(#4350,#4351,#4352,#4353,#4354,
    #4355,#4356,#4357,#4358,#4359,#4360,#4361,#4362,#4363,#4364,#4365,
    #4366),.UNSPECIFIED.,.F.,.F.,(7,5,5,7),(0.,0.400427118616,
    0.799223927034,1.),.UNSPECIFIED.);
#4350 = CARTESIAN_POINT('',(47.911740231275,44.004024299412));
#4351 = CARTESIAN_POINT('',(47.26215096209,43.929143318824));
#4352 = CARTESIAN_POINT('',(46.612263025102,43.860918919266));
#4353 = CARTESIAN_POINT('',(45.962160640493,43.798255711603));
#4354 = CARTESIAN_POINT('',(45.311902337286,43.740370397396));
#4355 = CARTESIAN_POINT('',(44.661526289715,43.68664209919));
#4356 = CARTESIAN_POINT('',(43.363225344281,43.586707397635));
#4357 = CARTESIAN_POINT('',(42.7153056441,43.540470956556));
#4358 = CARTESIAN_POINT('',(42.06731619645,43.497373551388));
#4359 = CARTESIAN_POINT('',(41.419274424341,43.457035316511));
#4360 = CARTESIAN_POINT('',(40.771192190597,43.419154345663));
#4361 = CARTESIAN_POINT('',(39.79677966057,43.365511423905));
#4362 = CARTESIAN_POINT('',(39.470474573875,43.34810623454));
#4363 = CARTESIAN_POINT('',(39.144162276042,43.331226913646));
#4364 = CARTESIAN_POINT('',(38.817843682403,43.314844147007));
#4365 = CARTESIAN_POINT('',(38.491519562512,43.298931394309));
#4366 = CARTESIAN_POINT('',(38.165190540145,43.283464889132));
#4367 = ( GEOMETRIC_REPRESENTATION_CONTEXT(2) 
PARAMETRIC_REPRESENTATION_CONTEXT() REPRESENTATION_CONTEXT('2D SPACE',''
  ) );
#4368 = ADVANCED_FACE('',(#4369),#3317,.F.);
#4369 = FACE_BOUND('',#4370,.F.);
#4370 = EDGE_LOOP('',(#4371,#4402,#4708,#4709,#4710,#4730,#4758,#4781));
#4371 = ORIENTED_EDGE('',*,*,#4372,.F.);
#4372 = EDGE_CURVE('',#4373,#4375,#4377,.T.);
#4373 = VERTEX_POINT('',#4374);
#4374 = CARTESIAN_POINT('',(-28.1583512595,39.573507270608,
    -0.934200500185));
#4375 = VERTEX_POINT('',#4376);
#4376 = CARTESIAN_POINT('',(-27.00113390677,41.617436068592,
    -8.562246621315));
#4377 = SURFACE_CURVE('',#4378,(#4384,#4393),.PCURVE_S1.);
#4378 = B_SPLINE_CURVE_WITH_KNOTS('',4,(#4379,#4380,#4381,#4382,#4383),
  .UNSPECIFIED.,.F.,.F.,(5,5),(0.,1.),.PIECEWISE_BEZIER_KNOTS.);
#4379 = CARTESIAN_POINT('',(-28.3379662214,39.248306861173,
    0.279463950467));
#4380 = CARTESIAN_POINT('',(-28.01178209026,39.840890414087,
    -1.932087976737));
#4381 = CARTESIAN_POINT('',(-27.68030477175,40.433278519227,
    -4.142910482918));
#4382 = CARTESIAN_POINT('',(-27.34345232367,41.025463306302,
    -6.35297419575));
#4383 = CARTESIAN_POINT('',(-27.00113390677,41.617436068592,
    -8.562246621315));
#4384 = PCURVE('',#3317,#4385);
#4385 = DEFINITIONAL_REPRESENTATION('',(#4386),#4392);
#4386 = B_SPLINE_CURVE_WITH_KNOTS('',4,(#4387,#4388,#4389,#4390,#4391),
  .UNSPECIFIED.,.F.,.F.,(5,5),(0.,1.),.PIECEWISE_BEZIER_KNOTS.);
#4387 = CARTESIAN_POINT('',(60.613400315649,40.662033778599));
#4388 = CARTESIAN_POINT('',(58.323833283675,40.988217909733));
#4389 = CARTESIAN_POINT('',(56.035021403911,41.319695228245));
#4390 = CARTESIAN_POINT('',(53.746995084826,41.65654767633));
#4391 = CARTESIAN_POINT('',(51.459787966602,41.998866093226));
#4392 = ( GEOMETRIC_REPRESENTATION_CONTEXT(2) 
PARAMETRIC_REPRESENTATION_CONTEXT() REPRESENTATION_CONTEXT('2D SPACE',''
  ) );
#4393 = PCURVE('',#3415,#4394);
#4394 = DEFINITIONAL_REPRESENTATION('',(#4395),#4401);
#4395 = B_SPLINE_CURVE_WITH_KNOTS('',4,(#4396,#4397,#4398,#4399,#4400),
  .UNSPECIFIED.,.F.,.F.,(5,5),(0.,1.),.PIECEWISE_BEZIER_KNOTS.);
#4396 = CARTESIAN_POINT('',(0.708204166709,15.799097997693));
#4397 = CARTESIAN_POINT('',(0.78076097454,16.020247407997));
#4398 = CARTESIAN_POINT('',(0.853573214052,16.241323857262));
#4399 = CARTESIAN_POINT('',(0.92664970228,16.462324407998));
#4400 = CARTESIAN_POINT('',(1.,16.683245810528));
#4401 = ( GEOMETRIC_REPRESENTATION_CONTEXT(2) 
PARAMETRIC_REPRESENTATION_CONTEXT() REPRESENTATION_CONTEXT('2D SPACE',''
  ) );
#4402 = ORIENTED_EDGE('',*,*,#4403,.F.);
#4403 = EDGE_CURVE('',#3135,#4373,#4404,.T.);
#4404 = SURFACE_CURVE('',#4405,(#4504,#4606),.PCURVE_S1.);
#4405 = B_SPLINE_CURVE_WITH_KNOTS('',4,(#4406,#4407,#4408,#4409,#4410,
    #4411,#4412,#4413,#4414,#4415,#4416,#4417,#4418,#4419,#4420,#4421,
    #4422,#4423,#4424,#4425,#4426,#4427,#4428,#4429,#4430,#4431,#4432,
    #4433,#4434,#4435,#4436,#4437,#4438,#4439,#4440,#4441,#4442,#4443,
    #4444,#4445,#4446,#4447,#4448,#4449,#4450,#4451,#4452,#4453,#4454,
    #4455,#4456,#4457,#4458,#4459,#4460,#4461,#4462,#4463,#4464,#4465,
    #4466,#4467,#4468,#4469,#4470,#4471,#4472,#4473,#4474,#4475,#4476,
    #4477,#4478,#4479,#4480,#4481,#4482,#4483,#4484,#4485,#4486,#4487,
    #4488,#4489,#4490,#4491,#4492,#4493,#4494,#4495,#4496,#4497,#4498,
    #4499,#4500,#4501,#4502,#4503),.UNSPECIFIED.,.F.,.F.,(5,3,3,3,3,3,3,
    3,3,3,3,3,3,3,3,3,3,3,3,3,3,3,3,3,3,3,3,3,3,3,3,3,5),(0.,
    3.130122548138E-02,6.250236821832E-02,9.38034355375E-02,
    0.12500442062,0.156305329783,0.187506157218,0.21880690823,
    0.250007578022,0.281308170889,0.312508683044,0.343809117772,
    0.375009472296,0.406309748891,0.43750994579,0.468810064257,
    0.500010103536,0.531310063881,0.562509945547,0.593809747776,
    0.625009471834,0.656309115953,0.687508682409,0.718808168423,
    0.750007577283,0.781306905199,0.812506156467,0.84380532629,
    0.875004419974,0.90630343171,0.937502367814,0.968801221469,1.),
  .UNSPECIFIED.);
#4406 = CARTESIAN_POINT('',(13.717461153672,39.573537512461,
    -0.934313364319));
#4407 = CARTESIAN_POINT('',(13.361917096825,39.573537258769,
    -0.934312417526));
#4408 = CARTESIAN_POINT('',(13.006373040123,39.573537005077,
    -0.934311470736));
#4409 = CARTESIAN_POINT('',(12.650828983566,39.573536751387,
    -0.93431052395));
#4410 = CARTESIAN_POINT('',(11.94087768965,39.573536244818,
    -0.93430863341));
#4411 = CARTESIAN_POINT('',(11.586470452288,39.57353599194,
    -0.934307689656));
#4412 = CARTESIAN_POINT('',(11.232063215073,39.573535739063,
    -0.934306745906));
#4413 = CARTESIAN_POINT('',(10.522113718555,39.5735352325,
    -0.934304855389));
#4414 = CARTESIAN_POINT('',(10.166571459253,39.573534978815,
    -0.934303908622));
#4415 = CARTESIAN_POINT('',(9.811029200097,39.57353472513,
    -0.934302961859));
#4416 = CARTESIAN_POINT('',(9.101081495207,39.573534218574,
    -0.934301071365));
#4417 = CARTESIAN_POINT('',(8.746676049472,39.573533965702,
    -0.934300127635));
#4418 = CARTESIAN_POINT('',(8.392270603882,39.573533712831,
    -0.934299183907));
#4419 = CARTESIAN_POINT('',(7.682324696324,39.573533206281,
    -0.934297293436));
#4420 = CARTESIAN_POINT('',(7.326784234358,39.573532952602,
    -0.934296346693));
#4421 = CARTESIAN_POINT('',(6.971243772537,39.573532698924,
    -0.934295399952));
#4422 = CARTESIAN_POINT('',(6.261299656544,39.57353219238,
    -0.934293509504));
#4423 = CARTESIAN_POINT('',(5.906896002367,39.573531939514,
    -0.934292565797));
#4424 = CARTESIAN_POINT('',(5.552492348338,39.573531686649,
    -0.934291622092));
#4425 = CARTESIAN_POINT('',(4.84255002961,39.573531180111,
    -0.934289731668));
#4426 = CARTESIAN_POINT('',(4.487011364913,39.573530926438,
    -0.934288784947));
#4427 = CARTESIAN_POINT('',(4.131472700363,39.573530672766,
    -0.93428783823));
#4428 = CARTESIAN_POINT('',(3.421532173133,39.573530166235,
    -0.934285947828));
#4429 = CARTESIAN_POINT('',(3.067130310451,39.573529913375,
    -0.934285004143));
#4430 = CARTESIAN_POINT('',(2.712728447918,39.573529660516,
    -0.934284060462));
#4431 = CARTESIAN_POINT('',(2.002789717888,39.573529153991,
    -0.934282170083));
#4432 = CARTESIAN_POINT('',(1.647252850395,39.573528900324,
    -0.934281223385));
#4433 = CARTESIAN_POINT('',(1.291715983049,39.573528646658,
    -0.934280276691));
#4434 = CARTESIAN_POINT('',(0.581779044452,39.573528140139,
    -0.934278386335));
#4435 = CARTESIAN_POINT('',(0.227378973201,39.573527887285,
    -0.934277442674));
#4436 = CARTESIAN_POINT('',(-0.127021097905,39.573527634433,
    -0.934276499015));
#4437 = CARTESIAN_POINT('',(-0.836956239366,39.57352712792,
    -0.934274608682));
#4438 = CARTESIAN_POINT('',(-1.192491309721,39.573526874259,
    -0.934273662008));
#4439 = CARTESIAN_POINT('',(-1.548026379928,39.573526620599,
    -0.934272715337));
#4440 = CARTESIAN_POINT('',(-2.257959730023,39.573526114092,
    -0.934270825027));
#4441 = CARTESIAN_POINT('',(-2.612358009909,39.573525861245,
    -0.934269881388));
#4442 = CARTESIAN_POINT('',(-2.966756289652,39.573525608399,
    -0.934268937753));
#4443 = CARTESIAN_POINT('',(-3.676687842676,39.573525101898,
    -0.934267047466));
#4444 = CARTESIAN_POINT('',(-4.032221115958,39.573524848243,
    -0.934266100815));
#4445 = CARTESIAN_POINT('',(-4.387754389093,39.57352459459,
    -0.934265154166));
#4446 = CARTESIAN_POINT('',(-5.097684150817,39.573524088095,
    -0.934263263902));
#4447 = CARTESIAN_POINT('',(-5.452080639405,39.573523835254,
    -0.934262320287));
#4448 = CARTESIAN_POINT('',(-5.806477127848,39.573523582414,
    -0.934261376674));
#4449 = CARTESIAN_POINT('',(-6.516405092567,39.573523075925,
    -0.934259486434));
#4450 = CARTESIAN_POINT('',(-6.871936568842,39.573522822277,
    -0.934258539805));
#4451 = CARTESIAN_POINT('',(-7.22746804497,39.57352256863,-0.93425759318
    ));
#4452 = CARTESIAN_POINT('',(-7.937394218453,39.573522062147,
    -0.934255702962));
#4453 = CARTESIAN_POINT('',(-8.291788915808,39.573521809312,
    -0.934254759369));
#4454 = CARTESIAN_POINT('',(-8.646183613018,39.573521556478,
    -0.93425381578));
#4455 = CARTESIAN_POINT('',(-9.356107989562,39.573521050002,
    -0.934251925585));
#4456 = CARTESIAN_POINT('',(-9.711637668895,39.57352079636,
    -0.93425097898));
#4457 = CARTESIAN_POINT('',(-10.06716734808,39.573520542719,
    -0.934250032378));
#4458 = CARTESIAN_POINT('',(-10.77708993345,39.573520036249,
    -0.934248142206));
#4459 = CARTESIAN_POINT('',(-11.13148283964,39.57351978342,
    -0.934247198636));
#4460 = CARTESIAN_POINT('',(-11.48587574568,39.573519530592,
    -0.93424625507));
#4461 = CARTESIAN_POINT('',(-12.19579653418,39.573519024128,
    -0.934244364921));
#4462 = CARTESIAN_POINT('',(-12.55132441664,39.573518770492,
    -0.934243418338));
#4463 = CARTESIAN_POINT('',(-12.90685229895,39.573518516857,
    -0.934242471759));
#4464 = CARTESIAN_POINT('',(-13.61677129634,39.573518010399,
    -0.934240581633));
#4465 = CARTESIAN_POINT('',(-13.97116241143,39.573517757577,
    -0.934239638087));
#4466 = CARTESIAN_POINT('',(-14.32555352637,39.573517504755,
    -0.934238694543));
#4467 = CARTESIAN_POINT('',(-15.03547072696,39.573516998304,
    -0.93423680444));
#4468 = CARTESIAN_POINT('',(-15.3909968126,39.573516744674,
    -0.934235857881));
#4469 = CARTESIAN_POINT('',(-15.74652289811,39.573516491045,
    -0.934234911325));
#4470 = CARTESIAN_POINT('',(-16.45643830765,39.5735159846,
    -0.934233021245));
#4471 = CARTESIAN_POINT('',(-16.8108276317,39.573515731783,
    -0.934232077722));
#4472 = CARTESIAN_POINT('',(-17.1652169556,39.573515478968,
    -0.934231134201));
#4473 = CARTESIAN_POINT('',(-17.87513056841,39.573514972528,
    -0.934229244144));
#4474 = CARTESIAN_POINT('',(-18.23065485731,39.573514718905,
    -0.934228297608));
#4475 = CARTESIAN_POINT('',(-18.58617914607,39.573514465282,
    -0.934227351075));
#4476 = CARTESIAN_POINT('',(-19.2960909679,39.573513958849,
    -0.934225461041));
#4477 = CARTESIAN_POINT('',(-19.65047850098,39.573513706039,
    -0.93422451754));
#4478 = CARTESIAN_POINT('',(-20.00486603391,39.573513453229,
    -0.934223574043));
#4479 = CARTESIAN_POINT('',(-20.71477605906,39.573512946802,
    -0.934221684032));
#4480 = CARTESIAN_POINT('',(-21.07029855129,39.573512693185,
    -0.934220737519));
#4481 = CARTESIAN_POINT('',(-21.42582104336,39.573512439568,
    -0.934219791009));
#4482 = CARTESIAN_POINT('',(-22.13572927761,39.573511933148,
    -0.934217901021));
#4483 = CARTESIAN_POINT('',(-22.49011501978,39.573511680344,
    -0.934216957543));
#4484 = CARTESIAN_POINT('',(-22.84450076181,39.57351142754,
    -0.934216014069));
#4485 = CARTESIAN_POINT('',(-23.55440719944,39.573510921126,
    -0.934214124104));
#4486 = CARTESIAN_POINT('',(-23.90992789505,39.573510667514,
    -0.934213177614));
#4487 = CARTESIAN_POINT('',(-24.26544859051,39.573510413904,
    -0.934212231127));
#4488 = CARTESIAN_POINT('',(-24.97535323731,39.573509907496,
    -0.934210341185));
#4489 = CARTESIAN_POINT('',(-25.32973718864,39.573509654698,
    -0.93420939773));
#4490 = CARTESIAN_POINT('',(-25.68412113982,39.573509401901,
    -0.934208454278));
#4491 = CARTESIAN_POINT('',(-26.39402399007,39.573508895498,
    -0.93420656436));
#4492 = CARTESIAN_POINT('',(-26.74954288913,39.573508641893,
    -0.934205617892));
#4493 = CARTESIAN_POINT('',(-27.10506178804,39.573508388289,
    -0.934204671428));
#4494 = CARTESIAN_POINT('',(-27.81496284751,39.573507881893,
    -0.934202781533));
#4495 = CARTESIAN_POINT('',(-28.16934500807,39.573507629101,
    -0.934201838101));
#4496 = CARTESIAN_POINT('',(-28.52372716848,39.57350737631,
    -0.934200894672));
#4497 = CARTESIAN_POINT('',(-29.23362643147,39.57350686992,
    -0.934199004799));
#4498 = CARTESIAN_POINT('',(-29.58914353404,39.573506616321,
    -0.934198058355));
#4499 = CARTESIAN_POINT('',(-29.94466063648,39.573506362723,
    -0.934197111914));
#4500 = CARTESIAN_POINT('',(-30.65455810875,39.57350585634,
    -0.934195222064));
#4501 = CARTESIAN_POINT('',(-31.0089384786,39.573505603554,
    -0.934194278656));
#4502 = CARTESIAN_POINT('',(-31.3633188483,39.573505350769,
    -0.93419333525));
#4503 = CARTESIAN_POINT('',(-31.71769921785,39.573505097985,
    -0.934192391847));
#4504 = PCURVE('',#3317,#4505);
#4505 = DEFINITIONAL_REPRESENTATION('',(#4506),#4605);
#4506 = B_SPLINE_CURVE_WITH_KNOTS('',4,(#4507,#4508,#4509,#4510,#4511,
    #4512,#4513,#4514,#4515,#4516,#4517,#4518,#4519,#4520,#4521,#4522,
    #4523,#4524,#4525,#4526,#4527,#4528,#4529,#4530,#4531,#4532,#4533,
    #4534,#4535,#4536,#4537,#4538,#4539,#4540,#4541,#4542,#4543,#4544,
    #4545,#4546,#4547,#4548,#4549,#4550,#4551,#4552,#4553,#4554,#4555,
    #4556,#4557,#4558,#4559,#4560,#4561,#4562,#4563,#4564,#4565,#4566,
    #4567,#4568,#4569,#4570,#4571,#4572,#4573,#4574,#4575,#4576,#4577,
    #4578,#4579,#4580,#4581,#4582,#4583,#4584,#4585,#4586,#4587,#4588,
    #4589,#4590,#4591,#4592,#4593,#4594,#4595,#4596,#4597,#4598,#4599,
    #4600,#4601,#4602,#4603,#4604),.UNSPECIFIED.,.F.,.F.,(5,3,3,3,3,3,3,
    3,3,3,3,3,3,3,3,3,3,3,3,3,3,3,3,3,3,3,3,3,3,3,3,3,5),(0.,
    3.130122548138E-02,6.250236821832E-02,9.38034355375E-02,
    0.12500442062,0.156305329783,0.187506157218,0.21880690823,
    0.250007578022,0.281308170889,0.312508683044,0.343809117772,
    0.375009472296,0.406309748891,0.43750994579,0.468810064257,
    0.500010103536,0.531310063881,0.562509945547,0.593809747776,
    0.625009471834,0.656309115953,0.687508682409,0.718808168423,
    0.750007577283,0.781306905199,0.812506156467,0.84380532629,
    0.875004419974,0.90630343171,0.937502367814,0.968801221469,1.),
  .UNSPECIFIED.);
#4507 = CARTESIAN_POINT('',(59.356805573329,82.717461153672));
#4508 = CARTESIAN_POINT('',(59.356806553521,82.361917096825));
#4509 = CARTESIAN_POINT('',(59.35680753371,82.006373040123));
#4510 = CARTESIAN_POINT('',(59.356808513895,81.650828983566));
#4511 = CARTESIAN_POINT('',(59.356810471126,80.94087768965));
#4512 = CARTESIAN_POINT('',(59.356811448172,80.586470452288));
#4513 = CARTESIAN_POINT('',(59.356812425214,80.232063215073));
#4514 = CARTESIAN_POINT('',(59.356814382421,79.522113718555));
#4515 = CARTESIAN_POINT('',(59.356815362586,79.166571459253));
#4516 = CARTESIAN_POINT('',(59.356816342748,78.811029200097));
#4517 = CARTESIAN_POINT('',(59.356818299931,78.101081495207));
#4518 = CARTESIAN_POINT('',(59.356819276953,77.746676049472));
#4519 = CARTESIAN_POINT('',(59.356820253971,77.392270603882));
#4520 = CARTESIAN_POINT('',(59.356822211131,76.682324696324));
#4521 = CARTESIAN_POINT('',(59.356823191272,76.326784234358));
#4522 = CARTESIAN_POINT('',(59.35682417141,75.971243772537));
#4523 = CARTESIAN_POINT('',(59.356826128545,75.261299656544));
#4524 = CARTESIAN_POINT('',(59.356827105543,74.906896002367));
#4525 = CARTESIAN_POINT('',(59.356828082538,74.552492348338));
#4526 = CARTESIAN_POINT('',(59.35683003965,73.84255002961));
#4527 = CARTESIAN_POINT('',(59.356831019767,73.487011364913));
#4528 = CARTESIAN_POINT('',(59.356831999881,73.131472700363));
#4529 = CARTESIAN_POINT('',(59.356833956969,72.421532173133));
#4530 = CARTESIAN_POINT('',(59.356834933943,72.067130310451));
#4531 = CARTESIAN_POINT('',(59.356835910914,71.712728447918));
#4532 = CARTESIAN_POINT('',(59.356837867978,71.002789717888));
#4533 = CARTESIAN_POINT('',(59.356838848072,70.647252850395));
#4534 = CARTESIAN_POINT('',(59.356839828162,70.291715983049));
#4535 = CARTESIAN_POINT('',(59.356841785202,69.581779044452));
#4536 = CARTESIAN_POINT('',(59.356842762152,69.227378973201));
#4537 = CARTESIAN_POINT('',(59.356843739099,68.872978902095));
#4538 = CARTESIAN_POINT('',(59.356845696116,68.163043760634));
#4539 = CARTESIAN_POINT('',(59.356846676186,67.807508690279));
#4540 = CARTESIAN_POINT('',(59.356847656252,67.451973620072));
#4541 = CARTESIAN_POINT('',(59.356849613245,66.742040269977));
#4542 = CARTESIAN_POINT('',(59.356850590171,66.387641990091));
#4543 = CARTESIAN_POINT('',(59.356851567094,66.033243710348));
#4544 = CARTESIAN_POINT('',(59.356853524063,65.323312157324));
#4545 = CARTESIAN_POINT('',(59.356854504109,64.967778884042));
#4546 = CARTESIAN_POINT('',(59.356855484152,64.612245610907));
#4547 = CARTESIAN_POINT('',(59.356857441097,63.902315849183));
#4548 = CARTESIAN_POINT('',(59.356858417999,63.547919360595));
#4549 = CARTESIAN_POINT('',(59.356859394899,63.193522872152));
#4550 = CARTESIAN_POINT('',(59.35686135182,62.483594907433));
#4551 = CARTESIAN_POINT('',(59.356862331842,62.128063431158));
#4552 = CARTESIAN_POINT('',(59.356863311861,61.77253195503));
#4553 = CARTESIAN_POINT('',(59.356865268758,61.062605781547));
#4554 = CARTESIAN_POINT('',(59.356866245637,60.708211084192));
#4555 = CARTESIAN_POINT('',(59.356867222513,60.353816386982));
#4556 = CARTESIAN_POINT('',(59.356869179386,59.643892010438));
#4557 = CARTESIAN_POINT('',(59.356870159384,59.288362331105));
#4558 = CARTESIAN_POINT('',(59.356871139379,58.932832651918));
#4559 = CARTESIAN_POINT('',(59.356873096229,58.222910066544));
#4560 = CARTESIAN_POINT('',(59.356874073084,57.868517160358));
#4561 = CARTESIAN_POINT('',(59.356875049936,57.514124254314));
#4562 = CARTESIAN_POINT('',(59.356877006762,56.804203465814));
#4563 = CARTESIAN_POINT('',(59.356877986736,56.448675583357));
#4564 = CARTESIAN_POINT('',(59.356878966707,56.093147701046));
#4565 = CARTESIAN_POINT('',(59.356880923509,55.383228703651));
#4566 = CARTESIAN_POINT('',(59.356881900341,55.028837588566));
#4567 = CARTESIAN_POINT('',(59.356882877169,54.674446473626));
#4568 = CARTESIAN_POINT('',(59.356884833947,53.964529273038));
#4569 = CARTESIAN_POINT('',(59.356885813897,53.609003187391));
#4570 = CARTESIAN_POINT('',(59.356886793845,53.25347710189));
#4571 = CARTESIAN_POINT('',(59.356888750599,52.543561692342));
#4572 = CARTESIAN_POINT('',(59.356889727407,52.189172368294));
#4573 = CARTESIAN_POINT('',(59.356890704211,51.834783044391));
#4574 = CARTESIAN_POINT('',(59.356892660942,51.124869431585));
#4575 = CARTESIAN_POINT('',(59.356893640868,50.769345142683));
#4576 = CARTESIAN_POINT('',(59.356894620791,50.413820853927));
#4577 = CARTESIAN_POINT('',(59.356896577498,49.703909032095));
#4578 = CARTESIAN_POINT('',(59.356897554282,49.349521499019));
#4579 = CARTESIAN_POINT('',(59.356898531063,48.995133966087));
#4580 = CARTESIAN_POINT('',(59.356900487746,48.285223940932));
#4581 = CARTESIAN_POINT('',(59.356901467649,47.929701448709));
#4582 = CARTESIAN_POINT('',(59.356902447548,47.574178956632));
#4583 = CARTESIAN_POINT('',(59.356904404207,46.864270722385));
#4584 = CARTESIAN_POINT('',(59.356905380967,46.509884980215));
#4585 = CARTESIAN_POINT('',(59.356906357724,46.15549923819));
#4586 = CARTESIAN_POINT('',(59.35690831436,45.445592800554));
#4587 = CARTESIAN_POINT('',(59.356909294238,45.090072104945));
#4588 = CARTESIAN_POINT('',(59.356910274114,44.734551409481));
#4589 = CARTESIAN_POINT('',(59.356912230726,44.024646762689));
#4590 = CARTESIAN_POINT('',(59.356913207462,43.67026281136));
#4591 = CARTESIAN_POINT('',(59.356914184195,43.315878860175));
#4592 = CARTESIAN_POINT('',(59.356916140783,42.605976009928));
#4593 = CARTESIAN_POINT('',(59.356917120638,42.250457110867));
#4594 = CARTESIAN_POINT('',(59.356918100489,41.894938211951));
#4595 = CARTESIAN_POINT('',(59.356920057053,41.185037152482));
#4596 = CARTESIAN_POINT('',(59.356921033766,40.830654991928));
#4597 = CARTESIAN_POINT('',(59.356922010475,40.476272831519));
#4598 = CARTESIAN_POINT('',(59.356923967015,39.76637356853));
#4599 = CARTESIAN_POINT('',(59.356924946846,39.410856465951));
#4600 = CARTESIAN_POINT('',(59.356925926674,39.055339363517));
#4601 = CARTESIAN_POINT('',(59.356927883191,38.345441891241));
#4602 = CARTESIAN_POINT('',(59.356928859879,37.991061521397));
#4603 = CARTESIAN_POINT('',(59.356929836565,37.636681151698));
#4604 = CARTESIAN_POINT('',(59.356930813247,37.282300782142));
#4605 = ( GEOMETRIC_REPRESENTATION_CONTEXT(2) 
PARAMETRIC_REPRESENTATION_CONTEXT() REPRESENTATION_CONTEXT('2D SPACE',''
  ) );
#4606 = PCURVE('',#3172,#4607);
#4607 = DEFINITIONAL_REPRESENTATION('',(#4608),#4707);
#4608 = B_SPLINE_CURVE_WITH_KNOTS('',4,(#4609,#4610,#4611,#4612,#4613,
    #4614,#4615,#4616,#4617,#4618,#4619,#4620,#4621,#4622,#4623,#4624,
    #4625,#4626,#4627,#4628,#4629,#4630,#4631,#4632,#4633,#4634,#4635,
    #4636,#4637,#4638,#4639,#4640,#4641,#4642,#4643,#4644,#4645,#4646,
    #4647,#4648,#4649,#4650,#4651,#4652,#4653,#4654,#4655,#4656,#4657,
    #4658,#4659,#4660,#4661,#4662,#4663,#4664,#4665,#4666,#4667,#4668,
    #4669,#4670,#4671,#4672,#4673,#4674,#4675,#4676,#4677,#4678,#4679,
    #4680,#4681,#4682,#4683,#4684,#4685,#4686,#4687,#4688,#4689,#4690,
    #4691,#4692,#4693,#4694,#4695,#4696,#4697,#4698,#4699,#4700,#4701,
    #4702,#4703,#4704,#4705,#4706),.UNSPECIFIED.,.F.,.F.,(5,3,3,3,3,3,3,
    3,3,3,3,3,3,3,3,3,3,3,3,3,3,3,3,3,3,3,3,3,3,3,3,3,5),(0.,
    3.130122548138E-02,6.250236821832E-02,9.38034355375E-02,
    0.12500442062,0.156305329783,0.187506157218,0.21880690823,
    0.250007578022,0.281308170889,0.312508683044,0.343809117772,
    0.375009472296,0.406309748891,0.43750994579,0.468810064257,
    0.500010103536,0.531310063881,0.562509945547,0.593809747776,
    0.625009471834,0.656309115953,0.687508682409,0.718808168423,
    0.750007577283,0.781306905199,0.812506156467,0.84380532629,
    0.875004419974,0.90630343171,0.937502367814,0.968801221469,1.),
  .UNSPECIFIED.);
#4609 = CARTESIAN_POINT('',(1.0000006,0.685502892576));
#4610 = CARTESIAN_POINT('',(0.992175600511,0.685503371852));
#4611 = CARTESIAN_POINT('',(0.984350594421,0.685503851126));
#4612 = CARTESIAN_POINT('',(0.976525581731,0.685504330399));
#4613 = CARTESIAN_POINT('',(0.960900562917,0.685505287409));
#4614 = CARTESIAN_POINT('',(0.953100556837,0.685505765146));
#4615 = CARTESIAN_POINT('',(0.945300544197,0.685506242882));
#4616 = CARTESIAN_POINT('',(0.92967552551,0.68550719988));
#4617 = CARTESIAN_POINT('',(0.921850519421,0.685507679143));
#4618 = CARTESIAN_POINT('',(0.91402550673,0.685508158404));
#4619 = CARTESIAN_POINT('',(0.898400487917,0.68550911539));
#4620 = CARTESIAN_POINT('',(0.890600481836,0.685509593116));
#4621 = CARTESIAN_POINT('',(0.882800469197,0.68551007084));
#4622 = CARTESIAN_POINT('',(0.86717545051,0.685511027815));
#4623 = CARTESIAN_POINT('',(0.85935044442,0.685511507066));
#4624 = CARTESIAN_POINT('',(0.85152543173,0.685511986315));
#4625 = CARTESIAN_POINT('',(0.835900412917,0.685512943279));
#4626 = CARTESIAN_POINT('',(0.828100406836,0.685513420993));
#4627 = CARTESIAN_POINT('',(0.820300394197,0.685513898705));
#4628 = CARTESIAN_POINT('',(0.80467537551,0.685514855657));
#4629 = CARTESIAN_POINT('',(0.79685036942,0.685515334896));
#4630 = CARTESIAN_POINT('',(0.78902535673,0.685515814134));
#4631 = CARTESIAN_POINT('',(0.773400337917,0.685516771074));
#4632 = CARTESIAN_POINT('',(0.765600331835,0.685517248776));
#4633 = CARTESIAN_POINT('',(0.757800319197,0.685517726477));
#4634 = CARTESIAN_POINT('',(0.74217530051,0.685518683406));
#4635 = CARTESIAN_POINT('',(0.734350294419,0.685519162633));
#4636 = CARTESIAN_POINT('',(0.72652528173,0.685519641859));
#4637 = CARTESIAN_POINT('',(0.710900262916,0.685520598776));
#4638 = CARTESIAN_POINT('',(0.703100256835,0.685521076467));
#4639 = CARTESIAN_POINT('',(0.695300244196,0.685521554156));
#4640 = CARTESIAN_POINT('',(0.679675225509,0.685522511061));
#4641 = CARTESIAN_POINT('',(0.671850219419,0.685522990277));
#4642 = CARTESIAN_POINT('',(0.664025206729,0.685523469492));
#4643 = CARTESIAN_POINT('',(0.648400187916,0.685524426385));
#4644 = CARTESIAN_POINT('',(0.640600181835,0.685524904064));
#4645 = CARTESIAN_POINT('',(0.632800169196,0.685525381742));
#4646 = CARTESIAN_POINT('',(0.617175150509,0.685526338624));
#4647 = CARTESIAN_POINT('',(0.609350144419,0.685526817828));
#4648 = CARTESIAN_POINT('',(0.601525131729,0.685527297031));
#4649 = CARTESIAN_POINT('',(0.585900112916,0.685528253901));
#4650 = CARTESIAN_POINT('',(0.578100106834,0.685528731568));
#4651 = CARTESIAN_POINT('',(0.570300094196,0.685529209234));
#4652 = CARTESIAN_POINT('',(0.554675075509,0.685530166093));
#4653 = CARTESIAN_POINT('',(0.546850069418,0.685530645285));
#4654 = CARTESIAN_POINT('',(0.539025056729,0.685531124477));
#4655 = CARTESIAN_POINT('',(0.523400037915,0.685532081323));
#4656 = CARTESIAN_POINT('',(0.515600031834,0.685532558979));
#4657 = CARTESIAN_POINT('',(0.507800019195,0.685533036634));
#4658 = CARTESIAN_POINT('',(0.492175000508,0.685533993469));
#4659 = CARTESIAN_POINT('',(0.484349994418,0.68553447265));
#4660 = CARTESIAN_POINT('',(0.476524981728,0.685534951829));
#4661 = CARTESIAN_POINT('',(0.460899962915,0.685535908653));
#4662 = CARTESIAN_POINT('',(0.453099956833,0.685536386297));
#4663 = CARTESIAN_POINT('',(0.445299944195,0.68553686394));
#4664 = CARTESIAN_POINT('',(0.429674925508,0.685537820752));
#4665 = CARTESIAN_POINT('',(0.421849919417,0.685538299921));
#4666 = CARTESIAN_POINT('',(0.414024906728,0.685538779089));
#4667 = CARTESIAN_POINT('',(0.398399887915,0.685539735889));
#4668 = CARTESIAN_POINT('',(0.390599881833,0.685540213522));
#4669 = CARTESIAN_POINT('',(0.382799869195,0.685540691153));
#4670 = CARTESIAN_POINT('',(0.367174850508,0.685541647941));
#4671 = CARTESIAN_POINT('',(0.359349844417,0.685542127099));
#4672 = CARTESIAN_POINT('',(0.351524831728,0.685542606255));
#4673 = CARTESIAN_POINT('',(0.335899812914,0.685543563032));
#4674 = CARTESIAN_POINT('',(0.328099806832,0.685544040653));
#4675 = CARTESIAN_POINT('',(0.320299794194,0.685544518273));
#4676 = CARTESIAN_POINT('',(0.304674775507,0.685545475038));
#4677 = CARTESIAN_POINT('',(0.296849769416,0.685545954184));
#4678 = CARTESIAN_POINT('',(0.289024756727,0.685546433328));
#4679 = CARTESIAN_POINT('',(0.273399737914,0.685547390082));
#4680 = CARTESIAN_POINT('',(0.265599731832,0.685547867692));
#4681 = CARTESIAN_POINT('',(0.257799719194,0.685548345299));
#4682 = CARTESIAN_POINT('',(0.242174700507,0.685549302041));
#4683 = CARTESIAN_POINT('',(0.234349694416,0.685549781176));
#4684 = CARTESIAN_POINT('',(0.226524681727,0.685550260309));
#4685 = CARTESIAN_POINT('',(0.210899662914,0.685551217039));
#4686 = CARTESIAN_POINT('',(0.203099656832,0.685551694637));
#4687 = CARTESIAN_POINT('',(0.195299644194,0.685552172233));
#4688 = CARTESIAN_POINT('',(0.179674625507,0.685553128952));
#4689 = CARTESIAN_POINT('',(0.171849619416,0.685553608074));
#4690 = CARTESIAN_POINT('',(0.164024606727,0.685554087195));
#4691 = CARTESIAN_POINT('',(0.148399587913,0.685555043903));
#4692 = CARTESIAN_POINT('',(0.140599581831,0.685555521489));
#4693 = CARTESIAN_POINT('',(0.132799569193,0.685555999073));
#4694 = CARTESIAN_POINT('',(0.117174550506,0.685556955769));
#4695 = CARTESIAN_POINT('',(0.109349544415,0.68555743488));
#4696 = CARTESIAN_POINT('',(0.101524531726,0.685557913989));
#4697 = CARTESIAN_POINT('',(8.589951291313E-02,0.685558870673));
#4698 = CARTESIAN_POINT('',(7.809950683082E-02,0.685559348248));
#4699 = CARTESIAN_POINT('',(7.02994941931E-02,0.685559825821));
#4700 = CARTESIAN_POINT('',(5.467447550611E-02,0.685560782493));
#4701 = CARTESIAN_POINT('',(4.684946941479E-02,0.685561261592));
#4702 = CARTESIAN_POINT('',(3.902445672608E-02,0.68556174069));
#4703 = CARTESIAN_POINT('',(2.339943791282E-02,0.68556269735));
#4704 = CARTESIAN_POINT('',(1.55994318304E-02,0.685563174913));
#4705 = CARTESIAN_POINT('',(7.799419192783E-03,0.685563652475));
#4706 = CARTESIAN_POINT('',(-6.E-07,0.685564130034));
#4707 = ( GEOMETRIC_REPRESENTATION_CONTEXT(2) 
PARAMETRIC_REPRESENTATION_CONTEXT() REPRESENTATION_CONTEXT('2D SPACE',''
  ) );
#4708 = ORIENTED_EDGE('',*,*,#3261,.T.);
#4709 = ORIENTED_EDGE('',*,*,#4306,.T.);
#4710 = ORIENTED_EDGE('',*,*,#4711,.T.);
#4711 = EDGE_CURVE('',#4283,#4712,#4714,.T.);
#4712 = VERTEX_POINT('',#4713);
#4713 = CARTESIAN_POINT('',(9.,45.05833107953,-21.40384162564));
#4714 = SURFACE_CURVE('',#4715,(#4718,#4724),.PCURVE_S1.);
#4715 = B_SPLINE_CURVE_WITH_KNOTS('',1,(#4716,#4717),.UNSPECIFIED.,.F.,
  .F.,(2,2),(0.,1.),.PIECEWISE_BEZIER_KNOTS.);
#4716 = CARTESIAN_POINT('',(-25.71653511086,45.05833107953,
    -21.40384162564));
#4717 = CARTESIAN_POINT('',(10.158219851708,45.05833107953,
    -21.40384162564));
#4718 = PCURVE('',#3317,#4719);
#4719 = DEFINITIONAL_REPRESENTATION('',(#4720),#4723);
#4720 = B_SPLINE_CURVE_WITH_KNOTS('',1,(#4721,#4722),.UNSPECIFIED.,.F.,
  .F.,(2,2),(0.,1.),.PIECEWISE_BEZIER_KNOTS.);
#4721 = CARTESIAN_POINT('',(38.165190540145,43.283464889132));
#4722 = CARTESIAN_POINT('',(38.165190540145,79.158219851708));
#4723 = ( GEOMETRIC_REPRESENTATION_CONTEXT(2) 
PARAMETRIC_REPRESENTATION_CONTEXT() REPRESENTATION_CONTEXT('2D SPACE',''
  ) );
#4724 = PCURVE('',#3732,#4725);
#4725 = DEFINITIONAL_REPRESENTATION('',(#4726),#4729);
#4726 = B_SPLINE_CURVE_WITH_KNOTS('',1,(#4727,#4728),.UNSPECIFIED.,.F.,
  .F.,(2,2),(0.,1.),.PIECEWISE_BEZIER_KNOTS.);
#4727 = CARTESIAN_POINT('',(-21.99888756355,0.857269186048));
#4728 = CARTESIAN_POINT('',(-57.87364252613,0.857269186048));
#4729 = ( GEOMETRIC_REPRESENTATION_CONTEXT(2) 
PARAMETRIC_REPRESENTATION_CONTEXT() REPRESENTATION_CONTEXT('2D SPACE',''
  ) );
#4730 = ORIENTED_EDGE('',*,*,#4731,.T.);
#4731 = EDGE_CURVE('',#4712,#4732,#4734,.T.);
#4732 = VERTEX_POINT('',#4733);
#4733 = CARTESIAN_POINT('',(9.,45.10108553739,-21.56340343463));
#4734 = SURFACE_CURVE('',#4735,(#4739,#4746),.PCURVE_S1.);
#4735 = LINE('',#4736,#4737);
#4736 = CARTESIAN_POINT('',(9.,52.606837845364,-49.57525239701));
#4737 = VECTOR('',#4738,1.);
#4738 = DIRECTION('',(0.,0.258819045103,-0.965925826289));
#4739 = PCURVE('',#3317,#4740);
#4740 = DEFINITIONAL_REPRESENTATION('',(#4741),#4745);
#4741 = LINE('',#4742,#4743);
#4742 = CARTESIAN_POINT('',(9.,78.));
#4743 = VECTOR('',#4744,1.);
#4744 = DIRECTION('',(-1.,0.));
#4745 = ( GEOMETRIC_REPRESENTATION_CONTEXT(2) 
PARAMETRIC_REPRESENTATION_CONTEXT() REPRESENTATION_CONTEXT('2D SPACE',''
  ) );
#4746 = PCURVE('',#4747,#4752);
#4747 = PLANE('',#4748);
#4748 = AXIS2_PLACEMENT_3D('',#4749,#4750,#4751);
#4749 = CARTESIAN_POINT('',(9.,101.29063978067,-27.21298136028));
#4750 = DIRECTION('',(-1.,4.699548035996E-16,1.259240101036E-16));
#4751 = DIRECTION('',(-4.86533014036E-16,-0.965925826289,-0.258819045103
    ));
#4752 = DEFINITIONAL_REPRESENTATION('',(#4753),#4757);
#4753 = LINE('',#4754,#4755);
#4754 = CARTESIAN_POINT('',(52.812723247312,-9.));
#4755 = VECTOR('',#4756,1.);
#4756 = DIRECTION('',(0.,-1.));
#4757 = ( GEOMETRIC_REPRESENTATION_CONTEXT(2) 
PARAMETRIC_REPRESENTATION_CONTEXT() REPRESENTATION_CONTEXT('2D SPACE',''
  ) );
#4758 = ORIENTED_EDGE('',*,*,#4759,.T.);
#4759 = EDGE_CURVE('',#4732,#4760,#4762,.T.);
#4760 = VERTEX_POINT('',#4761);
#4761 = CARTESIAN_POINT('',(-27.00113390677,45.10108553739,
    -21.56340343463));
#4762 = SURFACE_CURVE('',#4763,(#4767,#4774),.PCURVE_S1.);
#4763 = LINE('',#4764,#4765);
#4764 = CARTESIAN_POINT('',(-49.,45.10108553739,-21.56340343463));
#4765 = VECTOR('',#4766,1.);
#4766 = DIRECTION('',(-1.,0.,0.));
#4767 = PCURVE('',#3317,#4768);
#4768 = DEFINITIONAL_REPRESENTATION('',(#4769),#4773);
#4769 = LINE('',#4770,#4771);
#4770 = CARTESIAN_POINT('',(38.,20.));
#4771 = VECTOR('',#4772,1.);
#4772 = DIRECTION('',(0.,-1.));
#4773 = ( GEOMETRIC_REPRESENTATION_CONTEXT(2) 
PARAMETRIC_REPRESENTATION_CONTEXT() REPRESENTATION_CONTEXT('2D SPACE',''
  ) );
#4774 = PCURVE('',#4194,#4775);
#4775 = DEFINITIONAL_REPRESENTATION('',(#4776),#4780);
#4776 = LINE('',#4777,#4778);
#4777 = CARTESIAN_POINT('',(-20.,12.5));
#4778 = VECTOR('',#4779,1.);
#4779 = DIRECTION('',(-1.,0.));
#4780 = ( GEOMETRIC_REPRESENTATION_CONTEXT(2) 
PARAMETRIC_REPRESENTATION_CONTEXT() REPRESENTATION_CONTEXT('2D SPACE',''
  ) );
#4781 = ORIENTED_EDGE('',*,*,#4782,.T.);
#4782 = EDGE_CURVE('',#4760,#4375,#4783,.T.);
#4783 = SURFACE_CURVE('',#4784,(#4788,#4795),.PCURVE_S1.);
#4784 = LINE('',#4785,#4786);
#4785 = CARTESIAN_POINT('',(-27.00113390677,52.606837845364,
    -49.57525239701));
#4786 = VECTOR('',#4787,1.);
#4787 = DIRECTION('',(0.,-0.258819045103,0.965925826289));
#4788 = PCURVE('',#3317,#4789);
#4789 = DEFINITIONAL_REPRESENTATION('',(#4790),#4794);
#4790 = LINE('',#4791,#4792);
#4791 = CARTESIAN_POINT('',(9.,41.998866093226));
#4792 = VECTOR('',#4793,1.);
#4793 = DIRECTION('',(1.,0.));
#4794 = ( GEOMETRIC_REPRESENTATION_CONTEXT(2) 
PARAMETRIC_REPRESENTATION_CONTEXT() REPRESENTATION_CONTEXT('2D SPACE',''
  ) );
#4795 = PCURVE('',#4796,#4801);
#4796 = PLANE('',#4797);
#4797 = AXIS2_PLACEMENT_3D('',#4798,#4799,#4800);
#4798 = CARTESIAN_POINT('',(-27.00140067914,38.27568175118,
    -44.09778847536));
#4799 = DIRECTION('',(0.99999999977,-2.073874948785E-05,
    -5.556931177301E-06));
#4800 = DIRECTION('',(2.147033335626E-05,0.965925826066,0.258819045043)
  );
#4801 = DEFINITIONAL_REPRESENTATION('',(#4802),#4806);
#4802 = LINE('',#4803,#4804);
#4803 = CARTESIAN_POINT('',(12.42516181303,-9.));
#4804 = VECTOR('',#4805,1.);
#4805 = DIRECTION('',(-2.775557561563E-17,1.));
#4806 = ( GEOMETRIC_REPRESENTATION_CONTEXT(2) 
PARAMETRIC_REPRESENTATION_CONTEXT() REPRESENTATION_CONTEXT('2D SPACE',''
  ) );
#4807 = ADVANCED_FACE('',(#4808),#3172,.F.);
#4808 = FACE_BOUND('',#4809,.F.);
#4809 = EDGE_LOOP('',(#4810,#4811,#4880));
#4810 = ORIENTED_EDGE('',*,*,#4403,.T.);
#4811 = ORIENTED_EDGE('',*,*,#4812,.T.);
#4812 = EDGE_CURVE('',#4373,#1707,#4813,.T.);
#4813 = SURFACE_CURVE('',#4814,(#4822,#4851),.PCURVE_S1.);
#4814 = B_SPLINE_CURVE_WITH_KNOTS('',3,(#4815,#4816,#4817,#4818,#4819,
    #4820,#4821),.UNSPECIFIED.,.F.,.F.,(4,3,4),(0.,0.525108708062,
    1.05260488549),.UNSPECIFIED.);
#4815 = CARTESIAN_POINT('',(-27.00118303825,37.196697021678,
    -0.905301985057));
#4816 = CARTESIAN_POINT('',(-27.78047530037,38.76389486469,
    -0.924351475746));
#4817 = CARTESIAN_POINT('',(-28.53365491969,40.344068910081,
    -0.943570247255));
#4818 = CARTESIAN_POINT('',(-29.26066776417,41.936200051751,
    -0.962940398666));
#4819 = CARTESIAN_POINT('',(-29.99098605924,43.535570007536,
    -0.982398618781));
#4820 = CARTESIAN_POINT('',(-30.69488843543,45.146982637177,
    -1.002010102558));
#4821 = CARTESIAN_POINT('',(-31.37231070796,46.769465091126,
    -1.02175618258));
#4822 = PCURVE('',#3172,#4823);
#4823 = DEFINITIONAL_REPRESENTATION('',(#4824),#4850);
#4824 = B_SPLINE_CURVE_WITH_KNOTS('',3,(#4825,#4826,#4827,#4828,#4829,
    #4830,#4831,#4832,#4833,#4834,#4835,#4836,#4837,#4838,#4839,#4840,
    #4841,#4842,#4843,#4844,#4845,#4846,#4847,#4848,#4849),
  .UNSPECIFIED.,.F.,.F.,(4,1,1,1,1,1,1,1,1,1,1,1,1,1,1,1,1,1,1,1,1,1,4),
  (0.,4.784567661319E-02,9.569135322638E-02,0.14353702984,0.191382706453
    ,0.239228383066,0.287074059679,0.334919736292,0.382765412906,
    0.430611089519,0.478456766132,0.526302442745,0.574148119358,
    0.621993795971,0.669839472585,0.717685149198,0.765530825811,
    0.813376502424,0.861222179037,0.909067855651,0.956913532264,
    1.004759208877,1.05260488549),.QUASI_UNIFORM_KNOTS.);
#4825 = CARTESIAN_POINT('',(0.,1.));
#4826 = CARTESIAN_POINT('',(5.895954149071E-03,0.981108985238));
#4827 = CARTESIAN_POINT('',(1.716494062301E-02,0.943298333182));
#4828 = CARTESIAN_POINT('',(3.266775016454E-02,0.886497135918));
#4829 = CARTESIAN_POINT('',(4.69489151041E-02,0.829611370254));
#4830 = CARTESIAN_POINT('',(6.014920508448E-02,0.772641678687));
#4831 = CARTESIAN_POINT('',(7.239101006858E-02,0.715588699721));
#4832 = CARTESIAN_POINT('',(8.37782439343E-02,0.658453067906));
#4833 = CARTESIAN_POINT('',(9.440049418482E-02,0.601235414509));
#4834 = CARTESIAN_POINT('',(0.104335191557,0.543936368841));
#4835 = CARTESIAN_POINT('',(0.113649662533,0.486556555488));
#4836 = CARTESIAN_POINT('',(0.122402707679,0.429096606668));
#4837 = CARTESIAN_POINT('',(0.130645919554,0.371557117659));
#4838 = CARTESIAN_POINT('',(0.138424731368,0.313938814719));
#4839 = CARTESIAN_POINT('',(0.145779335798,0.256242370955));
#4840 = CARTESIAN_POINT('',(0.152745422855,0.198468346844));
#4841 = CARTESIAN_POINT('',(0.159354777817,0.140617331932));
#4842 = CARTESIAN_POINT('',(0.165635804893,8.268990702056E-02));
#4843 = CARTESIAN_POINT('',(0.171613964871,2.468665441909E-02));
#4844 = CARTESIAN_POINT('',(0.177312143789,-3.33918446954E-02));
#4845 = CARTESIAN_POINT('',(0.182750982521,-9.154500947807E-02));
#4846 = CARTESIAN_POINT('',(0.187949099865,-0.149772259563));
#4847 = CARTESIAN_POINT('',(0.192923504831,-0.208073014923));
#4848 = CARTESIAN_POINT('',(0.196100587025,-0.246988802296));
#4849 = CARTESIAN_POINT('',(0.197656918592,-0.266458753648));
#4850 = ( GEOMETRIC_REPRESENTATION_CONTEXT(2) 
PARAMETRIC_REPRESENTATION_CONTEXT() REPRESENTATION_CONTEXT('2D SPACE',''
  ) );
#4851 = PCURVE('',#3415,#4852);
#4852 = DEFINITIONAL_REPRESENTATION('',(#4853),#4879);
#4853 = B_SPLINE_CURVE_WITH_KNOTS('',3,(#4854,#4855,#4856,#4857,#4858,
    #4859,#4860,#4861,#4862,#4863,#4864,#4865,#4866,#4867,#4868,#4869,
    #4870,#4871,#4872,#4873,#4874,#4875,#4876,#4877,#4878),
  .UNSPECIFIED.,.F.,.F.,(4,1,1,1,1,1,1,1,1,1,1,1,1,1,1,1,1,1,1,1,1,1,4),
  (0.,4.784567661319E-02,9.569135322638E-02,0.14353702984,0.191382706453
    ,0.239228383066,0.287074059679,0.334919736292,0.382765412906,
    0.430611089519,0.478456766132,0.526302442745,0.574148119358,
    0.621993795971,0.669839472585,0.717685149198,0.765530825811,
    0.813376502424,0.861222179037,0.909067855651,0.956913532264,
    1.004759208877,1.05260488549),.QUASI_UNIFORM_KNOTS.);
#4854 = CARTESIAN_POINT('',(1.,15.799097997693));
#4855 = CARTESIAN_POINT('',(0.984784438502,15.806389346891));
#4856 = CARTESIAN_POINT('',(0.954359398914,15.820983061396));
#4857 = CARTESIAN_POINT('',(0.908739976766,15.84290644314));
#4858 = CARTESIAN_POINT('',(0.863138578428,15.864862396533));
#4859 = CARTESIAN_POINT('',(0.81755509199,15.886850683235));
#4860 = CARTESIAN_POINT('',(0.771989406539,15.908871064912));
#4861 = CARTESIAN_POINT('',(0.72644141236,15.930923303211));
#4862 = CARTESIAN_POINT('',(0.680911000724,15.953007159846));
#4863 = CARTESIAN_POINT('',(0.635398064606,15.975122396283));
#4864 = CARTESIAN_POINT('',(0.589902496104,15.997268774914));
#4865 = CARTESIAN_POINT('',(0.544424196105,16.019446054678));
#4866 = CARTESIAN_POINT('',(0.498963038283,16.041654007393));
#4867 = CARTESIAN_POINT('',(0.45351900374,16.063892356716));
#4868 = CARTESIAN_POINT('',(0.408092041439,16.086160845538));
#4869 = CARTESIAN_POINT('',(0.362682011687,16.10845925739));
#4870 = CARTESIAN_POINT('',(0.317288799841,16.130787364912));
#4871 = CARTESIAN_POINT('',(0.271912285853,16.153144943664));
#4872 = CARTESIAN_POINT('',(0.226552352448,16.175531768423));
#4873 = CARTESIAN_POINT('',(0.181208882951,16.197947614177));
#4874 = CARTESIAN_POINT('',(0.135881761875,16.220392255855));
#4875 = CARTESIAN_POINT('',(9.057087481262E-02,16.242865468403));
#4876 = CARTESIAN_POINT('',(4.527610835227E-02,16.265367026764));
#4877 = CARTESIAN_POINT('',(1.509026985245E-02,16.280386812841));
#4878 = CARTESIAN_POINT('',(0.,16.287901355162));
#4879 = ( GEOMETRIC_REPRESENTATION_CONTEXT(2) 
PARAMETRIC_REPRESENTATION_CONTEXT() REPRESENTATION_CONTEXT('2D SPACE',''
  ) );
#4880 = ORIENTED_EDGE('',*,*,#3134,.F.);
#4881 = ADVANCED_FACE('',(#4882),#3612,.T.);
#4882 = FACE_BOUND('',#4883,.T.);
#4883 = EDGE_LOOP('',(#4884,#4885,#4931,#4959,#4992,#5020,#5048,#5076,
    #5098));
#4884 = ORIENTED_EDGE('',*,*,#4130,.F.);
#4885 = ORIENTED_EDGE('',*,*,#4886,.F.);
#4886 = EDGE_CURVE('',#4887,#4131,#4889,.T.);
#4887 = VERTEX_POINT('',#4888);
#4888 = CARTESIAN_POINT('',(10.00145552413,54.965590548205,
    -18.92021728325));
#4889 = SURFACE_CURVE('',#4890,(#4895,#4924),.PCURVE_S1.);
#4890 = ELLIPSE('',#4891,4.141101242502,4.);
#4891 = AXIS2_PLACEMENT_3D('',#4892,#4893,#4894);
#4892 = CARTESIAN_POINT('',(10.00145552413,58.965587187616,
    -17.84842141399));
#4893 = DIRECTION('',(-4.930380657631E-32,-0.258819045103,0.965925826289
    ));
#4894 = DIRECTION('',(-1.072393993395E-15,-0.965925826289,
    -0.258819045103));
#4895 = PCURVE('',#3612,#4896);
#4896 = DEFINITIONAL_REPRESENTATION('',(#4897),#4923);
#4897 = B_SPLINE_CURVE_WITH_KNOTS('',3,(#4898,#4899,#4900,#4901,#4902,
    #4903,#4904,#4905,#4906,#4907,#4908,#4909,#4910,#4911,#4912,#4913,
    #4914,#4915,#4916,#4917,#4918,#4919,#4920,#4921,#4922),
  .UNSPECIFIED.,.F.,.F.,(4,1,1,1,1,1,1,1,1,1,1,1,1,1,1,1,1,1,1,1,1,1,4),
  (0.,4.562079970531E-02,9.124159941061E-02,0.136862399116,
    0.182483198821,0.228103998527,0.273724798232,0.319345597937,
    0.364966397642,0.410587197348,0.456207997053,0.501828796758,
    0.547449596464,0.593070396169,0.638691195874,0.68431199558,
    0.729932795285,0.77555359499,0.821174394696,0.866795194401,
    0.912415994106,0.958036793811,1.003657593517),
  .QUASI_UNIFORM_KNOTS.);
#4898 = CARTESIAN_POINT('',(6.28318530718,20.627165470888));
#4899 = CARTESIAN_POINT('',(6.267978373944,20.627165084678));
#4900 = CARTESIAN_POINT('',(6.237564507474,20.627909331413));
#4901 = CARTESIAN_POINT('',(6.191943707769,20.631253348638));
#4902 = CARTESIAN_POINT('',(6.146322908064,20.636819417567));
#4903 = CARTESIAN_POINT('',(6.100702108358,20.644595590536));
#4904 = CARTESIAN_POINT('',(6.055081308653,20.654565784005));
#4905 = CARTESIAN_POINT('',(6.009460508948,20.666709224809));
#4906 = CARTESIAN_POINT('',(5.963839709242,20.681000650731));
#4907 = CARTESIAN_POINT('',(5.918218909537,20.697410320914));
#4908 = CARTESIAN_POINT('',(5.872598109832,20.715904089036));
#4909 = CARTESIAN_POINT('',(5.826977310127,20.736443471347));
#4910 = CARTESIAN_POINT('',(5.781356510421,20.758985727555));
#4911 = CARTESIAN_POINT('',(5.735735710716,20.783483949551));
#4912 = CARTESIAN_POINT('',(5.690114911011,20.809887159079));
#4913 = CARTESIAN_POINT('',(5.644494111305,20.838140413774));
#4914 = CARTESIAN_POINT('',(5.5988733116,20.868184921617));
#4915 = CARTESIAN_POINT('',(5.553252511895,20.899958162806));
#4916 = CARTESIAN_POINT('',(5.507631712189,20.933394021617));
#4917 = CARTESIAN_POINT('',(5.462010912484,20.968422917384));
#4918 = CARTESIAN_POINT('',(5.416390112779,21.004971973927));
#4919 = CARTESIAN_POINT('',(5.370769313073,21.04296507926));
#4920 = CARTESIAN_POINT('',(5.325148513368,21.082323387082));
#4921 = CARTESIAN_POINT('',(5.294734646898,21.109417262596));
#4922 = CARTESIAN_POINT('',(5.279527713663,21.12316435179));
#4923 = ( GEOMETRIC_REPRESENTATION_CONTEXT(2) 
PARAMETRIC_REPRESENTATION_CONTEXT() REPRESENTATION_CONTEXT('2D SPACE',''
  ) );
#4924 = PCURVE('',#4194,#4925);
#4925 = DEFINITIONAL_REPRESENTATION('',(#4926),#4930);
#4926 = ELLIPSE('',#4927,4.141101242502,4.);
#4927 = AXIS2_PLACEMENT_2D('',#4928,#4929);
#4928 = CARTESIAN_POINT('',(39.00145552413,26.853588311735));
#4929 = DIRECTION('',(-1.072393993395E-15,-1.));
#4930 = ( GEOMETRIC_REPRESENTATION_CONTEXT(2) 
PARAMETRIC_REPRESENTATION_CONTEXT() REPRESENTATION_CONTEXT('2D SPACE',''
  ) );
#4931 = ORIENTED_EDGE('',*,*,#4932,.T.);
#4932 = EDGE_CURVE('',#4887,#4933,#4935,.T.);
#4933 = VERTEX_POINT('',#4934);
#4934 = CARTESIAN_POINT('',(10.00145552413,55.652004084939,
    -20.1091290129));
#4935 = SURFACE_CURVE('',#4936,(#4940,#4947),.PCURVE_S1.);
#4936 = LINE('',#4937,#4938);
#4937 = CARTESIAN_POINT('',(10.00145552413,44.65206382417,
    -1.056535639311));
#4938 = VECTOR('',#4939,1.);
#4939 = DIRECTION('',(0.,0.49999728458,-0.866026971527));
#4940 = PCURVE('',#3612,#4941);
#4941 = DEFINITIONAL_REPRESENTATION('',(#4942),#4946);
#4942 = LINE('',#4943,#4944);
#4943 = CARTESIAN_POINT('',(6.28318530718,1.42108547152E-14));
#4944 = VECTOR('',#4945,1.);
#4945 = DIRECTION('',(0.,1.));
#4946 = ( GEOMETRIC_REPRESENTATION_CONTEXT(2) 
PARAMETRIC_REPRESENTATION_CONTEXT() REPRESENTATION_CONTEXT('2D SPACE',''
  ) );
#4947 = PCURVE('',#4948,#4953);
#4948 = PLANE('',#4949);
#4949 = AXIS2_PLACEMENT_3D('',#4950,#4951,#4952);
#4950 = CARTESIAN_POINT('',(10.00145552413,44.65206382417,
    -1.056535639311));
#4951 = DIRECTION('',(2.33731163079E-16,-0.866026971527,-0.49999728458)
  );
#4952 = DIRECTION('',(-1.,-2.024174913128E-16,-1.168649468613E-16));
#4953 = DEFINITIONAL_REPRESENTATION('',(#4954),#4958);
#4954 = LINE('',#4955,#4956);
#4955 = CARTESIAN_POINT('',(-0.,0.));
#4956 = VECTOR('',#4957,1.);
#4957 = DIRECTION('',(2.588449845256E-31,1.));
#4958 = ( GEOMETRIC_REPRESENTATION_CONTEXT(2) 
PARAMETRIC_REPRESENTATION_CONTEXT() REPRESENTATION_CONTEXT('2D SPACE',''
  ) );
#4959 = ORIENTED_EDGE('',*,*,#4960,.F.);
#4960 = EDGE_CURVE('',#4961,#4933,#4963,.T.);
#4961 = VERTEX_POINT('',#4962);
#4962 = CARTESIAN_POINT('',(14.00145552413,59.116111971047,
    -18.10913987458));
#4963 = SURFACE_CURVE('',#4964,(#4969,#4976),.PCURVE_S1.);
#4964 = CIRCLE('',#4965,4.);
#4965 = AXIS2_PLACEMENT_3D('',#4966,#4967,#4968);
#4966 = CARTESIAN_POINT('',(10.00145552413,59.116111971047,
    -18.10913987458));
#4967 = DIRECTION('',(0.,0.49999728458,-0.866026971527));
#4968 = DIRECTION('',(-1.110223024625E-15,-0.866026971527,-0.49999728458
    ));
#4969 = PCURVE('',#3612,#4970);
#4970 = DEFINITIONAL_REPRESENTATION('',(#4971),#4975);
#4971 = LINE('',#4972,#4973);
#4972 = CARTESIAN_POINT('',(-7.993605777301E-15,22.));
#4973 = VECTOR('',#4974,1.);
#4974 = DIRECTION('',(1.,0.));
#4975 = ( GEOMETRIC_REPRESENTATION_CONTEXT(2) 
PARAMETRIC_REPRESENTATION_CONTEXT() REPRESENTATION_CONTEXT('2D SPACE',''
  ) );
#4976 = PCURVE('',#4977,#4982);
#4977 = PLANE('',#4978);
#4978 = AXIS2_PLACEMENT_3D('',#4979,#4980,#4981);
#4979 = CARTESIAN_POINT('',(-8.99854447587,75.57062443006,
    -8.609191467556));
#4980 = DIRECTION('',(0.,-0.49999728458,0.866026971527));
#4981 = DIRECTION('',(1.,0.,0.));
#4982 = DEFINITIONAL_REPRESENTATION('',(#4983),#4991);
#4983 = ( BOUNDED_CURVE() B_SPLINE_CURVE(2,(#4984,#4985,#4986,#4987,
#4988,#4989,#4990),.UNSPECIFIED.,.T.,.F.) B_SPLINE_CURVE_WITH_KNOTS((1,2
    ,2,2,2,1),(-2.094395102393,0.,2.094395102393,4.188790204786,
6.28318530718,8.377580409573),.UNSPECIFIED.) CURVE() 
GEOMETRIC_REPRESENTATION_ITEM() RATIONAL_B_SPLINE_CURVE((1.,0.5,1.,0.5,
1.,0.5,1.)) REPRESENTATION_ITEM('') );
#4984 = CARTESIAN_POINT('',(19.,-23.));
#4985 = CARTESIAN_POINT('',(12.071796769724,-23.));
#4986 = CARTESIAN_POINT('',(15.535898384862,-17.));
#4987 = CARTESIAN_POINT('',(19.,-11.));
#4988 = CARTESIAN_POINT('',(22.464101615138,-17.));
#4989 = CARTESIAN_POINT('',(25.928203230276,-23.));
#4990 = CARTESIAN_POINT('',(19.,-23.));
#4991 = ( GEOMETRIC_REPRESENTATION_CONTEXT(2) 
PARAMETRIC_REPRESENTATION_CONTEXT() REPRESENTATION_CONTEXT('2D SPACE',''
  ) );
#4992 = ORIENTED_EDGE('',*,*,#4993,.F.);
#4993 = EDGE_CURVE('',#4994,#4961,#4996,.T.);
#4994 = VERTEX_POINT('',#4995);
#4995 = CARTESIAN_POINT('',(14.00145552413,55.616130978984,
    -12.04695107389));
#4996 = SURFACE_CURVE('',#4997,(#5001,#5008),.PCURVE_S1.);
#4997 = LINE('',#4998,#4999);
#4998 = CARTESIAN_POINT('',(14.00145552413,48.116171710278,0.94345349901
    ));
#4999 = VECTOR('',#5000,1.);
#5000 = DIRECTION('',(0.,0.49999728458,-0.866026971527));
#5001 = PCURVE('',#3612,#5002);
#5002 = DEFINITIONAL_REPRESENTATION('',(#5003),#5007);
#5003 = LINE('',#5004,#5005);
#5004 = CARTESIAN_POINT('',(4.712388980385,5.329070518201E-15));
#5005 = VECTOR('',#5006,1.);
#5006 = DIRECTION('',(2.537652627715E-16,1.));
#5007 = ( GEOMETRIC_REPRESENTATION_CONTEXT(2) 
PARAMETRIC_REPRESENTATION_CONTEXT() REPRESENTATION_CONTEXT('2D SPACE',''
  ) );
#5008 = PCURVE('',#5009,#5014);
#5009 = PLANE('',#5010);
#5010 = AXIS2_PLACEMENT_3D('',#5011,#5012,#5013);
#5011 = CARTESIAN_POINT('',(14.00145552413,81.025196628304,
    19.943350313066));
#5012 = DIRECTION('',(1.,-1.012087456564E-16,-5.843247343066E-17));
#5013 = DIRECTION('',(-1.168655815395E-16,-0.866026971527,-0.49999728458
    ));
#5014 = DEFINITIONAL_REPRESENTATION('',(#5015),#5019);
#5015 = LINE('',#5016,#5017);
#5016 = CARTESIAN_POINT('',(38.,1.06581410364E-14));
#5017 = VECTOR('',#5018,1.);
#5018 = DIRECTION('',(0.,1.));
#5019 = ( GEOMETRIC_REPRESENTATION_CONTEXT(2) 
PARAMETRIC_REPRESENTATION_CONTEXT() REPRESENTATION_CONTEXT('2D SPACE',''
  ) );
#5020 = ORIENTED_EDGE('',*,*,#5021,.F.);
#5021 = EDGE_CURVE('',#5022,#4994,#5024,.T.);
#5022 = VERTEX_POINT('',#5023);
#5023 = CARTESIAN_POINT('',(14.00145552413,49.116166279439,
    -0.788600444044));
#5024 = SURFACE_CURVE('',#5025,(#5029,#5036),.PCURVE_S1.);
#5025 = LINE('',#5026,#5027);
#5026 = CARTESIAN_POINT('',(14.00145552413,48.116171710278,0.94345349901
    ));
#5027 = VECTOR('',#5028,1.);
#5028 = DIRECTION('',(0.,0.49999728458,-0.866026971527));
#5029 = PCURVE('',#3612,#5030);
#5030 = DEFINITIONAL_REPRESENTATION('',(#5031),#5035);
#5031 = LINE('',#5032,#5033);
#5032 = CARTESIAN_POINT('',(4.712388980385,-1.33226762955E-15));
#5033 = VECTOR('',#5034,1.);
#5034 = DIRECTION('',(1.366428338E-16,1.));
#5035 = ( GEOMETRIC_REPRESENTATION_CONTEXT(2) 
PARAMETRIC_REPRESENTATION_CONTEXT() REPRESENTATION_CONTEXT('2D SPACE',''
  ) );
#5036 = PCURVE('',#5037,#5042);
#5037 = PLANE('',#5038);
#5038 = AXIS2_PLACEMENT_3D('',#5039,#5040,#5041);
#5039 = CARTESIAN_POINT('',(14.00145552413,55.616130978984,
    -12.04695107389));
#5040 = DIRECTION('',(0.,-0.866026971527,-0.49999728458));
#5041 = DIRECTION('',(0.,-0.49999728458,0.866026971527));
#5042 = DEFINITIONAL_REPRESENTATION('',(#5043),#5047);
#5043 = LINE('',#5044,#5045);
#5044 = CARTESIAN_POINT('',(15.,0.));
#5045 = VECTOR('',#5046,1.);
#5046 = DIRECTION('',(-1.,-0.));
#5047 = ( GEOMETRIC_REPRESENTATION_CONTEXT(2) 
PARAMETRIC_REPRESENTATION_CONTEXT() REPRESENTATION_CONTEXT('2D SPACE',''
  ) );
#5048 = ORIENTED_EDGE('',*,*,#5049,.F.);
#5049 = EDGE_CURVE('',#5050,#5022,#5052,.T.);
#5050 = VERTEX_POINT('',#5051);
#5051 = CARTESIAN_POINT('',(14.00145552413,48.116171710278,0.94345349901
    ));
#5052 = SURFACE_CURVE('',#5053,(#5057,#5064),.PCURVE_S1.);
#5053 = LINE('',#5054,#5055);
#5054 = CARTESIAN_POINT('',(14.00145552413,48.116171710278,0.94345349901
    ));
#5055 = VECTOR('',#5056,1.);
#5056 = DIRECTION('',(0.,0.49999728458,-0.866026971527));
#5057 = PCURVE('',#3612,#5058);
#5058 = DEFINITIONAL_REPRESENTATION('',(#5059),#5063);
#5059 = LINE('',#5060,#5061);
#5060 = CARTESIAN_POINT('',(4.712388980385,0.));
#5061 = VECTOR('',#5062,1.);
#5062 = DIRECTION('',(8.881784197001E-16,1.));
#5063 = ( GEOMETRIC_REPRESENTATION_CONTEXT(2) 
PARAMETRIC_REPRESENTATION_CONTEXT() REPRESENTATION_CONTEXT('2D SPACE',''
  ) );
#5064 = PCURVE('',#5065,#5070);
#5065 = PLANE('',#5066);
#5066 = AXIS2_PLACEMENT_3D('',#5067,#5068,#5069);
#5067 = CARTESIAN_POINT('',(14.00145552413,81.025196628304,
    19.943350313066));
#5068 = DIRECTION('',(1.,-1.012087456564E-16,-5.843247343066E-17));
#5069 = DIRECTION('',(-1.168655815395E-16,-0.866026971527,-0.49999728458
    ));
#5070 = DEFINITIONAL_REPRESENTATION('',(#5071),#5075);
#5071 = LINE('',#5072,#5073);
#5072 = CARTESIAN_POINT('',(38.,1.06581410364E-14));
#5073 = VECTOR('',#5074,1.);
#5074 = DIRECTION('',(0.,1.));
#5075 = ( GEOMETRIC_REPRESENTATION_CONTEXT(2) 
PARAMETRIC_REPRESENTATION_CONTEXT() REPRESENTATION_CONTEXT('2D SPACE',''
  ) );
#5076 = ORIENTED_EDGE('',*,*,#5077,.F.);
#5077 = EDGE_CURVE('',#3539,#5050,#5078,.T.);
#5078 = SURFACE_CURVE('',#5079,(#5084,#5091),.PCURVE_S1.);
#5079 = CIRCLE('',#5080,4.);
#5080 = AXIS2_PLACEMENT_3D('',#5081,#5082,#5083);
#5081 = CARTESIAN_POINT('',(10.00145552413,48.116171710278,0.94345349901
    ));
#5082 = DIRECTION('',(0.,-0.49999728458,0.866026971527));
#5083 = DIRECTION('',(-1.110223024625E-15,-0.866026971527,-0.49999728458
    ));
#5084 = PCURVE('',#3612,#5085);
#5085 = DEFINITIONAL_REPRESENTATION('',(#5086),#5090);
#5086 = LINE('',#5087,#5088);
#5087 = CARTESIAN_POINT('',(6.28318530718,-6.307329805296E-15));
#5088 = VECTOR('',#5089,1.);
#5089 = DIRECTION('',(-1.,4.015370864895E-15));
#5090 = ( GEOMETRIC_REPRESENTATION_CONTEXT(2) 
PARAMETRIC_REPRESENTATION_CONTEXT() REPRESENTATION_CONTEXT('2D SPACE',''
  ) );
#5091 = PCURVE('',#3554,#5092);
#5092 = DEFINITIONAL_REPRESENTATION('',(#5093),#5097);
#5093 = CIRCLE('',#5094,4.);
#5094 = AXIS2_PLACEMENT_2D('',#5095,#5096);
#5095 = CARTESIAN_POINT('',(19.,-19.));
#5096 = DIRECTION('',(-1.110223024625E-15,-1.));
#5097 = ( GEOMETRIC_REPRESENTATION_CONTEXT(2) 
PARAMETRIC_REPRESENTATION_CONTEXT() REPRESENTATION_CONTEXT('2D SPACE',''
  ) );
#5098 = ORIENTED_EDGE('',*,*,#3567,.F.);
#5099 = ADVANCED_FACE('',(#5100,#5263),#3554,.T.);
#5100 = FACE_BOUND('',#5101,.T.);
#5101 = EDGE_LOOP('',(#5102,#5126,#5127,#5128,#5151,#5180,#5208,#5237));
#5102 = ORIENTED_EDGE('',*,*,#5103,.T.);
#5103 = EDGE_CURVE('',#5104,#3462,#5106,.T.);
#5104 = VERTEX_POINT('',#5105);
#5105 = CARTESIAN_POINT('',(-31.99854447587,48.116171710278,
    0.94345349901));
#5106 = SURFACE_CURVE('',#5107,(#5112,#5119),.PCURVE_S1.);
#5107 = CIRCLE('',#5108,4.);
#5108 = AXIS2_PLACEMENT_3D('',#5109,#5110,#5111);
#5109 = CARTESIAN_POINT('',(-27.99854447587,48.116171710278,
    0.94345349901));
#5110 = DIRECTION('',(0.,-0.49999728458,0.866026971527));
#5111 = DIRECTION('',(-1.,1.922966167471E-15,1.110216995182E-15));
#5112 = PCURVE('',#3554,#5113);
#5113 = DEFINITIONAL_REPRESENTATION('',(#5114),#5118);
#5114 = CIRCLE('',#5115,4.);
#5115 = AXIS2_PLACEMENT_2D('',#5116,#5117);
#5116 = CARTESIAN_POINT('',(-19.,-19.));
#5117 = DIRECTION('',(-1.,2.22044604925E-15));
#5118 = ( GEOMETRIC_REPRESENTATION_CONTEXT(2) 
PARAMETRIC_REPRESENTATION_CONTEXT() REPRESENTATION_CONTEXT('2D SPACE',''
  ) );
#5119 = PCURVE('',#3504,#5120);
#5120 = DEFINITIONAL_REPRESENTATION('',(#5121),#5125);
#5121 = LINE('',#5122,#5123);
#5122 = CARTESIAN_POINT('',(6.28318530718,0.));
#5123 = VECTOR('',#5124,1.);
#5124 = DIRECTION('',(-1.,-2.677863156994E-15));
#5125 = ( GEOMETRIC_REPRESENTATION_CONTEXT(2) 
PARAMETRIC_REPRESENTATION_CONTEXT() REPRESENTATION_CONTEXT('2D SPACE',''
  ) );
#5126 = ORIENTED_EDGE('',*,*,#3538,.F.);
#5127 = ORIENTED_EDGE('',*,*,#5077,.T.);
#5128 = ORIENTED_EDGE('',*,*,#5129,.F.);
#5129 = EDGE_CURVE('',#5130,#5050,#5132,.T.);
#5130 = VERTEX_POINT('',#5131);
#5131 = CARTESIAN_POINT('',(14.00145552413,81.025196628304,
    19.943350313066));
#5132 = SURFACE_CURVE('',#5133,(#5137,#5144),.PCURVE_S1.);
#5133 = LINE('',#5134,#5135);
#5134 = CARTESIAN_POINT('',(14.00145552413,81.025196628304,
    19.943350313066));
#5135 = VECTOR('',#5136,1.);
#5136 = DIRECTION('',(-1.168655815395E-16,-0.866026971527,-0.49999728458
    ));
#5137 = PCURVE('',#3554,#5138);
#5138 = DEFINITIONAL_REPRESENTATION('',(#5139),#5143);
#5139 = LINE('',#5140,#5141);
#5140 = CARTESIAN_POINT('',(23.,19.));
#5141 = VECTOR('',#5142,1.);
#5142 = DIRECTION('',(-1.168655815395E-16,-1.));
#5143 = ( GEOMETRIC_REPRESENTATION_CONTEXT(2) 
PARAMETRIC_REPRESENTATION_CONTEXT() REPRESENTATION_CONTEXT('2D SPACE',''
  ) );
#5144 = PCURVE('',#5065,#5145);
#5145 = DEFINITIONAL_REPRESENTATION('',(#5146),#5150);
#5146 = LINE('',#5147,#5148);
#5147 = CARTESIAN_POINT('',(-0.,0.));
#5148 = VECTOR('',#5149,1.);
#5149 = DIRECTION('',(1.,0.));
#5150 = ( GEOMETRIC_REPRESENTATION_CONTEXT(2) 
PARAMETRIC_REPRESENTATION_CONTEXT() REPRESENTATION_CONTEXT('2D SPACE',''
  ) );
#5151 = ORIENTED_EDGE('',*,*,#5152,.T.);
#5152 = EDGE_CURVE('',#5130,#5153,#5155,.T.);
#5153 = VERTEX_POINT('',#5154);
#5154 = CARTESIAN_POINT('',(10.00145552413,84.489304514412,
    21.943339451387));
#5155 = SURFACE_CURVE('',#5156,(#5161,#5168),.PCURVE_S1.);
#5156 = CIRCLE('',#5157,4.);
#5157 = AXIS2_PLACEMENT_3D('',#5158,#5159,#5160);
#5158 = CARTESIAN_POINT('',(10.00145552413,81.025196628304,
    19.943350313066));
#5159 = DIRECTION('',(-3.944304526105E-31,-0.49999728458,0.866026971527)
  );
#5160 = DIRECTION('',(1.,3.845932334943E-15,2.220433990365E-15));
#5161 = PCURVE('',#3554,#5162);
#5162 = DEFINITIONAL_REPRESENTATION('',(#5163),#5167);
#5163 = CIRCLE('',#5164,4.);
#5164 = AXIS2_PLACEMENT_2D('',#5165,#5166);
#5165 = CARTESIAN_POINT('',(19.,19.));
#5166 = DIRECTION('',(1.,4.440892098501E-15));
#5167 = ( GEOMETRIC_REPRESENTATION_CONTEXT(2) 
PARAMETRIC_REPRESENTATION_CONTEXT() REPRESENTATION_CONTEXT('2D SPACE',''
  ) );
#5168 = PCURVE('',#5169,#5174);
#5169 = CYLINDRICAL_SURFACE('',#5170,4.);
#5170 = AXIS2_PLACEMENT_3D('',#5171,#5172,#5173);
#5171 = CARTESIAN_POINT('',(10.00145552413,81.025196628304,
    19.943350313066));
#5172 = DIRECTION('',(0.,0.49999728458,-0.866026971527));
#5173 = DIRECTION('',(1.,3.845932334943E-15,2.220433990365E-15));
#5174 = DEFINITIONAL_REPRESENTATION('',(#5175),#5179);
#5175 = LINE('',#5176,#5177);
#5176 = CARTESIAN_POINT('',(6.28318530718,-1.7763568394E-15));
#5177 = VECTOR('',#5178,1.);
#5178 = DIRECTION('',(-1.,4.52345554697E-15));
#5179 = ( GEOMETRIC_REPRESENTATION_CONTEXT(2) 
PARAMETRIC_REPRESENTATION_CONTEXT() REPRESENTATION_CONTEXT('2D SPACE',''
  ) );
#5180 = ORIENTED_EDGE('',*,*,#5181,.T.);
#5181 = EDGE_CURVE('',#5153,#5182,#5184,.T.);
#5182 = VERTEX_POINT('',#5183);
#5183 = CARTESIAN_POINT('',(-27.99854447587,84.489304514412,
    21.943339451387));
#5184 = SURFACE_CURVE('',#5185,(#5189,#5196),.PCURVE_S1.);
#5185 = LINE('',#5186,#5187);
#5186 = CARTESIAN_POINT('',(-8.99854447587,84.489304514412,
    21.943339451387));
#5187 = VECTOR('',#5188,1.);
#5188 = DIRECTION('',(-1.,0.,0.));
#5189 = PCURVE('',#3554,#5190);
#5190 = DEFINITIONAL_REPRESENTATION('',(#5191),#5195);
#5191 = LINE('',#5192,#5193);
#5192 = CARTESIAN_POINT('',(3.552713678801E-15,23.));
#5193 = VECTOR('',#5194,1.);
#5194 = DIRECTION('',(-1.,0.));
#5195 = ( GEOMETRIC_REPRESENTATION_CONTEXT(2) 
PARAMETRIC_REPRESENTATION_CONTEXT() REPRESENTATION_CONTEXT('2D SPACE',''
  ) );
#5196 = PCURVE('',#5197,#5202);
#5197 = PLANE('',#5198);
#5198 = AXIS2_PLACEMENT_3D('',#5199,#5200,#5201);
#5199 = CARTESIAN_POINT('',(-27.99854447587,84.489304514412,
    21.943339451387));
#5200 = DIRECTION('',(0.,0.866026971527,0.49999728458));
#5201 = DIRECTION('',(1.,0.,0.));
#5202 = DEFINITIONAL_REPRESENTATION('',(#5203),#5207);
#5203 = LINE('',#5204,#5205);
#5204 = CARTESIAN_POINT('',(19.,0.));
#5205 = VECTOR('',#5206,1.);
#5206 = DIRECTION('',(-1.,0.));
#5207 = ( GEOMETRIC_REPRESENTATION_CONTEXT(2) 
PARAMETRIC_REPRESENTATION_CONTEXT() REPRESENTATION_CONTEXT('2D SPACE',''
  ) );
#5208 = ORIENTED_EDGE('',*,*,#5209,.T.);
#5209 = EDGE_CURVE('',#5182,#5210,#5212,.T.);
#5210 = VERTEX_POINT('',#5211);
#5211 = CARTESIAN_POINT('',(-31.99854447587,81.025196628304,
    19.943350313066));
#5212 = SURFACE_CURVE('',#5213,(#5218,#5225),.PCURVE_S1.);
#5213 = CIRCLE('',#5214,4.);
#5214 = AXIS2_PLACEMENT_3D('',#5215,#5216,#5217);
#5215 = CARTESIAN_POINT('',(-27.99854447587,81.025196628304,
    19.943350313066));
#5216 = DIRECTION('',(0.,-0.49999728458,0.866026971527));
#5217 = DIRECTION('',(-2.775557561563E-15,0.866026971527,0.49999728458)
  );
#5218 = PCURVE('',#3554,#5219);
#5219 = DEFINITIONAL_REPRESENTATION('',(#5220),#5224);
#5220 = CIRCLE('',#5221,4.);
#5221 = AXIS2_PLACEMENT_2D('',#5222,#5223);
#5222 = CARTESIAN_POINT('',(-19.,19.));
#5223 = DIRECTION('',(-2.775557561563E-15,1.));
#5224 = ( GEOMETRIC_REPRESENTATION_CONTEXT(2) 
PARAMETRIC_REPRESENTATION_CONTEXT() REPRESENTATION_CONTEXT('2D SPACE',''
  ) );
#5225 = PCURVE('',#5226,#5231);
#5226 = CYLINDRICAL_SURFACE('',#5227,4.);
#5227 = AXIS2_PLACEMENT_3D('',#5228,#5229,#5230);
#5228 = CARTESIAN_POINT('',(-27.99854447587,81.025196628304,
    19.943350313066));
#5229 = DIRECTION('',(0.,0.49999728458,-0.866026971527));
#5230 = DIRECTION('',(-2.775557561563E-15,0.866026971527,0.49999728458)
  );
#5231 = DEFINITIONAL_REPRESENTATION('',(#5232),#5236);
#5232 = LINE('',#5233,#5234);
#5233 = CARTESIAN_POINT('',(6.28318530718,3.552713678801E-15));
#5234 = VECTOR('',#5235,1.);
#5235 = DIRECTION('',(-1.,-2.261727773485E-15));
#5236 = ( GEOMETRIC_REPRESENTATION_CONTEXT(2) 
PARAMETRIC_REPRESENTATION_CONTEXT() REPRESENTATION_CONTEXT('2D SPACE',''
  ) );
#5237 = ORIENTED_EDGE('',*,*,#5238,.T.);
#5238 = EDGE_CURVE('',#5210,#5104,#5239,.T.);
#5239 = SURFACE_CURVE('',#5240,(#5244,#5251),.PCURVE_S1.);
#5240 = LINE('',#5241,#5242);
#5241 = CARTESIAN_POINT('',(-31.99854447587,81.025196628304,
    19.943350313066));
#5242 = VECTOR('',#5243,1.);
#5243 = DIRECTION('',(2.33731163079E-16,-0.866026971527,-0.49999728458)
  );
#5244 = PCURVE('',#3554,#5245);
#5245 = DEFINITIONAL_REPRESENTATION('',(#5246),#5250);
#5246 = LINE('',#5247,#5248);
#5247 = CARTESIAN_POINT('',(-23.,19.));
#5248 = VECTOR('',#5249,1.);
#5249 = DIRECTION('',(2.33731163079E-16,-1.));
#5250 = ( GEOMETRIC_REPRESENTATION_CONTEXT(2) 
PARAMETRIC_REPRESENTATION_CONTEXT() REPRESENTATION_CONTEXT('2D SPACE',''
  ) );
#5251 = PCURVE('',#5252,#5257);
#5252 = PLANE('',#5253);
#5253 = AXIS2_PLACEMENT_3D('',#5254,#5255,#5256);
#5254 = CARTESIAN_POINT('',(-31.99854447587,48.116171710278,
    0.94345349901));
#5255 = DIRECTION('',(-1.,-2.024174913128E-16,-1.168649468613E-16));
#5256 = DIRECTION('',(-2.33731163079E-16,0.866026971527,0.49999728458));
#5257 = DEFINITIONAL_REPRESENTATION('',(#5258),#5262);
#5258 = LINE('',#5259,#5260);
#5259 = CARTESIAN_POINT('',(38.,-1.06581410364E-14));
#5260 = VECTOR('',#5261,1.);
#5261 = DIRECTION('',(-1.,0.));
#5262 = ( GEOMETRIC_REPRESENTATION_CONTEXT(2) 
PARAMETRIC_REPRESENTATION_CONTEXT() REPRESENTATION_CONTEXT('2D SPACE',''
  ) );
#5263 = FACE_BOUND('',#5264,.T.);
#5264 = EDGE_LOOP('',(#5265,#5300,#5328,#5361,#5389,#5422,#5450,#5483,
    #5522,#5545));
#5265 = ORIENTED_EDGE('',*,*,#5266,.T.);
#5266 = EDGE_CURVE('',#5267,#5269,#5271,.T.);
#5267 = VERTEX_POINT('',#5268);
#5268 = CARTESIAN_POINT('',(-28.13733894383,46.255293277983,
    -0.131178030332));
#5269 = VERTEX_POINT('',#5270);
#5270 = CARTESIAN_POINT('',(-30.49854447587,49.415212167569,
    1.693449425881));
#5271 = SURFACE_CURVE('',#5272,(#5277,#5288),.PCURVE_S1.);
#5272 = CIRCLE('',#5273,4.);
#5273 = AXIS2_PLACEMENT_3D('',#5274,#5275,#5276);
#5274 = CARTESIAN_POINT('',(-26.49854447587,49.415212167569,
    1.693449425881));
#5275 = DIRECTION('',(0.,0.49999728458,-0.866026971527));
#5276 = DIRECTION('',(-1.,1.922966167471E-15,1.110216995182E-15));
#5277 = PCURVE('',#3554,#5278);
#5278 = DEFINITIONAL_REPRESENTATION('',(#5279),#5287);
#5279 = ( BOUNDED_CURVE() B_SPLINE_CURVE(2,(#5280,#5281,#5282,#5283,
#5284,#5285,#5286),.UNSPECIFIED.,.T.,.F.) B_SPLINE_CURVE_WITH_KNOTS((1,2
    ,2,2,2,1),(-2.094395102393,0.,2.094395102393,4.188790204786,
6.28318530718,8.377580409573),.UNSPECIFIED.) CURVE() 
GEOMETRIC_REPRESENTATION_ITEM() RATIONAL_B_SPLINE_CURVE((1.,0.5,1.,0.5,
1.,0.5,1.)) REPRESENTATION_ITEM('') );
#5280 = CARTESIAN_POINT('',(-21.5,-17.5));
#5281 = CARTESIAN_POINT('',(-21.5,-10.57179676972));
#5282 = CARTESIAN_POINT('',(-15.5,-14.03589838486));
#5283 = CARTESIAN_POINT('',(-9.5,-17.5));
#5284 = CARTESIAN_POINT('',(-15.5,-20.96410161513));
#5285 = CARTESIAN_POINT('',(-21.5,-24.42820323027));
#5286 = CARTESIAN_POINT('',(-21.5,-17.5));
#5287 = ( GEOMETRIC_REPRESENTATION_CONTEXT(2) 
PARAMETRIC_REPRESENTATION_CONTEXT() REPRESENTATION_CONTEXT('2D SPACE',''
  ) );
#5288 = PCURVE('',#5289,#5294);
#5289 = CYLINDRICAL_SURFACE('',#5290,4.);
#5290 = AXIS2_PLACEMENT_3D('',#5291,#5292,#5293);
#5291 = CARTESIAN_POINT('',(-26.49854447587,49.415212167569,
    1.693449425881));
#5292 = DIRECTION('',(0.,0.49999728458,-0.866026971527));
#5293 = DIRECTION('',(-1.,1.922966167471E-15,1.110216995182E-15));
#5294 = DEFINITIONAL_REPRESENTATION('',(#5295),#5299);
#5295 = LINE('',#5296,#5297);
#5296 = CARTESIAN_POINT('',(0.,-9.716588073159E-15));
#5297 = VECTOR('',#5298,1.);
#5298 = DIRECTION('',(1.,1.546443021831E-15));
#5299 = ( GEOMETRIC_REPRESENTATION_CONTEXT(2) 
PARAMETRIC_REPRESENTATION_CONTEXT() REPRESENTATION_CONTEXT('2D SPACE',''
  ) );
#5300 = ORIENTED_EDGE('',*,*,#5301,.T.);
#5301 = EDGE_CURVE('',#5269,#5302,#5304,.T.);
#5302 = VERTEX_POINT('',#5303);
#5303 = CARTESIAN_POINT('',(-30.49854447587,79.726156171014,
    19.193354386195));
#5304 = SURFACE_CURVE('',#5305,(#5309,#5316),.PCURVE_S1.);
#5305 = LINE('',#5306,#5307);
#5306 = CARTESIAN_POINT('',(-30.49854447587,79.726156171014,
    19.193354386195));
#5307 = VECTOR('',#5308,1.);
#5308 = DIRECTION('',(0.,0.866026971527,0.49999728458));
#5309 = PCURVE('',#3554,#5310);
#5310 = DEFINITIONAL_REPRESENTATION('',(#5311),#5315);
#5311 = LINE('',#5312,#5313);
#5312 = CARTESIAN_POINT('',(-21.5,17.5));
#5313 = VECTOR('',#5314,1.);
#5314 = DIRECTION('',(0.,1.));
#5315 = ( GEOMETRIC_REPRESENTATION_CONTEXT(2) 
PARAMETRIC_REPRESENTATION_CONTEXT() REPRESENTATION_CONTEXT('2D SPACE',''
  ) );
#5316 = PCURVE('',#5317,#5322);
#5317 = PLANE('',#5318);
#5318 = AXIS2_PLACEMENT_3D('',#5319,#5320,#5321);
#5319 = CARTESIAN_POINT('',(-30.49854447587,79.726156171014,
    19.193354386195));
#5320 = DIRECTION('',(1.,0.,0.));
#5321 = DIRECTION('',(0.,-0.866026971527,-0.49999728458));
#5322 = DEFINITIONAL_REPRESENTATION('',(#5323),#5327);
#5323 = LINE('',#5324,#5325);
#5324 = CARTESIAN_POINT('',(0.,0.));
#5325 = VECTOR('',#5326,1.);
#5326 = DIRECTION('',(-1.,0.));
#5327 = ( GEOMETRIC_REPRESENTATION_CONTEXT(2) 
PARAMETRIC_REPRESENTATION_CONTEXT() REPRESENTATION_CONTEXT('2D SPACE',''
  ) );
#5328 = ORIENTED_EDGE('',*,*,#5329,.T.);
#5329 = EDGE_CURVE('',#5302,#5330,#5332,.T.);
#5330 = VERTEX_POINT('',#5331);
#5331 = CARTESIAN_POINT('',(-26.49854447587,83.190264057122,
    21.193343524517));
#5332 = SURFACE_CURVE('',#5333,(#5338,#5349),.PCURVE_S1.);
#5333 = CIRCLE('',#5334,4.);
#5334 = AXIS2_PLACEMENT_3D('',#5335,#5336,#5337);
#5335 = CARTESIAN_POINT('',(-26.49854447587,79.726156171014,
    19.193354386195));
#5336 = DIRECTION('',(-7.88860905221E-31,0.49999728458,-0.866026971527)
  );
#5337 = DIRECTION('',(-5.551115123126E-15,0.866026971527,0.49999728458)
  );
#5338 = PCURVE('',#3554,#5339);
#5339 = DEFINITIONAL_REPRESENTATION('',(#5340),#5348);
#5340 = ( BOUNDED_CURVE() B_SPLINE_CURVE(2,(#5341,#5342,#5343,#5344,
#5345,#5346,#5347),.UNSPECIFIED.,.T.,.F.) B_SPLINE_CURVE_WITH_KNOTS((1,2
    ,2,2,2,1),(-2.094395102393,0.,2.094395102393,4.188790204786,
6.28318530718,8.377580409573),.UNSPECIFIED.) CURVE() 
GEOMETRIC_REPRESENTATION_ITEM() RATIONAL_B_SPLINE_CURVE((1.,0.5,1.,0.5,
1.,0.5,1.)) REPRESENTATION_ITEM('') );
#5341 = CARTESIAN_POINT('',(-17.5,21.5));
#5342 = CARTESIAN_POINT('',(-10.57179676972,21.5));
#5343 = CARTESIAN_POINT('',(-14.03589838486,15.5));
#5344 = CARTESIAN_POINT('',(-17.5,9.5));
#5345 = CARTESIAN_POINT('',(-20.96410161513,15.5));
#5346 = CARTESIAN_POINT('',(-24.42820323027,21.5));
#5347 = CARTESIAN_POINT('',(-17.5,21.5));
#5348 = ( GEOMETRIC_REPRESENTATION_CONTEXT(2) 
PARAMETRIC_REPRESENTATION_CONTEXT() REPRESENTATION_CONTEXT('2D SPACE',''
  ) );
#5349 = PCURVE('',#5350,#5355);
#5350 = CYLINDRICAL_SURFACE('',#5351,4.);
#5351 = AXIS2_PLACEMENT_3D('',#5352,#5353,#5354);
#5352 = CARTESIAN_POINT('',(-26.49854447587,79.726156171014,
    19.193354386195));
#5353 = DIRECTION('',(0.,0.49999728458,-0.866026971527));
#5354 = DIRECTION('',(-5.551115123126E-15,0.866026971527,0.49999728458)
  );
#5355 = DEFINITIONAL_REPRESENTATION('',(#5356),#5360);
#5356 = LINE('',#5357,#5358);
#5357 = CARTESIAN_POINT('',(-1.7763568394E-15,-1.06581410364E-14));
#5358 = VECTOR('',#5359,1.);
#5359 = DIRECTION('',(1.,2.261727773485E-15));
#5360 = ( GEOMETRIC_REPRESENTATION_CONTEXT(2) 
PARAMETRIC_REPRESENTATION_CONTEXT() REPRESENTATION_CONTEXT('2D SPACE',''
  ) );
#5361 = ORIENTED_EDGE('',*,*,#5362,.T.);
#5362 = EDGE_CURVE('',#5330,#5363,#5365,.T.);
#5363 = VERTEX_POINT('',#5364);
#5364 = CARTESIAN_POINT('',(8.50145552413,83.190264057122,
    21.193343524517));
#5365 = SURFACE_CURVE('',#5366,(#5370,#5377),.PCURVE_S1.);
#5366 = LINE('',#5367,#5368);
#5367 = CARTESIAN_POINT('',(8.50145552413,83.190264057122,
    21.193343524517));
#5368 = VECTOR('',#5369,1.);
#5369 = DIRECTION('',(1.,0.,0.));
#5370 = PCURVE('',#3554,#5371);
#5371 = DEFINITIONAL_REPRESENTATION('',(#5372),#5376);
#5372 = LINE('',#5373,#5374);
#5373 = CARTESIAN_POINT('',(17.5,21.5));
#5374 = VECTOR('',#5375,1.);
#5375 = DIRECTION('',(1.,0.));
#5376 = ( GEOMETRIC_REPRESENTATION_CONTEXT(2) 
PARAMETRIC_REPRESENTATION_CONTEXT() REPRESENTATION_CONTEXT('2D SPACE',''
  ) );
#5377 = PCURVE('',#5378,#5383);
#5378 = PLANE('',#5379);
#5379 = AXIS2_PLACEMENT_3D('',#5380,#5381,#5382);
#5380 = CARTESIAN_POINT('',(8.50145552413,83.190264057122,
    21.193343524517));
#5381 = DIRECTION('',(0.,-0.866026971527,-0.49999728458));
#5382 = DIRECTION('',(-1.,-0.,0.));
#5383 = DEFINITIONAL_REPRESENTATION('',(#5384),#5388);
#5384 = LINE('',#5385,#5386);
#5385 = CARTESIAN_POINT('',(0.,0.));
#5386 = VECTOR('',#5387,1.);
#5387 = DIRECTION('',(-1.,0.));
#5388 = ( GEOMETRIC_REPRESENTATION_CONTEXT(2) 
PARAMETRIC_REPRESENTATION_CONTEXT() REPRESENTATION_CONTEXT('2D SPACE',''
  ) );
#5389 = ORIENTED_EDGE('',*,*,#5390,.T.);
#5390 = EDGE_CURVE('',#5363,#5391,#5393,.T.);
#5391 = VERTEX_POINT('',#5392);
#5392 = CARTESIAN_POINT('',(12.50145552413,79.726156171014,
    19.193354386195));
#5393 = SURFACE_CURVE('',#5394,(#5399,#5410),.PCURVE_S1.);
#5394 = CIRCLE('',#5395,4.);
#5395 = AXIS2_PLACEMENT_3D('',#5396,#5397,#5398);
#5396 = CARTESIAN_POINT('',(8.50145552413,79.726156171014,
    19.193354386195));
#5397 = DIRECTION('',(-3.944304526105E-31,0.49999728458,-0.866026971527)
  );
#5398 = DIRECTION('',(1.,3.845932334943E-15,2.220433990365E-15));
#5399 = PCURVE('',#3554,#5400);
#5400 = DEFINITIONAL_REPRESENTATION('',(#5401),#5409);
#5401 = ( BOUNDED_CURVE() B_SPLINE_CURVE(2,(#5402,#5403,#5404,#5405,
#5406,#5407,#5408),.UNSPECIFIED.,.T.,.F.) B_SPLINE_CURVE_WITH_KNOTS((1,2
    ,2,2,2,1),(-2.094395102393,0.,2.094395102393,4.188790204786,
6.28318530718,8.377580409573),.UNSPECIFIED.) CURVE() 
GEOMETRIC_REPRESENTATION_ITEM() RATIONAL_B_SPLINE_CURVE((1.,0.5,1.,0.5,
1.,0.5,1.)) REPRESENTATION_ITEM('') );
#5402 = CARTESIAN_POINT('',(21.5,17.5));
#5403 = CARTESIAN_POINT('',(21.5,10.571796769725));
#5404 = CARTESIAN_POINT('',(15.5,14.035898384862));
#5405 = CARTESIAN_POINT('',(9.5,17.5));
#5406 = CARTESIAN_POINT('',(15.5,20.964101615138));
#5407 = CARTESIAN_POINT('',(21.5,24.428203230276));
#5408 = CARTESIAN_POINT('',(21.5,17.5));
#5409 = ( GEOMETRIC_REPRESENTATION_CONTEXT(2) 
PARAMETRIC_REPRESENTATION_CONTEXT() REPRESENTATION_CONTEXT('2D SPACE',''
  ) );
#5410 = PCURVE('',#5411,#5416);
#5411 = CYLINDRICAL_SURFACE('',#5412,4.);
#5412 = AXIS2_PLACEMENT_3D('',#5413,#5414,#5415);
#5413 = CARTESIAN_POINT('',(8.50145552413,79.726156171014,
    19.193354386195));
#5414 = DIRECTION('',(0.,0.49999728458,-0.866026971527));
#5415 = DIRECTION('',(1.,3.845932334943E-15,2.220433990365E-15));
#5416 = DEFINITIONAL_REPRESENTATION('',(#5417),#5421);
#5417 = LINE('',#5418,#5419);
#5418 = CARTESIAN_POINT('',(0.,1.95399252334E-14));
#5419 = VECTOR('',#5420,1.);
#5420 = DIRECTION('',(1.,-3.392591660228E-15));
#5421 = ( GEOMETRIC_REPRESENTATION_CONTEXT(2) 
PARAMETRIC_REPRESENTATION_CONTEXT() REPRESENTATION_CONTEXT('2D SPACE',''
  ) );
#5422 = ORIENTED_EDGE('',*,*,#5423,.T.);
#5423 = EDGE_CURVE('',#5391,#5424,#5426,.T.);
#5424 = VERTEX_POINT('',#5425);
#5425 = CARTESIAN_POINT('',(12.50145552413,49.415212167569,
    1.693449425881));
#5426 = SURFACE_CURVE('',#5427,(#5431,#5438),.PCURVE_S1.);
#5427 = LINE('',#5428,#5429);
#5428 = CARTESIAN_POINT('',(12.50145552413,49.415212167569,
    1.693449425881));
#5429 = VECTOR('',#5430,1.);
#5430 = DIRECTION('',(2.537652627715E-16,-0.866026971527,-0.49999728458)
  );
#5431 = PCURVE('',#3554,#5432);
#5432 = DEFINITIONAL_REPRESENTATION('',(#5433),#5437);
#5433 = LINE('',#5434,#5435);
#5434 = CARTESIAN_POINT('',(21.5,-17.5));
#5435 = VECTOR('',#5436,1.);
#5436 = DIRECTION('',(2.537652627715E-16,-1.));
#5437 = ( GEOMETRIC_REPRESENTATION_CONTEXT(2) 
PARAMETRIC_REPRESENTATION_CONTEXT() REPRESENTATION_CONTEXT('2D SPACE',''
  ) );
#5438 = PCURVE('',#5439,#5444);
#5439 = PLANE('',#5440);
#5440 = AXIS2_PLACEMENT_3D('',#5441,#5442,#5443);
#5441 = CARTESIAN_POINT('',(12.50145552413,49.415212167569,
    1.693449425881));
#5442 = DIRECTION('',(-1.,-2.197675619967E-16,-1.268819423066E-16));
#5443 = DIRECTION('',(-2.537652627715E-16,0.866026971527,0.49999728458)
  );
#5444 = DEFINITIONAL_REPRESENTATION('',(#5445),#5449);
#5445 = LINE('',#5446,#5447);
#5446 = CARTESIAN_POINT('',(0.,0.));
#5447 = VECTOR('',#5448,1.);
#5448 = DIRECTION('',(-1.,0.));
#5449 = ( GEOMETRIC_REPRESENTATION_CONTEXT(2) 
PARAMETRIC_REPRESENTATION_CONTEXT() REPRESENTATION_CONTEXT('2D SPACE',''
  ) );
#5450 = ORIENTED_EDGE('',*,*,#5451,.T.);
#5451 = EDGE_CURVE('',#5424,#5452,#5454,.T.);
#5452 = VERTEX_POINT('',#5453);
#5453 = CARTESIAN_POINT('',(10.140249992873,46.255180416009,
    -0.130982545541));
#5454 = SURFACE_CURVE('',#5455,(#5460,#5471),.PCURVE_S1.);
#5455 = CIRCLE('',#5456,4.);
#5456 = AXIS2_PLACEMENT_3D('',#5457,#5458,#5459);
#5457 = CARTESIAN_POINT('',(8.50145552413,49.415212167569,1.693449425881
    ));
#5458 = DIRECTION('',(-4.930380657631E-32,0.49999728458,-0.866026971527)
  );
#5459 = DIRECTION('',(-5.551115123126E-16,-0.866026971527,-0.49999728458
    ));
#5460 = PCURVE('',#3554,#5461);
#5461 = DEFINITIONAL_REPRESENTATION('',(#5462),#5470);
#5462 = ( BOUNDED_CURVE() B_SPLINE_CURVE(2,(#5463,#5464,#5465,#5466,
#5467,#5468,#5469),.UNSPECIFIED.,.T.,.F.) B_SPLINE_CURVE_WITH_KNOTS((1,2
    ,2,2,2,1),(-2.094395102393,0.,2.094395102393,4.188790204786,
6.28318530718,8.377580409573),.UNSPECIFIED.) CURVE() 
GEOMETRIC_REPRESENTATION_ITEM() RATIONAL_B_SPLINE_CURVE((1.,0.5,1.,0.5,
1.,0.5,1.)) REPRESENTATION_ITEM('') );
#5463 = CARTESIAN_POINT('',(17.5,-21.5));
#5464 = CARTESIAN_POINT('',(10.571796769724,-21.5));
#5465 = CARTESIAN_POINT('',(14.035898384862,-15.5));
#5466 = CARTESIAN_POINT('',(17.5,-9.5));
#5467 = CARTESIAN_POINT('',(20.964101615138,-15.5));
#5468 = CARTESIAN_POINT('',(24.428203230275,-21.5));
#5469 = CARTESIAN_POINT('',(17.5,-21.5));
#5470 = ( GEOMETRIC_REPRESENTATION_CONTEXT(2) 
PARAMETRIC_REPRESENTATION_CONTEXT() REPRESENTATION_CONTEXT('2D SPACE',''
  ) );
#5471 = PCURVE('',#5472,#5477);
#5472 = CYLINDRICAL_SURFACE('',#5473,4.);
#5473 = AXIS2_PLACEMENT_3D('',#5474,#5475,#5476);
#5474 = CARTESIAN_POINT('',(8.50145552413,49.415212167569,1.693449425881
    ));
#5475 = DIRECTION('',(0.,0.49999728458,-0.866026971527));
#5476 = DIRECTION('',(-5.551115123126E-16,-0.866026971527,-0.49999728458
    ));
#5477 = DEFINITIONAL_REPRESENTATION('',(#5478),#5482);
#5478 = LINE('',#5479,#5480);
#5479 = CARTESIAN_POINT('',(-8.881784197001E-16,1.457488211245E-14));
#5480 = VECTOR('',#5481,1.);
#5481 = DIRECTION('',(1.,-3.092886044237E-15));
#5482 = ( GEOMETRIC_REPRESENTATION_CONTEXT(2) 
PARAMETRIC_REPRESENTATION_CONTEXT() REPRESENTATION_CONTEXT('2D SPACE',''
  ) );
#5483 = ORIENTED_EDGE('',*,*,#5484,.T.);
#5484 = EDGE_CURVE('',#5452,#5485,#5487,.T.);
#5485 = VERTEX_POINT('',#5486);
#5486 = CARTESIAN_POINT('',(8.50145552413,45.95112114905,-0.306568928173
    ));
#5487 = SURFACE_CURVE('',#5488,(#5493,#5504),.PCURVE_S1.);
#5488 = CIRCLE('',#5489,4.);
#5489 = AXIS2_PLACEMENT_3D('',#5490,#5491,#5492);
#5490 = CARTESIAN_POINT('',(8.50145552413,49.415212167569,1.693449425881
    ));
#5491 = DIRECTION('',(-4.930380657631E-32,0.49999728458,-0.866026971527)
  );
#5492 = DIRECTION('',(-5.551115123126E-16,-0.866026971527,-0.49999728458
    ));
#5493 = PCURVE('',#3554,#5494);
#5494 = DEFINITIONAL_REPRESENTATION('',(#5495),#5503);
#5495 = ( BOUNDED_CURVE() B_SPLINE_CURVE(2,(#5496,#5497,#5498,#5499,
#5500,#5501,#5502),.UNSPECIFIED.,.T.,.F.) B_SPLINE_CURVE_WITH_KNOTS((1,2
    ,2,2,2,1),(-2.094395102393,0.,2.094395102393,4.188790204786,
6.28318530718,8.377580409573),.UNSPECIFIED.) CURVE() 
GEOMETRIC_REPRESENTATION_ITEM() RATIONAL_B_SPLINE_CURVE((1.,0.5,1.,0.5,
1.,0.5,1.)) REPRESENTATION_ITEM('') );
#5496 = CARTESIAN_POINT('',(17.5,-21.5));
#5497 = CARTESIAN_POINT('',(10.571796769724,-21.5));
#5498 = CARTESIAN_POINT('',(14.035898384862,-15.5));
#5499 = CARTESIAN_POINT('',(17.5,-9.5));
#5500 = CARTESIAN_POINT('',(20.964101615138,-15.5));
#5501 = CARTESIAN_POINT('',(24.428203230275,-21.5));
#5502 = CARTESIAN_POINT('',(17.5,-21.5));
#5503 = ( GEOMETRIC_REPRESENTATION_CONTEXT(2) 
PARAMETRIC_REPRESENTATION_CONTEXT() REPRESENTATION_CONTEXT('2D SPACE',''
  ) );
#5504 = PCURVE('',#5505,#5510);
#5505 = PLANE('',#5506);
#5506 = AXIS2_PLACEMENT_3D('',#5507,#5508,#5509);
#5507 = CARTESIAN_POINT('',(-27.00102679237,44.755345661885,
    -0.997265463461));
#5508 = DIRECTION('',(-5.556931176064E-06,-0.499999999892,0.866025403829
    ));
#5509 = DIRECTION('',(0.999999999983,-1.488975220974E-06,
    5.556931175886E-06));
#5510 = DEFINITIONAL_REPRESENTATION('',(#5511),#5521);
#5511 = B_SPLINE_CURVE_WITH_KNOTS('',8,(#5512,#5513,#5514,#5515,#5516,
    #5517,#5518,#5519,#5520),.UNSPECIFIED.,.F.,.F.,(9,9),(5.861061653088
    ,6.28318530718),.PIECEWISE_BEZIER_KNOTS.);
#5512 = CARTESIAN_POINT('',(37.141279365289,1.731981155067));
#5513 = CARTESIAN_POINT('',(36.948744218308,1.645509703066));
#5514 = CARTESIAN_POINT('',(36.750994550564,1.570648770965));
#5515 = CARTESIAN_POINT('',(36.548847207925,1.507765221071));
#5516 = CARTESIAN_POINT('',(36.343150008442,1.457156952939));
#5517 = CARTESIAN_POINT('',(36.134774464941,1.419049637184));
#5518 = CARTESIAN_POINT('',(35.924608046813,1.393594467343));
#5519 = CARTESIAN_POINT('',(35.713546200818,1.380867040273));
#5520 = CARTESIAN_POINT('',(35.502484373776,1.380867354539));
#5521 = ( GEOMETRIC_REPRESENTATION_CONTEXT(2) 
PARAMETRIC_REPRESENTATION_CONTEXT() REPRESENTATION_CONTEXT('2D SPACE',''
  ) );
#5522 = ORIENTED_EDGE('',*,*,#5523,.F.);
#5523 = EDGE_CURVE('',#5524,#5485,#5526,.T.);
#5524 = VERTEX_POINT('',#5525);
#5525 = CARTESIAN_POINT('',(-26.49854447587,45.951256253407,
    -0.306802937479));
#5526 = SURFACE_CURVE('',#5527,(#5531,#5538),.PCURVE_S1.);
#5527 = LINE('',#5528,#5529);
#5528 = CARTESIAN_POINT('',(-26.74978563328,45.951256951468,
    -0.306804146565));
#5529 = VECTOR('',#5530,1.);
#5530 = DIRECTION('',(0.999999999985,-2.778450498646E-06,
    4.812452277414E-06));
#5531 = PCURVE('',#3554,#5532);
#5532 = DEFINITIONAL_REPRESENTATION('',(#5533),#5537);
#5533 = LINE('',#5534,#5535);
#5534 = CARTESIAN_POINT('',(-17.75124115741,-21.5));
#5535 = VECTOR('',#5536,1.);
#5536 = DIRECTION('',(1.,-1.523844240742E-21));
#5537 = ( GEOMETRIC_REPRESENTATION_CONTEXT(2) 
PARAMETRIC_REPRESENTATION_CONTEXT() REPRESENTATION_CONTEXT('2D SPACE',''
  ) );
#5538 = PCURVE('',#5505,#5539);
#5539 = DEFINITIONAL_REPRESENTATION('',(#5540),#5544);
#5540 = LINE('',#5541,#5542);
#5541 = CARTESIAN_POINT('',(0.251243215243,1.380919841806));
#5542 = VECTOR('',#5543,1.);
#5543 = DIRECTION('',(0.999999999999,-1.488957797252E-06));
#5544 = ( GEOMETRIC_REPRESENTATION_CONTEXT(2) 
PARAMETRIC_REPRESENTATION_CONTEXT() REPRESENTATION_CONTEXT('2D SPACE',''
  ) );
#5545 = ORIENTED_EDGE('',*,*,#5546,.F.);
#5546 = EDGE_CURVE('',#5267,#5524,#5547,.T.);
#5547 = SURFACE_CURVE('',#5548,(#5553,#5560),.PCURVE_S1.);
#5548 = CIRCLE('',#5549,4.000000000081);
#5549 = AXIS2_PLACEMENT_3D('',#5550,#5551,#5552);
#5550 = CARTESIAN_POINT('',(-26.49854447587,49.415357868792,
    1.693197062132));
#5551 = DIRECTION('',(-5.556931176071E-06,-0.499999999892,0.866025403829
    ));
#5552 = DIRECTION('',(-0.870930158665,-0.425568366334,-0.245707599199));
#5553 = PCURVE('',#3554,#5554);
#5554 = DEFINITIONAL_REPRESENTATION('',(#5555),#5559);
#5555 = CIRCLE('',#5556,4.);
#5556 = AXIS2_PLACEMENT_2D('',#5557,#5558);
#5557 = CARTESIAN_POINT('',(-17.5,-17.5));
#5558 = DIRECTION('',(-0.870930158682,-0.491406815884));
#5559 = ( GEOMETRIC_REPRESENTATION_CONTEXT(2) 
PARAMETRIC_REPRESENTATION_CONTEXT() REPRESENTATION_CONTEXT('2D SPACE',''
  ) );
#5560 = PCURVE('',#5505,#5561);
#5561 = DEFINITIONAL_REPRESENTATION('',(#5562),#5566);
#5562 = CIRCLE('',#5563,4.000000000081);
#5563 = AXIS2_PLACEMENT_2D('',#5564,#5565);
#5564 = CARTESIAN_POINT('',(0.502490328567,5.380919467734));
#5565 = DIRECTION('',(-0.87093089037,-0.491405519098));
#5566 = ( GEOMETRIC_REPRESENTATION_CONTEXT(2) 
PARAMETRIC_REPRESENTATION_CONTEXT() REPRESENTATION_CONTEXT('2D SPACE',''
  ) );
#5567 = ADVANCED_FACE('',(#5568),#3504,.T.);
#5568 = FACE_BOUND('',#5569,.T.);
#5569 = EDGE_LOOP('',(#5570,#5618,#5638,#5639,#5640,#5663,#5691));
#5570 = ORIENTED_EDGE('',*,*,#5571,.F.);
#5571 = EDGE_CURVE('',#5572,#5574,#5576,.T.);
#5572 = VERTEX_POINT('',#5573);
#5573 = CARTESIAN_POINT('',(-31.37231070796,56.816705233649,
    -18.42421259818));
#5574 = VERTEX_POINT('',#5575);
#5575 = CARTESIAN_POINT('',(-27.99854447587,54.965590548205,
    -18.92021728325));
#5576 = SURFACE_CURVE('',#5577,(#5582,#5611),.PCURVE_S1.);
#5577 = ELLIPSE('',#5578,4.141101242502,4.);
#5578 = AXIS2_PLACEMENT_3D('',#5579,#5580,#5581);
#5579 = CARTESIAN_POINT('',(-27.99854447587,58.965587187616,
    -17.84842141399));
#5580 = DIRECTION('',(-9.860761315263E-32,-0.258819045103,0.965925826289
    ));
#5581 = DIRECTION('',(2.14478798679E-15,0.965925826289,0.258819045103));
#5582 = PCURVE('',#3504,#5583);
#5583 = DEFINITIONAL_REPRESENTATION('',(#5584),#5610);
#5584 = B_SPLINE_CURVE_WITH_KNOTS('',3,(#5585,#5586,#5587,#5588,#5589,
    #5590,#5591,#5592,#5593,#5594,#5595,#5596,#5597,#5598,#5599,#5600,
    #5601,#5602,#5603,#5604,#5605,#5606,#5607,#5608,#5609),
  .UNSPECIFIED.,.F.,.F.,(4,1,1,1,1,1,1,1,1,1,1,1,1,1,1,1,1,1,1,1,1,1,4),
  (2.137935060073,2.183555859778,2.229176659484,2.274797459189,
    2.320418258894,2.3660390586,2.411659858305,2.45728065801,
    2.502901457715,2.548522257421,2.594143057126,2.639763856831,
    2.685384656537,2.731005456242,2.776626255947,2.822247055653,
    2.867867855358,2.913488655063,2.959109454769,3.004730254474,
    3.050351054179,3.095971853884,3.14159265359),.QUASI_UNIFORM_KNOTS.);
#5585 = CARTESIAN_POINT('',(5.716046573901,21.12316435179));
#5586 = CARTESIAN_POINT('',(5.700839640666,21.109417262596));
#5587 = CARTESIAN_POINT('',(5.670425774196,21.082323387082));
#5588 = CARTESIAN_POINT('',(5.624804974491,21.04296507926));
#5589 = CARTESIAN_POINT('',(5.579184174786,21.004971973927));
#5590 = CARTESIAN_POINT('',(5.53356337508,20.968422917384));
#5591 = CARTESIAN_POINT('',(5.487942575375,20.933394021617));
#5592 = CARTESIAN_POINT('',(5.44232177567,20.899958162806));
#5593 = CARTESIAN_POINT('',(5.396700975964,20.868184921617));
#5594 = CARTESIAN_POINT('',(5.351080176259,20.838140413774));
#5595 = CARTESIAN_POINT('',(5.305459376554,20.809887159079));
#5596 = CARTESIAN_POINT('',(5.259838576848,20.783483949551));
#5597 = CARTESIAN_POINT('',(5.214217777143,20.758985727555));
#5598 = CARTESIAN_POINT('',(5.168596977438,20.736443471347));
#5599 = CARTESIAN_POINT('',(5.122976177732,20.715904089036));
#5600 = CARTESIAN_POINT('',(5.077355378027,20.697410320914));
#5601 = CARTESIAN_POINT('',(5.031734578322,20.681000650731));
#5602 = CARTESIAN_POINT('',(4.986113778617,20.666709224809));
#5603 = CARTESIAN_POINT('',(4.940492978911,20.654565784005));
#5604 = CARTESIAN_POINT('',(4.894872179206,20.644595590536));
#5605 = CARTESIAN_POINT('',(4.849251379501,20.636819417567));
#5606 = CARTESIAN_POINT('',(4.803630579795,20.631253348638));
#5607 = CARTESIAN_POINT('',(4.75800978009,20.627909331413));
#5608 = CARTESIAN_POINT('',(4.72759591362,20.627165084678));
#5609 = CARTESIAN_POINT('',(4.712388980385,20.627165470888));
#5610 = ( GEOMETRIC_REPRESENTATION_CONTEXT(2) 
PARAMETRIC_REPRESENTATION_CONTEXT() REPRESENTATION_CONTEXT('2D SPACE',''
  ) );
#5611 = PCURVE('',#4194,#5612);
#5612 = DEFINITIONAL_REPRESENTATION('',(#5613),#5617);
#5613 = ELLIPSE('',#5614,4.141101242502,4.);
#5614 = AXIS2_PLACEMENT_2D('',#5615,#5616);
#5615 = CARTESIAN_POINT('',(1.00145552413,26.853588311735));
#5616 = DIRECTION('',(2.14478798679E-15,1.));
#5617 = ( GEOMETRIC_REPRESENTATION_CONTEXT(2) 
PARAMETRIC_REPRESENTATION_CONTEXT() REPRESENTATION_CONTEXT('2D SPACE',''
  ) );
#5618 = ORIENTED_EDGE('',*,*,#5619,.F.);
#5619 = EDGE_CURVE('',#3374,#5572,#5620,.T.);
#5620 = SURFACE_CURVE('',#5621,(#5625,#5632),.PCURVE_S1.);
#5621 = LINE('',#5622,#5623);
#5622 = CARTESIAN_POINT('',(-31.37231070796,46.255180416009,
    -0.130982545541));
#5623 = VECTOR('',#5624,1.);
#5624 = DIRECTION('',(0.,0.49999728458,-0.866026971527));
#5625 = PCURVE('',#3504,#5626);
#5626 = DEFINITIONAL_REPRESENTATION('',(#5627),#5631);
#5627 = LINE('',#5628,#5629);
#5628 = CARTESIAN_POINT('',(5.716046573901,3.10862446895E-15));
#5629 = VECTOR('',#5630,1.);
#5630 = DIRECTION('',(-2.20999394746E-16,1.));
#5631 = ( GEOMETRIC_REPRESENTATION_CONTEXT(2) 
PARAMETRIC_REPRESENTATION_CONTEXT() REPRESENTATION_CONTEXT('2D SPACE',''
  ) );
#5632 = PCURVE('',#3415,#5633);
#5633 = DEFINITIONAL_REPRESENTATION('',(#5634),#5637);
#5634 = B_SPLINE_CURVE_WITH_KNOTS('',1,(#5635,#5636),.UNSPECIFIED.,.F.,
  .F.,(2,2),(1.028574936261,21.12316435179),.PIECEWISE_BEZIER_KNOTS.);
#5635 = CARTESIAN_POINT('',(2.499467278284E-15,16.287901355162));
#5636 = CARTESIAN_POINT('',(-2.84573066832E-16,18.297360304559));
#5637 = ( GEOMETRIC_REPRESENTATION_CONTEXT(2) 
PARAMETRIC_REPRESENTATION_CONTEXT() REPRESENTATION_CONTEXT('2D SPACE',''
  ) );
#5638 = ORIENTED_EDGE('',*,*,#3461,.T.);
#5639 = ORIENTED_EDGE('',*,*,#5103,.F.);
#5640 = ORIENTED_EDGE('',*,*,#5641,.T.);
#5641 = EDGE_CURVE('',#5104,#5642,#5644,.T.);
#5642 = VERTEX_POINT('',#5643);
#5643 = CARTESIAN_POINT('',(-31.99854447587,59.116111971047,
    -18.10913987458));
#5644 = SURFACE_CURVE('',#5645,(#5649,#5656),.PCURVE_S1.);
#5645 = LINE('',#5646,#5647);
#5646 = CARTESIAN_POINT('',(-31.99854447587,48.116171710278,
    0.94345349901));
#5647 = VECTOR('',#5648,1.);
#5648 = DIRECTION('',(0.,0.49999728458,-0.866026971527));
#5649 = PCURVE('',#3504,#5650);
#5650 = DEFINITIONAL_REPRESENTATION('',(#5651),#5655);
#5651 = LINE('',#5652,#5653);
#5652 = CARTESIAN_POINT('',(6.28318530718,0.));
#5653 = VECTOR('',#5654,1.);
#5654 = DIRECTION('',(0.,1.));
#5655 = ( GEOMETRIC_REPRESENTATION_CONTEXT(2) 
PARAMETRIC_REPRESENTATION_CONTEXT() REPRESENTATION_CONTEXT('2D SPACE',''
  ) );
#5656 = PCURVE('',#5252,#5657);
#5657 = DEFINITIONAL_REPRESENTATION('',(#5658),#5662);
#5658 = LINE('',#5659,#5660);
#5659 = CARTESIAN_POINT('',(0.,0.));
#5660 = VECTOR('',#5661,1.);
#5661 = DIRECTION('',(0.,1.));
#5662 = ( GEOMETRIC_REPRESENTATION_CONTEXT(2) 
PARAMETRIC_REPRESENTATION_CONTEXT() REPRESENTATION_CONTEXT('2D SPACE',''
  ) );
#5663 = ORIENTED_EDGE('',*,*,#5664,.F.);
#5664 = EDGE_CURVE('',#5665,#5642,#5667,.T.);
#5665 = VERTEX_POINT('',#5666);
#5666 = CARTESIAN_POINT('',(-27.99854447587,55.652004084939,
    -20.1091290129));
#5667 = SURFACE_CURVE('',#5668,(#5673,#5680),.PCURVE_S1.);
#5668 = CIRCLE('',#5669,4.);
#5669 = AXIS2_PLACEMENT_3D('',#5670,#5671,#5672);
#5670 = CARTESIAN_POINT('',(-27.99854447587,59.116111971047,
    -18.10913987458));
#5671 = DIRECTION('',(0.,0.49999728458,-0.866026971527));
#5672 = DIRECTION('',(-1.,1.922966167471E-15,1.110216995182E-15));
#5673 = PCURVE('',#3504,#5674);
#5674 = DEFINITIONAL_REPRESENTATION('',(#5675),#5679);
#5675 = LINE('',#5676,#5677);
#5676 = CARTESIAN_POINT('',(-8.881784197001E-16,22.));
#5677 = VECTOR('',#5678,1.);
#5678 = DIRECTION('',(1.,0.));
#5679 = ( GEOMETRIC_REPRESENTATION_CONTEXT(2) 
PARAMETRIC_REPRESENTATION_CONTEXT() REPRESENTATION_CONTEXT('2D SPACE',''
  ) );
#5680 = PCURVE('',#4977,#5681);
#5681 = DEFINITIONAL_REPRESENTATION('',(#5682),#5690);
#5682 = ( BOUNDED_CURVE() B_SPLINE_CURVE(2,(#5683,#5684,#5685,#5686,
#5687,#5688,#5689),.UNSPECIFIED.,.T.,.F.) B_SPLINE_CURVE_WITH_KNOTS((1,2
    ,2,2,2,1),(-2.094395102393,0.,2.094395102393,4.188790204786,
6.28318530718,8.377580409573),.UNSPECIFIED.) CURVE() 
GEOMETRIC_REPRESENTATION_ITEM() RATIONAL_B_SPLINE_CURVE((1.,0.5,1.,0.5,
1.,0.5,1.)) REPRESENTATION_ITEM('') );
#5683 = CARTESIAN_POINT('',(-23.,-19.));
#5684 = CARTESIAN_POINT('',(-23.,-12.07179676972));
#5685 = CARTESIAN_POINT('',(-17.,-15.53589838486));
#5686 = CARTESIAN_POINT('',(-11.,-19.));
#5687 = CARTESIAN_POINT('',(-17.,-22.46410161513));
#5688 = CARTESIAN_POINT('',(-23.,-25.92820323027));
#5689 = CARTESIAN_POINT('',(-23.,-19.));
#5690 = ( GEOMETRIC_REPRESENTATION_CONTEXT(2) 
PARAMETRIC_REPRESENTATION_CONTEXT() REPRESENTATION_CONTEXT('2D SPACE',''
  ) );
#5691 = ORIENTED_EDGE('',*,*,#5692,.F.);
#5692 = EDGE_CURVE('',#5574,#5665,#5693,.T.);
#5693 = SURFACE_CURVE('',#5694,(#5698,#5705),.PCURVE_S1.);
#5694 = LINE('',#5695,#5696);
#5695 = CARTESIAN_POINT('',(-27.99854447587,44.65206382417,
    -1.056535639311));
#5696 = VECTOR('',#5697,1.);
#5697 = DIRECTION('',(0.,0.49999728458,-0.866026971527));
#5698 = PCURVE('',#3504,#5699);
#5699 = DEFINITIONAL_REPRESENTATION('',(#5700),#5704);
#5700 = LINE('',#5701,#5702);
#5701 = CARTESIAN_POINT('',(4.712388980385,1.42108547152E-14));
#5702 = VECTOR('',#5703,1.);
#5703 = DIRECTION('',(0.,1.));
#5704 = ( GEOMETRIC_REPRESENTATION_CONTEXT(2) 
PARAMETRIC_REPRESENTATION_CONTEXT() REPRESENTATION_CONTEXT('2D SPACE',''
  ) );
#5705 = PCURVE('',#4948,#5706);
#5706 = DEFINITIONAL_REPRESENTATION('',(#5707),#5711);
#5707 = LINE('',#5708,#5709);
#5708 = CARTESIAN_POINT('',(38.,2.932379503588E-16));
#5709 = VECTOR('',#5710,1.);
#5710 = DIRECTION('',(2.588449845256E-31,1.));
#5711 = ( GEOMETRIC_REPRESENTATION_CONTEXT(2) 
PARAMETRIC_REPRESENTATION_CONTEXT() REPRESENTATION_CONTEXT('2D SPACE',''
  ) );
#5712 = ADVANCED_FACE('',(#5713),#3415,.F.);
#5713 = FACE_BOUND('',#5714,.F.);
#5714 = EDGE_LOOP('',(#5715,#5716,#5717,#5718,#5719,#5741));
#5715 = ORIENTED_EDGE('',*,*,#5619,.F.);
#5716 = ORIENTED_EDGE('',*,*,#3373,.F.);
#5717 = ORIENTED_EDGE('',*,*,#4812,.F.);
#5718 = ORIENTED_EDGE('',*,*,#4372,.T.);
#5719 = ORIENTED_EDGE('',*,*,#5720,.F.);
#5720 = EDGE_CURVE('',#5721,#4375,#5723,.T.);
#5721 = VERTEX_POINT('',#5722);
#5722 = CARTESIAN_POINT('',(-27.00105647317,48.584735006189,
    -20.62996237275));
#5723 = SURFACE_CURVE('',#5724,(#5728,#5734),.PCURVE_S1.);
#5724 = LINE('',#5725,#5726);
#5725 = CARTESIAN_POINT('',(-27.00105647317,48.584735006189,
    -20.62996237275));
#5726 = VECTOR('',#5727,1.);
#5727 = DIRECTION('',(-5.556931176481E-06,-0.499999999992,0.866025403771
    ));
#5728 = PCURVE('',#3415,#5729);
#5729 = DEFINITIONAL_REPRESENTATION('',(#5730),#5733);
#5730 = B_SPLINE_CURVE_WITH_KNOTS('',1,(#5731,#5732),.UNSPECIFIED.,.F.,
  .F.,(2,2),(0.,13.934597875409),.PIECEWISE_BEZIER_KNOTS.);
#5731 = CARTESIAN_POINT('',(1.,18.076705603489));
#5732 = CARTESIAN_POINT('',(1.,16.683245810528));
#5733 = ( GEOMETRIC_REPRESENTATION_CONTEXT(2) 
PARAMETRIC_REPRESENTATION_CONTEXT() REPRESENTATION_CONTEXT('2D SPACE',''
  ) );
#5734 = PCURVE('',#4796,#5735);
#5735 = DEFINITIONAL_REPRESENTATION('',(#5736),#5740);
#5736 = LINE('',#5737,#5738);
#5737 = CARTESIAN_POINT('',(16.031701129807,20.));
#5738 = VECTOR('',#5739,1.);
#5739 = DIRECTION('',(-0.258819045158,0.965925826274));
#5740 = ( GEOMETRIC_REPRESENTATION_CONTEXT(2) 
PARAMETRIC_REPRESENTATION_CONTEXT() REPRESENTATION_CONTEXT('2D SPACE',''
  ) );
#5741 = ORIENTED_EDGE('',*,*,#5742,.F.);
#5742 = EDGE_CURVE('',#5572,#5721,#5743,.T.);
#5743 = SURFACE_CURVE('',#5744,(#5752,#5781),.PCURVE_S1.);
#5744 = B_SPLINE_CURVE_WITH_KNOTS('',3,(#5745,#5746,#5747,#5748,#5749,
    #5750,#5751),.UNSPECIFIED.,.F.,.F.,(4,3,4),(0.,0.479235139141,
    0.958024776329),.UNSPECIFIED.);
#5745 = CARTESIAN_POINT('',(-31.37231070796,56.816705233649,
    -18.42421259818));
#5746 = CARTESIAN_POINT('',(-30.69400617876,55.419697644006,
    -18.79853965365));
#5747 = CARTESIAN_POINT('',(-29.99018673099,54.03436336906,
    -19.16973770774));
#5748 = CARTESIAN_POINT('',(-29.2611387457,52.66141096296,
    -19.53761919091));
#5749 = CARTESIAN_POINT('',(-28.53276849098,51.289734867652,
    -19.90515868763));
#5750 = CARTESIAN_POINT('',(-27.77931574157,49.930604368985,
    -20.26933776387));
#5751 = CARTESIAN_POINT('',(-27.00105647317,48.584735006189,
    -20.62996237275));
#5752 = PCURVE('',#3415,#5753);
#5753 = DEFINITIONAL_REPRESENTATION('',(#5754),#5780);
#5754 = B_SPLINE_CURVE_WITH_KNOTS('',3,(#5755,#5756,#5757,#5758,#5759,
    #5760,#5761,#5762,#5763,#5764,#5765,#5766,#5767,#5768,#5769,#5770,
    #5771,#5772,#5773,#5774,#5775,#5776,#5777,#5778,#5779),
  .UNSPECIFIED.,.F.,.F.,(4,1,1,1,1,1,1,1,1,1,1,1,1,1,1,1,1,1,1,1,1,1,4),
  (0.,4.354658074222E-02,8.709316148445E-02,0.130639742227,
    0.174186322969,0.217732903711,0.261279484453,0.304826065196,
    0.348372645938,0.39191922668,0.435465807422,0.479012388164,
    0.522558968907,0.566105549649,0.609652130391,0.653198711133,
    0.696745291876,0.740291872618,0.78383845336,0.827385034102,
    0.870931614844,0.914478195587,0.958024776329),
  .QUASI_UNIFORM_KNOTS.);
#5755 = CARTESIAN_POINT('',(0.,18.297360304559));
#5756 = CARTESIAN_POINT('',(1.513673168929E-02,18.29395770594));
#5757 = CARTESIAN_POINT('',(4.541133426631E-02,18.287157672111));
#5758 = CARTESIAN_POINT('',(9.082677704347E-02,18.276973197986));
#5759 = CARTESIAN_POINT('',(0.136245879933,18.266804386865));
#5760 = CARTESIAN_POINT('',(0.18166876454,18.256651325139));
#5761 = CARTESIAN_POINT('',(0.227095552825,18.246514099178));
#5762 = CARTESIAN_POINT('',(0.272526366712,18.236392795428));
#5763 = CARTESIAN_POINT('',(0.31796132962,18.226287500061));
#5764 = CARTESIAN_POINT('',(0.363400560647,18.216198300262));
#5765 = CARTESIAN_POINT('',(0.408844196234,18.20612527944));
#5766 = CARTESIAN_POINT('',(0.454292309237,18.196068535095));
#5767 = CARTESIAN_POINT('',(0.499745210895,18.186028112139));
#5768 = CARTESIAN_POINT('',(0.545202323821,18.176004251743));
#5769 = CARTESIAN_POINT('',(0.590663043086,18.165997199923));
#5770 = CARTESIAN_POINT('',(0.636127684832,18.156006999395));
#5771 = CARTESIAN_POINT('',(0.68159631884,18.14603374734));
#5772 = CARTESIAN_POINT('',(0.727069081306,18.136077526348));
#5773 = CARTESIAN_POINT('',(0.772546091011,18.126138422918));
#5774 = CARTESIAN_POINT('',(0.818027471771,18.1162165225));
#5775 = CARTESIAN_POINT('',(0.8635133464,18.106311910827));
#5776 = CARTESIAN_POINT('',(0.909003838318,18.096424673555));
#5777 = CARTESIAN_POINT('',(0.95449907108,18.086554896362));
#5778 = CARTESIAN_POINT('',(0.984832469412,18.079986742066));
#5779 = CARTESIAN_POINT('',(1.,18.076705603489));
#5780 = ( GEOMETRIC_REPRESENTATION_CONTEXT(2) 
PARAMETRIC_REPRESENTATION_CONTEXT() REPRESENTATION_CONTEXT('2D SPACE',''
  ) );
#5781 = PCURVE('',#4194,#5782);
#5782 = DEFINITIONAL_REPRESENTATION('',(#5783),#5791);
#5783 = B_SPLINE_CURVE_WITH_KNOTS('',3,(#5784,#5785,#5786,#5787,#5788,
    #5789,#5790),.UNSPECIFIED.,.F.,.F.,(4,3,4),(0.,0.479235139141,
    0.958024776329),.UNSPECIFIED.);
#5784 = CARTESIAN_POINT('',(-2.372310707965,24.62890201028));
#5785 = CARTESIAN_POINT('',(-1.694006178762,23.18261332887));
#5786 = CARTESIAN_POINT('',(-0.990186730996,21.748410048753));
#5787 = CARTESIAN_POINT('',(-0.261138745705,20.327025127251));
#5788 = CARTESIAN_POINT('',(0.467231509019,18.90696153991));
#5789 = CARTESIAN_POINT('',(1.220684258427,17.499885809192));
#5790 = CARTESIAN_POINT('',(1.998943526827,16.106539315945));
#5791 = ( GEOMETRIC_REPRESENTATION_CONTEXT(2) 
PARAMETRIC_REPRESENTATION_CONTEXT() REPRESENTATION_CONTEXT('2D SPACE',''
  ) );
#5792 = ADVANCED_FACE('',(#5793),#3732,.T.);
#5793 = FACE_BOUND('',#5794,.T.);
#5794 = EDGE_LOOP('',(#5795,#5796,#5797,#5798,#5818,#5838,#5839));
#5795 = ORIENTED_EDGE('',*,*,#3718,.F.);
#5796 = ORIENTED_EDGE('',*,*,#4282,.T.);
#5797 = ORIENTED_EDGE('',*,*,#4711,.T.);
#5798 = ORIENTED_EDGE('',*,*,#5799,.T.);
#5799 = EDGE_CURVE('',#4712,#5800,#5802,.T.);
#5800 = VERTEX_POINT('',#5801);
#5801 = CARTESIAN_POINT('',(9.,46.067011363679,-21.30458438952));
#5802 = SURFACE_CURVE('',#5803,(#5806,#5812),.PCURVE_S1.);
#5803 = B_SPLINE_CURVE_WITH_KNOTS('',1,(#5804,#5805),.UNSPECIFIED.,.F.,
  .F.,(2,2),(0.,1.),.PIECEWISE_BEZIER_KNOTS.);
#5804 = CARTESIAN_POINT('',(9.,45.05833107953,-21.40384162564));
#5805 = CARTESIAN_POINT('',(9.,46.067011363679,-21.30458438952));
#5806 = PCURVE('',#3732,#5807);
#5807 = DEFINITIONAL_REPRESENTATION('',(#5808),#5811);
#5808 = B_SPLINE_CURVE_WITH_KNOTS('',1,(#5809,#5810),.UNSPECIFIED.,.F.,
  .F.,(2,2),(0.,1.),.PIECEWISE_BEZIER_KNOTS.);
#5809 = CARTESIAN_POINT('',(-56.71542267442,0.857269186048));
#5810 = CARTESIAN_POINT('',(-58.,1.));
#5811 = ( GEOMETRIC_REPRESENTATION_CONTEXT(2) 
PARAMETRIC_REPRESENTATION_CONTEXT() REPRESENTATION_CONTEXT('2D SPACE',''
  ) );
#5812 = PCURVE('',#4747,#5813);
#5813 = DEFINITIONAL_REPRESENTATION('',(#5814),#5817);
#5814 = B_SPLINE_CURVE_WITH_KNOTS('',1,(#5815,#5816),.UNSPECIFIED.,.F.,
  .F.,(2,2),(0.,1.),.PIECEWISE_BEZIER_KNOTS.);
#5815 = CARTESIAN_POINT('',(52.812723247312,20.165190540145));
#5816 = CARTESIAN_POINT('',(51.812723247312,20.));
#5817 = ( GEOMETRIC_REPRESENTATION_CONTEXT(2) 
PARAMETRIC_REPRESENTATION_CONTEXT() REPRESENTATION_CONTEXT('2D SPACE',''
  ) );
#5818 = ORIENTED_EDGE('',*,*,#5819,.F.);
#5819 = EDGE_CURVE('',#3807,#5800,#5820,.T.);
#5820 = SURFACE_CURVE('',#5821,(#5824,#5831),.PCURVE_S1.);
#5821 = B_SPLINE_CURVE_WITH_KNOTS('',1,(#5822,#5823),.UNSPECIFIED.,.F.,
  .F.,(2,2),(0.,1.),.PIECEWISE_BEZIER_KNOTS.);
#5822 = CARTESIAN_POINT('',(18.,39.,-22.));
#5823 = CARTESIAN_POINT('',(9.,46.067011363679,-21.30458438952));
#5824 = PCURVE('',#3732,#5825);
#5825 = DEFINITIONAL_REPRESENTATION('',(#5826),#5830);
#5826 = LINE('',#5827,#5828);
#5827 = CARTESIAN_POINT('',(-58.,0.));
#5828 = VECTOR('',#5829,1.);
#5829 = DIRECTION('',(0.,1.));
#5830 = ( GEOMETRIC_REPRESENTATION_CONTEXT(2) 
PARAMETRIC_REPRESENTATION_CONTEXT() REPRESENTATION_CONTEXT('2D SPACE',''
  ) );
#5831 = PCURVE('',#3870,#5832);
#5832 = DEFINITIONAL_REPRESENTATION('',(#5833),#5837);
#5833 = LINE('',#5834,#5835);
#5834 = CARTESIAN_POINT('',(-29.,0.));
#5835 = VECTOR('',#5836,1.);
#5836 = DIRECTION('',(0.,1.));
#5837 = ( GEOMETRIC_REPRESENTATION_CONTEXT(2) 
PARAMETRIC_REPRESENTATION_CONTEXT() REPRESENTATION_CONTEXT('2D SPACE',''
  ) );
#5838 = ORIENTED_EDGE('',*,*,#3806,.F.);
#5839 = ORIENTED_EDGE('',*,*,#3990,.T.);
#5840 = ADVANCED_FACE('',(#5841),#3870,.T.);
#5841 = FACE_BOUND('',#5842,.T.);
#5842 = EDGE_LOOP('',(#5843,#5863,#5864,#5865));
#5843 = ORIENTED_EDGE('',*,*,#5844,.F.);
#5844 = EDGE_CURVE('',#3827,#4211,#5845,.T.);
#5845 = SURFACE_CURVE('',#5846,(#5849,#5856),.PCURVE_S1.);
#5846 = B_SPLINE_CURVE_WITH_KNOTS('',1,(#5847,#5848),.UNSPECIFIED.,.F.,
  .F.,(2,2),(0.,1.),.PIECEWISE_BEZIER_KNOTS.);
#5847 = CARTESIAN_POINT('',(18.,39.,-12.27226284096));
#5848 = CARTESIAN_POINT('',(9.,43.54928772117,-11.90831183626));
#5849 = PCURVE('',#3870,#5850);
#5850 = DEFINITIONAL_REPRESENTATION('',(#5851),#5855);
#5851 = LINE('',#5852,#5853);
#5852 = CARTESIAN_POINT('',(-38.72773715903,0.));
#5853 = VECTOR('',#5854,1.);
#5854 = DIRECTION('',(0.,1.));
#5855 = ( GEOMETRIC_REPRESENTATION_CONTEXT(2) 
PARAMETRIC_REPRESENTATION_CONTEXT() REPRESENTATION_CONTEXT('2D SPACE',''
  ) );
#5856 = PCURVE('',#3930,#5857);
#5857 = DEFINITIONAL_REPRESENTATION('',(#5858),#5862);
#5858 = LINE('',#5859,#5860);
#5859 = CARTESIAN_POINT('',(1.,0.));
#5860 = VECTOR('',#5861,1.);
#5861 = DIRECTION('',(0.,1.));
#5862 = ( GEOMETRIC_REPRESENTATION_CONTEXT(2) 
PARAMETRIC_REPRESENTATION_CONTEXT() REPRESENTATION_CONTEXT('2D SPACE',''
  ) );
#5863 = ORIENTED_EDGE('',*,*,#3826,.F.);
#5864 = ORIENTED_EDGE('',*,*,#5819,.T.);
#5865 = ORIENTED_EDGE('',*,*,#5866,.F.);
#5866 = EDGE_CURVE('',#4211,#5800,#5867,.T.);
#5867 = SURFACE_CURVE('',#5868,(#5872,#5879),.PCURVE_S1.);
#5868 = LINE('',#5869,#5870);
#5869 = CARTESIAN_POINT('',(9.,53.572763671653,-49.31643335191));
#5870 = VECTOR('',#5871,1.);
#5871 = DIRECTION('',(0.,0.258819045103,-0.965925826289));
#5872 = PCURVE('',#3870,#5873);
#5873 = DEFINITIONAL_REPRESENTATION('',(#5874),#5878);
#5874 = LINE('',#5875,#5876);
#5875 = CARTESIAN_POINT('',(0.,1.));
#5876 = VECTOR('',#5877,1.);
#5877 = DIRECTION('',(1.,0.));
#5878 = ( GEOMETRIC_REPRESENTATION_CONTEXT(2) 
PARAMETRIC_REPRESENTATION_CONTEXT() REPRESENTATION_CONTEXT('2D SPACE',''
  ) );
#5879 = PCURVE('',#4225,#5880);
#5880 = DEFINITIONAL_REPRESENTATION('',(#5881),#5885);
#5881 = LINE('',#5882,#5883);
#5882 = CARTESIAN_POINT('',(51.812723247312,-9.));
#5883 = VECTOR('',#5884,1.);
#5884 = DIRECTION('',(0.,-1.));
#5885 = ( GEOMETRIC_REPRESENTATION_CONTEXT(2) 
PARAMETRIC_REPRESENTATION_CONTEXT() REPRESENTATION_CONTEXT('2D SPACE',''
  ) );
#5886 = ADVANCED_FACE('',(#5887),#3930,.T.);
#5887 = FACE_BOUND('',#5888,.T.);
#5888 = EDGE_LOOP('',(#5889,#5890,#5891));
#5889 = ORIENTED_EDGE('',*,*,#3896,.F.);
#5890 = ORIENTED_EDGE('',*,*,#5844,.T.);
#5891 = ORIENTED_EDGE('',*,*,#4237,.T.);
#5892 = ADVANCED_FACE('',(#5893),#4225,.F.);
#5893 = FACE_BOUND('',#5894,.F.);
#5894 = EDGE_LOOP('',(#5895,#5896,#5897));
#5895 = ORIENTED_EDGE('',*,*,#5866,.F.);
#5896 = ORIENTED_EDGE('',*,*,#4210,.T.);
#5897 = ORIENTED_EDGE('',*,*,#5898,.F.);
#5898 = EDGE_CURVE('',#5800,#4153,#5899,.T.);
#5899 = SURFACE_CURVE('',#5900,(#5904,#5911),.PCURVE_S1.);
#5900 = LINE('',#5901,#5902);
#5901 = CARTESIAN_POINT('',(9.,64.570635793701,-16.34655316645));
#5902 = VECTOR('',#5903,1.);
#5903 = DIRECTION('',(4.86533014036E-16,0.965925826289,0.258819045103));
#5904 = PCURVE('',#4225,#5905);
#5905 = DEFINITIONAL_REPRESENTATION('',(#5906),#5910);
#5906 = LINE('',#5907,#5908);
#5907 = CARTESIAN_POINT('',(32.656361623656,20.));
#5908 = VECTOR('',#5909,1.);
#5909 = DIRECTION('',(-1.,0.));
#5910 = ( GEOMETRIC_REPRESENTATION_CONTEXT(2) 
PARAMETRIC_REPRESENTATION_CONTEXT() REPRESENTATION_CONTEXT('2D SPACE',''
  ) );
#5911 = PCURVE('',#4194,#5912);
#5912 = DEFINITIONAL_REPRESENTATION('',(#5913),#5917);
#5913 = LINE('',#5914,#5915);
#5914 = CARTESIAN_POINT('',(38.,32.656361623656));
#5915 = VECTOR('',#5916,1.);
#5916 = DIRECTION('',(4.86533014036E-16,1.));
#5917 = ( GEOMETRIC_REPRESENTATION_CONTEXT(2) 
PARAMETRIC_REPRESENTATION_CONTEXT() REPRESENTATION_CONTEXT('2D SPACE',''
  ) );
#5918 = ADVANCED_FACE('',(#5919),#4194,.F.);
#5919 = FACE_BOUND('',#5920,.F.);
#5920 = EDGE_LOOP('',(#5921,#5922,#5923,#5944,#5945,#5966,#5967,#5968,
    #5969));
#5921 = ORIENTED_EDGE('',*,*,#5571,.F.);
#5922 = ORIENTED_EDGE('',*,*,#5742,.T.);
#5923 = ORIENTED_EDGE('',*,*,#5924,.F.);
#5924 = EDGE_CURVE('',#4760,#5721,#5925,.T.);
#5925 = SURFACE_CURVE('',#5926,(#5930,#5937),.PCURVE_S1.);
#5926 = LINE('',#5927,#5928);
#5927 = CARTESIAN_POINT('',(-27.00113390677,45.10108553739,
    -21.56340343463));
#5928 = VECTOR('',#5929,1.);
#5929 = DIRECTION('',(2.147033335734E-05,0.965925826066,0.258819045043)
  );
#5930 = PCURVE('',#4194,#5931);
#5931 = DEFINITIONAL_REPRESENTATION('',(#5932),#5936);
#5932 = LINE('',#5933,#5934);
#5933 = CARTESIAN_POINT('',(1.998866093226,12.5));
#5934 = VECTOR('',#5935,1.);
#5935 = DIRECTION('',(2.147033335734E-05,0.99999999977));
#5936 = ( GEOMETRIC_REPRESENTATION_CONTEXT(2) 
PARAMETRIC_REPRESENTATION_CONTEXT() REPRESENTATION_CONTEXT('2D SPACE',''
  ) );
#5937 = PCURVE('',#4796,#5938);
#5938 = DEFINITIONAL_REPRESENTATION('',(#5939),#5943);
#5939 = LINE('',#5940,#5941);
#5940 = CARTESIAN_POINT('',(12.42516181303,20.));
#5941 = VECTOR('',#5942,1.);
#5942 = DIRECTION('',(1.,-1.609823385706E-15));
#5943 = ( GEOMETRIC_REPRESENTATION_CONTEXT(2) 
PARAMETRIC_REPRESENTATION_CONTEXT() REPRESENTATION_CONTEXT('2D SPACE',''
  ) );
#5944 = ORIENTED_EDGE('',*,*,#4759,.F.);
#5945 = ORIENTED_EDGE('',*,*,#5946,.T.);
#5946 = EDGE_CURVE('',#4732,#5800,#5947,.T.);
#5947 = SURFACE_CURVE('',#5948,(#5952,#5959),.PCURVE_S1.);
#5948 = LINE('',#5949,#5950);
#5949 = CARTESIAN_POINT('',(9.,64.570635793701,-16.34655316645));
#5950 = VECTOR('',#5951,1.);
#5951 = DIRECTION('',(4.86533014036E-16,0.965925826289,0.258819045103));
#5952 = PCURVE('',#4194,#5953);
#5953 = DEFINITIONAL_REPRESENTATION('',(#5954),#5958);
#5954 = LINE('',#5955,#5956);
#5955 = CARTESIAN_POINT('',(38.,32.656361623656));
#5956 = VECTOR('',#5957,1.);
#5957 = DIRECTION('',(4.86533014036E-16,1.));
#5958 = ( GEOMETRIC_REPRESENTATION_CONTEXT(2) 
PARAMETRIC_REPRESENTATION_CONTEXT() REPRESENTATION_CONTEXT('2D SPACE',''
  ) );
#5959 = PCURVE('',#4747,#5960);
#5960 = DEFINITIONAL_REPRESENTATION('',(#5961),#5965);
#5961 = LINE('',#5962,#5963);
#5962 = CARTESIAN_POINT('',(32.656361623656,20.));
#5963 = VECTOR('',#5964,1.);
#5964 = DIRECTION('',(-1.,0.));
#5965 = ( GEOMETRIC_REPRESENTATION_CONTEXT(2) 
PARAMETRIC_REPRESENTATION_CONTEXT() REPRESENTATION_CONTEXT('2D SPACE',''
  ) );
#5966 = ORIENTED_EDGE('',*,*,#5898,.T.);
#5967 = ORIENTED_EDGE('',*,*,#4152,.T.);
#5968 = ORIENTED_EDGE('',*,*,#4886,.F.);
#5969 = ORIENTED_EDGE('',*,*,#5970,.F.);
#5970 = EDGE_CURVE('',#5574,#4887,#5971,.T.);
#5971 = SURFACE_CURVE('',#5972,(#5976,#5983),.PCURVE_S1.);
#5972 = LINE('',#5973,#5974);
#5973 = CARTESIAN_POINT('',(-9.499272237935,54.965590548205,
    -18.92021728325));
#5974 = VECTOR('',#5975,1.);
#5975 = DIRECTION('',(1.,2.337309667104E-16,6.262802377619E-17));
#5976 = PCURVE('',#4194,#5977);
#5977 = DEFINITIONAL_REPRESENTATION('',(#5978),#5982);
#5978 = LINE('',#5979,#5980);
#5979 = CARTESIAN_POINT('',(19.500727762065,22.712487069233));
#5980 = VECTOR('',#5981,1.);
#5981 = DIRECTION('',(1.,2.419761024595E-16));
#5982 = ( GEOMETRIC_REPRESENTATION_CONTEXT(2) 
PARAMETRIC_REPRESENTATION_CONTEXT() REPRESENTATION_CONTEXT('2D SPACE',''
  ) );
#5983 = PCURVE('',#4948,#5984);
#5984 = DEFINITIONAL_REPRESENTATION('',(#5985),#5989);
#5985 = LINE('',#5986,#5987);
#5986 = CARTESIAN_POINT('',(19.500727762065,20.627165470888));
#5987 = VECTOR('',#5988,1.);
#5988 = DIRECTION('',(-1.,6.262729091392E-17));
#5989 = ( GEOMETRIC_REPRESENTATION_CONTEXT(2) 
PARAMETRIC_REPRESENTATION_CONTEXT() REPRESENTATION_CONTEXT('2D SPACE',''
  ) );
#5990 = ADVANCED_FACE('',(#5991),#4796,.F.);
#5991 = FACE_BOUND('',#5992,.F.);
#5992 = EDGE_LOOP('',(#5993,#5994,#5995));
#5993 = ORIENTED_EDGE('',*,*,#5720,.T.);
#5994 = ORIENTED_EDGE('',*,*,#4782,.F.);
#5995 = ORIENTED_EDGE('',*,*,#5924,.T.);
#5996 = ADVANCED_FACE('',(#5997),#4747,.F.);
#5997 = FACE_BOUND('',#5998,.F.);
#5998 = EDGE_LOOP('',(#5999,#6000,#6001));
#5999 = ORIENTED_EDGE('',*,*,#4731,.F.);
#6000 = ORIENTED_EDGE('',*,*,#5799,.T.);
#6001 = ORIENTED_EDGE('',*,*,#5946,.F.);
#6002 = ADVANCED_FACE('',(#6003),#4948,.T.);
#6003 = FACE_BOUND('',#6004,.T.);
#6004 = EDGE_LOOP('',(#6005,#6006,#6007,#6028));
#6005 = ORIENTED_EDGE('',*,*,#5970,.F.);
#6006 = ORIENTED_EDGE('',*,*,#5692,.T.);
#6007 = ORIENTED_EDGE('',*,*,#6008,.F.);
#6008 = EDGE_CURVE('',#4933,#5665,#6009,.T.);
#6009 = SURFACE_CURVE('',#6010,(#6014,#6021),.PCURVE_S1.);
#6010 = LINE('',#6011,#6012);
#6011 = CARTESIAN_POINT('',(10.00145552413,55.652004084939,
    -20.1091290129));
#6012 = VECTOR('',#6013,1.);
#6013 = DIRECTION('',(-1.,-2.024174913128E-16,-1.168649468613E-16));
#6014 = PCURVE('',#4948,#6015);
#6015 = DEFINITIONAL_REPRESENTATION('',(#6016),#6020);
#6016 = LINE('',#6017,#6018);
#6017 = CARTESIAN_POINT('',(1.577721810442E-30,22.));
#6018 = VECTOR('',#6019,1.);
#6019 = DIRECTION('',(1.,-2.465190328816E-31));
#6020 = ( GEOMETRIC_REPRESENTATION_CONTEXT(2) 
PARAMETRIC_REPRESENTATION_CONTEXT() REPRESENTATION_CONTEXT('2D SPACE',''
  ) );
#6021 = PCURVE('',#4977,#6022);
#6022 = DEFINITIONAL_REPRESENTATION('',(#6023),#6027);
#6023 = LINE('',#6024,#6025);
#6024 = CARTESIAN_POINT('',(19.,-23.));
#6025 = VECTOR('',#6026,1.);
#6026 = DIRECTION('',(-1.,-2.33731163079E-16));
#6027 = ( GEOMETRIC_REPRESENTATION_CONTEXT(2) 
PARAMETRIC_REPRESENTATION_CONTEXT() REPRESENTATION_CONTEXT('2D SPACE',''
  ) );
#6028 = ORIENTED_EDGE('',*,*,#4932,.F.);
#6029 = ADVANCED_FACE('',(#6030,#6158,#6310),#4977,.F.);
#6030 = FACE_BOUND('',#6031,.F.);
#6031 = EDGE_LOOP('',(#6032,#6055,#6056,#6057,#6058,#6081,#6109,#6132));
#6032 = ORIENTED_EDGE('',*,*,#6033,.F.);
#6033 = EDGE_CURVE('',#5642,#6034,#6036,.T.);
#6034 = VERTEX_POINT('',#6035);
#6035 = CARTESIAN_POINT('',(-31.99854447587,92.025136889073,
    0.890756939472));
#6036 = SURFACE_CURVE('',#6037,(#6041,#6048),.PCURVE_S1.);
#6037 = LINE('',#6038,#6039);
#6038 = CARTESIAN_POINT('',(-31.99854447587,92.025136889073,
    0.890756939472));
#6039 = VECTOR('',#6040,1.);
#6040 = DIRECTION('',(-2.33731163079E-16,0.866026971527,0.49999728458));
#6041 = PCURVE('',#4977,#6042);
#6042 = DEFINITIONAL_REPRESENTATION('',(#6043),#6047);
#6043 = LINE('',#6044,#6045);
#6044 = CARTESIAN_POINT('',(-23.,19.));
#6045 = VECTOR('',#6046,1.);
#6046 = DIRECTION('',(-2.33731163079E-16,1.));
#6047 = ( GEOMETRIC_REPRESENTATION_CONTEXT(2) 
PARAMETRIC_REPRESENTATION_CONTEXT() REPRESENTATION_CONTEXT('2D SPACE',''
  ) );
#6048 = PCURVE('',#5252,#6049);
#6049 = DEFINITIONAL_REPRESENTATION('',(#6050),#6054);
#6050 = LINE('',#6051,#6052);
#6051 = CARTESIAN_POINT('',(38.,22.));
#6052 = VECTOR('',#6053,1.);
#6053 = DIRECTION('',(1.,0.));
#6054 = ( GEOMETRIC_REPRESENTATION_CONTEXT(2) 
PARAMETRIC_REPRESENTATION_CONTEXT() REPRESENTATION_CONTEXT('2D SPACE',''
  ) );
#6055 = ORIENTED_EDGE('',*,*,#5664,.F.);
#6056 = ORIENTED_EDGE('',*,*,#6008,.F.);
#6057 = ORIENTED_EDGE('',*,*,#4960,.F.);
#6058 = ORIENTED_EDGE('',*,*,#6059,.F.);
#6059 = EDGE_CURVE('',#6060,#4961,#6062,.T.);
#6060 = VERTEX_POINT('',#6061);
#6061 = CARTESIAN_POINT('',(14.00145552413,92.025136889073,
    0.890756939472));
#6062 = SURFACE_CURVE('',#6063,(#6067,#6074),.PCURVE_S1.);
#6063 = LINE('',#6064,#6065);
#6064 = CARTESIAN_POINT('',(14.00145552413,92.025136889073,
    0.890756939472));
#6065 = VECTOR('',#6066,1.);
#6066 = DIRECTION('',(-1.168655815395E-16,-0.866026971527,-0.49999728458
    ));
#6067 = PCURVE('',#4977,#6068);
#6068 = DEFINITIONAL_REPRESENTATION('',(#6069),#6073);
#6069 = LINE('',#6070,#6071);
#6070 = CARTESIAN_POINT('',(23.,19.));
#6071 = VECTOR('',#6072,1.);
#6072 = DIRECTION('',(-1.168655815395E-16,-1.));
#6073 = ( GEOMETRIC_REPRESENTATION_CONTEXT(2) 
PARAMETRIC_REPRESENTATION_CONTEXT() REPRESENTATION_CONTEXT('2D SPACE',''
  ) );
#6074 = PCURVE('',#5009,#6075);
#6075 = DEFINITIONAL_REPRESENTATION('',(#6076),#6080);
#6076 = LINE('',#6077,#6078);
#6077 = CARTESIAN_POINT('',(-6.572520305781E-14,22.));
#6078 = VECTOR('',#6079,1.);
#6079 = DIRECTION('',(1.,0.));
#6080 = ( GEOMETRIC_REPRESENTATION_CONTEXT(2) 
PARAMETRIC_REPRESENTATION_CONTEXT() REPRESENTATION_CONTEXT('2D SPACE',''
  ) );
#6081 = ORIENTED_EDGE('',*,*,#6082,.F.);
#6082 = EDGE_CURVE('',#6083,#6060,#6085,.T.);
#6083 = VERTEX_POINT('',#6084);
#6084 = CARTESIAN_POINT('',(10.00145552413,95.489244775181,
    2.890746077793));
#6085 = SURFACE_CURVE('',#6086,(#6091,#6102),.PCURVE_S1.);
#6086 = CIRCLE('',#6087,4.);
#6087 = AXIS2_PLACEMENT_3D('',#6088,#6089,#6090);
#6088 = CARTESIAN_POINT('',(10.00145552413,92.025136889073,
    0.890756939472));
#6089 = DIRECTION('',(3.944304526105E-31,0.49999728458,-0.866026971527)
  );
#6090 = DIRECTION('',(1.,3.845932334943E-15,2.220433990365E-15));
#6091 = PCURVE('',#4977,#6092);
#6092 = DEFINITIONAL_REPRESENTATION('',(#6093),#6101);
#6093 = ( BOUNDED_CURVE() B_SPLINE_CURVE(2,(#6094,#6095,#6096,#6097,
#6098,#6099,#6100),.UNSPECIFIED.,.T.,.F.) B_SPLINE_CURVE_WITH_KNOTS((1,2
    ,2,2,2,1),(-2.094395102393,0.,2.094395102393,4.188790204786,
6.28318530718,8.377580409573),.UNSPECIFIED.) CURVE() 
GEOMETRIC_REPRESENTATION_ITEM() RATIONAL_B_SPLINE_CURVE((1.,0.5,1.,0.5,
1.,0.5,1.)) REPRESENTATION_ITEM('') );
#6094 = CARTESIAN_POINT('',(23.,19.));
#6095 = CARTESIAN_POINT('',(23.,12.071796769724));
#6096 = CARTESIAN_POINT('',(17.,15.535898384862));
#6097 = CARTESIAN_POINT('',(11.,19.));
#6098 = CARTESIAN_POINT('',(17.,22.464101615138));
#6099 = CARTESIAN_POINT('',(23.,25.928203230276));
#6100 = CARTESIAN_POINT('',(23.,19.));
#6101 = ( GEOMETRIC_REPRESENTATION_CONTEXT(2) 
PARAMETRIC_REPRESENTATION_CONTEXT() REPRESENTATION_CONTEXT('2D SPACE',''
  ) );
#6102 = PCURVE('',#5169,#6103);
#6103 = DEFINITIONAL_REPRESENTATION('',(#6104),#6108);
#6104 = LINE('',#6105,#6106);
#6105 = CARTESIAN_POINT('',(-8.881784197001E-16,22.));
#6106 = VECTOR('',#6107,1.);
#6107 = DIRECTION('',(1.,-4.52345554697E-15));
#6108 = ( GEOMETRIC_REPRESENTATION_CONTEXT(2) 
PARAMETRIC_REPRESENTATION_CONTEXT() REPRESENTATION_CONTEXT('2D SPACE',''
  ) );
#6109 = ORIENTED_EDGE('',*,*,#6110,.F.);
#6110 = EDGE_CURVE('',#6111,#6083,#6113,.T.);
#6111 = VERTEX_POINT('',#6112);
#6112 = CARTESIAN_POINT('',(-27.99854447587,95.489244775181,
    2.890746077794));
#6113 = SURFACE_CURVE('',#6114,(#6118,#6125),.PCURVE_S1.);
#6114 = LINE('',#6115,#6116);
#6115 = CARTESIAN_POINT('',(-8.99854447587,95.489244775181,
    2.890746077794));
#6116 = VECTOR('',#6117,1.);
#6117 = DIRECTION('',(1.,0.,0.));
#6118 = PCURVE('',#4977,#6119);
#6119 = DEFINITIONAL_REPRESENTATION('',(#6120),#6124);
#6120 = LINE('',#6121,#6122);
#6121 = CARTESIAN_POINT('',(3.552713678801E-15,23.));
#6122 = VECTOR('',#6123,1.);
#6123 = DIRECTION('',(1.,0.));
#6124 = ( GEOMETRIC_REPRESENTATION_CONTEXT(2) 
PARAMETRIC_REPRESENTATION_CONTEXT() REPRESENTATION_CONTEXT('2D SPACE',''
  ) );
#6125 = PCURVE('',#5197,#6126);
#6126 = DEFINITIONAL_REPRESENTATION('',(#6127),#6131);
#6127 = LINE('',#6128,#6129);
#6128 = CARTESIAN_POINT('',(19.,22.));
#6129 = VECTOR('',#6130,1.);
#6130 = DIRECTION('',(1.,0.));
#6131 = ( GEOMETRIC_REPRESENTATION_CONTEXT(2) 
PARAMETRIC_REPRESENTATION_CONTEXT() REPRESENTATION_CONTEXT('2D SPACE',''
  ) );
#6132 = ORIENTED_EDGE('',*,*,#6133,.F.);
#6133 = EDGE_CURVE('',#6034,#6111,#6134,.T.);
#6134 = SURFACE_CURVE('',#6135,(#6140,#6151),.PCURVE_S1.);
#6135 = CIRCLE('',#6136,4.);
#6136 = AXIS2_PLACEMENT_3D('',#6137,#6138,#6139);
#6137 = CARTESIAN_POINT('',(-27.99854447587,92.025136889073,
    0.890756939472));
#6138 = DIRECTION('',(0.,0.49999728458,-0.866026971527));
#6139 = DIRECTION('',(-2.775557561563E-15,0.866026971527,0.49999728458)
  );
#6140 = PCURVE('',#4977,#6141);
#6141 = DEFINITIONAL_REPRESENTATION('',(#6142),#6150);
#6142 = ( BOUNDED_CURVE() B_SPLINE_CURVE(2,(#6143,#6144,#6145,#6146,
#6147,#6148,#6149),.UNSPECIFIED.,.T.,.F.) B_SPLINE_CURVE_WITH_KNOTS((1,2
    ,2,2,2,1),(-2.094395102393,0.,2.094395102393,4.188790204786,
6.28318530718,8.377580409573),.UNSPECIFIED.) CURVE() 
GEOMETRIC_REPRESENTATION_ITEM() RATIONAL_B_SPLINE_CURVE((1.,0.5,1.,0.5,
1.,0.5,1.)) REPRESENTATION_ITEM('') );
#6143 = CARTESIAN_POINT('',(-19.,23.));
#6144 = CARTESIAN_POINT('',(-12.07179676972,23.));
#6145 = CARTESIAN_POINT('',(-15.53589838486,17.));
#6146 = CARTESIAN_POINT('',(-19.,11.));
#6147 = CARTESIAN_POINT('',(-22.46410161513,17.));
#6148 = CARTESIAN_POINT('',(-25.92820323027,23.));
#6149 = CARTESIAN_POINT('',(-19.,23.));
#6150 = ( GEOMETRIC_REPRESENTATION_CONTEXT(2) 
PARAMETRIC_REPRESENTATION_CONTEXT() REPRESENTATION_CONTEXT('2D SPACE',''
  ) );
#6151 = PCURVE('',#5226,#6152);
#6152 = DEFINITIONAL_REPRESENTATION('',(#6153),#6157);
#6153 = LINE('',#6154,#6155);
#6154 = CARTESIAN_POINT('',(1.15463194561E-14,22.));
#6155 = VECTOR('',#6156,1.);
#6156 = DIRECTION('',(1.,0.));
#6157 = ( GEOMETRIC_REPRESENTATION_CONTEXT(2) 
PARAMETRIC_REPRESENTATION_CONTEXT() REPRESENTATION_CONTEXT('2D SPACE',''
  ) );
#6158 = FACE_BOUND('',#6159,.F.);
#6159 = EDGE_LOOP('',(#6160,#6194,#6227,#6255,#6284));
#6160 = ORIENTED_EDGE('',*,*,#6161,.F.);
#6161 = EDGE_CURVE('',#6162,#6164,#6166,.T.);
#6162 = VERTEX_POINT('',#6163);
#6163 = CARTESIAN_POINT('',(-19.44354447587,73.001305261111,
    -10.09257783995));
#6164 = VERTEX_POINT('',#6165);
#6165 = CARTESIAN_POINT('',(-14.78105604255,74.935563920365,
    -8.975841168834));
#6166 = SURFACE_CURVE('',#6167,(#6172,#6179),.PCURVE_S1.);
#6167 = ELLIPSE('',#6168,3.300000000016,3.3);
#6168 = AXIS2_PLACEMENT_3D('',#6169,#6170,#6171);
#6169 = CARTESIAN_POINT('',(-17.99854447587,75.570644699772,
    -8.609179764917));
#6170 = DIRECTION('',(0.,-0.49999728458,0.866026971527));
#6171 = DIRECTION('',(0.,-0.866026971527,-0.49999728458));
#6172 = PCURVE('',#4977,#6173);
#6173 = DEFINITIONAL_REPRESENTATION('',(#6174),#6178);
#6174 = CIRCLE('',#6175,3.300000000016);
#6175 = AXIS2_PLACEMENT_2D('',#6176,#6177);
#6176 = CARTESIAN_POINT('',(-9.,2.340540419618E-05));
#6177 = DIRECTION('',(0.,-1.));
#6178 = ( GEOMETRIC_REPRESENTATION_CONTEXT(2) 
PARAMETRIC_REPRESENTATION_CONTEXT() REPRESENTATION_CONTEXT('2D SPACE',''
  ) );
#6179 = PCURVE('',#6180,#6185);
#6180 = CYLINDRICAL_SURFACE('',#6181,3.3);
#6181 = AXIS2_PLACEMENT_3D('',#6182,#6183,#6184);
#6182 = CARTESIAN_POINT('',(-17.99854447587,75.570643550109,
    -8.609177773644));
#6183 = DIRECTION('',(0.,-0.5,0.866025403784));
#6184 = DIRECTION('',(0.,0.866025403784,0.5));
#6185 = DEFINITIONAL_REPRESENTATION('',(#6186),#6193);
#6186 = B_SPLINE_CURVE_WITH_KNOTS('',5,(#6187,#6188,#6189,#6190,#6191,
    #6192),.UNSPECIFIED.,.F.,.F.,(6,6),(4.877369085903,7.689001528456),
  .PIECEWISE_BEZIER_KNOTS.);
#6187 = CARTESIAN_POINT('',(1.735776432313,-5.999873238238E-07));
#6188 = CARTESIAN_POINT('',(2.298102920824,5.139472071233E-06));
#6189 = CARTESIAN_POINT('',(2.860429409334,1.034640820251E-05));
#6190 = CARTESIAN_POINT('',(3.422755897845,1.034640820251E-05));
#6191 = CARTESIAN_POINT('',(3.985082386356,5.139472071233E-06));
#6192 = CARTESIAN_POINT('',(4.547408874867,-5.999873238238E-07));
#6193 = ( GEOMETRIC_REPRESENTATION_CONTEXT(2) 
PARAMETRIC_REPRESENTATION_CONTEXT() REPRESENTATION_CONTEXT('2D SPACE',''
  ) );
#6194 = ORIENTED_EDGE('',*,*,#6195,.F.);
#6195 = EDGE_CURVE('',#6196,#6162,#6198,.T.);
#6196 = VERTEX_POINT('',#6197);
#6197 = CARTESIAN_POINT('',(-18.99854447587,78.168725614365,
    -7.109187911169));
#6198 = SURFACE_CURVE('',#6199,(#6204,#6211),.PCURVE_S1.);
#6199 = ELLIPSE('',#6200,3.000000000015,3.);
#6200 = AXIS2_PLACEMENT_3D('',#6201,#6202,#6203);
#6201 = CARTESIAN_POINT('',(-18.99854447587,75.570644699772,
    -8.609179764917));
#6202 = DIRECTION('',(0.,-0.49999728458,0.866026971527));
#6203 = DIRECTION('',(0.,-0.866026971527,-0.49999728458));
#6204 = PCURVE('',#4977,#6205);
#6205 = DEFINITIONAL_REPRESENTATION('',(#6206),#6210);
#6206 = ELLIPSE('',#6207,3.000000000015,3.);
#6207 = AXIS2_PLACEMENT_2D('',#6208,#6209);
#6208 = CARTESIAN_POINT('',(-10.,2.340540417677E-05));
#6209 = DIRECTION('',(0.,-1.));
#6210 = ( GEOMETRIC_REPRESENTATION_CONTEXT(2) 
PARAMETRIC_REPRESENTATION_CONTEXT() REPRESENTATION_CONTEXT('2D SPACE',''
  ) );
#6211 = PCURVE('',#6212,#6217);
#6212 = CYLINDRICAL_SURFACE('',#6213,3.);
#6213 = AXIS2_PLACEMENT_3D('',#6214,#6215,#6216);
#6214 = CARTESIAN_POINT('',(-18.99854447587,75.620643550109,
    -8.695780314022));
#6215 = DIRECTION('',(0.,-0.5,0.866025403784));
#6216 = DIRECTION('',(0.,0.866025403784,0.5));
#6217 = DEFINITIONAL_REPRESENTATION('',(#6218),#6226);
#6218 = B_SPLINE_CURVE_WITH_KNOTS('',6,(#6219,#6220,#6221,#6222,#6223,
    #6224,#6225),.UNSPECIFIED.,.F.,.F.,(7,7),(3.14159265359,
    9.424777960769),.PIECEWISE_BEZIER_KNOTS.);
#6219 = CARTESIAN_POINT('',(0.,9.998829419477E-02));
#6220 = CARTESIAN_POINT('',(1.047197551197,9.998829419477E-02));
#6221 = CARTESIAN_POINT('',(2.094395102393,9.99998619735E-02));
#6222 = CARTESIAN_POINT('',(3.14159265359,0.100031001532));
#6223 = CARTESIAN_POINT('',(4.188790204786,9.99998619735E-02));
#6224 = CARTESIAN_POINT('',(5.235987755983,9.998829419477E-02));
#6225 = CARTESIAN_POINT('',(6.28318530718,9.998829419477E-02));
#6226 = ( GEOMETRIC_REPRESENTATION_CONTEXT(2) 
PARAMETRIC_REPRESENTATION_CONTEXT() REPRESENTATION_CONTEXT('2D SPACE',''
  ) );
#6227 = ORIENTED_EDGE('',*,*,#6228,.F.);
#6228 = EDGE_CURVE('',#6229,#6196,#6231,.T.);
#6229 = VERTEX_POINT('',#6230);
#6230 = CARTESIAN_POINT('',(-17.91847896777,77.99450838092,
    -7.209771549455));
#6231 = SURFACE_CURVE('',#6232,(#6237,#6244),.PCURVE_S1.);
#6232 = ELLIPSE('',#6233,3.000000000015,3.);
#6233 = AXIS2_PLACEMENT_3D('',#6234,#6235,#6236);
#6234 = CARTESIAN_POINT('',(-18.99854447587,75.570644699772,
    -8.609179764917));
#6235 = DIRECTION('',(0.,-0.49999728458,0.866026971527));
#6236 = DIRECTION('',(0.,-0.866026971527,-0.49999728458));
#6237 = PCURVE('',#4977,#6238);
#6238 = DEFINITIONAL_REPRESENTATION('',(#6239),#6243);
#6239 = ELLIPSE('',#6240,3.000000000015,3.);
#6240 = AXIS2_PLACEMENT_2D('',#6241,#6242);
#6241 = CARTESIAN_POINT('',(-10.,2.340540417677E-05));
#6242 = DIRECTION('',(0.,-1.));
#6243 = ( GEOMETRIC_REPRESENTATION_CONTEXT(2) 
PARAMETRIC_REPRESENTATION_CONTEXT() REPRESENTATION_CONTEXT('2D SPACE',''
  ) );
#6244 = PCURVE('',#6212,#6245);
#6245 = DEFINITIONAL_REPRESENTATION('',(#6246),#6254);
#6246 = B_SPLINE_CURVE_WITH_KNOTS('',6,(#6247,#6248,#6249,#6250,#6251,
    #6252,#6253),.UNSPECIFIED.,.F.,.F.,(7,7),(3.14159265359,
    9.424777960769),.PIECEWISE_BEZIER_KNOTS.);
#6247 = CARTESIAN_POINT('',(0.,9.998829419477E-02));
#6248 = CARTESIAN_POINT('',(1.047197551197,9.998829419477E-02));
#6249 = CARTESIAN_POINT('',(2.094395102393,9.99998619735E-02));
#6250 = CARTESIAN_POINT('',(3.14159265359,0.100031001532));
#6251 = CARTESIAN_POINT('',(4.188790204786,9.99998619735E-02));
#6252 = CARTESIAN_POINT('',(5.235987755983,9.998829419477E-02));
#6253 = CARTESIAN_POINT('',(6.28318530718,9.998829419477E-02));
#6254 = ( GEOMETRIC_REPRESENTATION_CONTEXT(2) 
PARAMETRIC_REPRESENTATION_CONTEXT() REPRESENTATION_CONTEXT('2D SPACE',''
  ) );
#6255 = ORIENTED_EDGE('',*,*,#6256,.F.);
#6256 = EDGE_CURVE('',#6257,#6229,#6259,.T.);
#6257 = VERTEX_POINT('',#6258);
#6258 = CARTESIAN_POINT('',(-15.29627392459,74.935563912506,
    -8.975841173351));
#6259 = SURFACE_CURVE('',#6260,(#6265,#6272),.PCURVE_S1.);
#6260 = CIRCLE('',#6261,2.8);
#6261 = AXIS2_PLACEMENT_3D('',#6262,#6263,#6264);
#6262 = CARTESIAN_POINT('',(-17.99854447587,75.57062443006,
    -8.609191467556));
#6263 = DIRECTION('',(-1.387778780781E-17,-0.49999728458,0.866026971527)
  );
#6264 = DIRECTION('',(0.965096625455,-0.226807327698,-0.130946323498));
#6265 = PCURVE('',#4977,#6266);
#6266 = DEFINITIONAL_REPRESENTATION('',(#6267),#6271);
#6267 = CIRCLE('',#6268,2.8);
#6268 = AXIS2_PLACEMENT_2D('',#6269,#6270);
#6269 = CARTESIAN_POINT('',(-9.,9.871076152299E-14));
#6270 = DIRECTION('',(0.965096625455,-0.261894069301));
#6271 = ( GEOMETRIC_REPRESENTATION_CONTEXT(2) 
PARAMETRIC_REPRESENTATION_CONTEXT() REPRESENTATION_CONTEXT('2D SPACE',''
  ) );
#6272 = PCURVE('',#6273,#6278);
#6273 = CYLINDRICAL_SURFACE('',#6274,2.8);
#6274 = AXIS2_PLACEMENT_3D('',#6275,#6276,#6277);
#6275 = CARTESIAN_POINT('',(-17.99854447587,75.57062443006,
    -8.609191467556));
#6276 = DIRECTION('',(0.,-0.49999728458,0.866026971527));
#6277 = DIRECTION('',(-1.,0.,0.));
#6278 = DEFINITIONAL_REPRESENTATION('',(#6279),#6283);
#6279 = LINE('',#6280,#6281);
#6280 = CARTESIAN_POINT('',(2.876608402148,0.));
#6281 = VECTOR('',#6282,1.);
#6282 = DIRECTION('',(1.,0.));
#6283 = ( GEOMETRIC_REPRESENTATION_CONTEXT(2) 
PARAMETRIC_REPRESENTATION_CONTEXT() REPRESENTATION_CONTEXT('2D SPACE',''
  ) );
#6284 = ORIENTED_EDGE('',*,*,#6285,.T.);
#6285 = EDGE_CURVE('',#6257,#6164,#6286,.T.);
#6286 = SURFACE_CURVE('',#6287,(#6291,#6298),.PCURVE_S1.);
#6287 = LINE('',#6288,#6289);
#6288 = CARTESIAN_POINT('',(-13.49854447587,74.93556392036,
    -8.975841168827));
#6289 = VECTOR('',#6290,1.);
#6290 = DIRECTION('',(1.,0.,0.));
#6291 = PCURVE('',#4977,#6292);
#6292 = DEFINITIONAL_REPRESENTATION('',(#6293),#6297);
#6293 = LINE('',#6294,#6295);
#6294 = CARTESIAN_POINT('',(-4.5,-0.733303384979));
#6295 = VECTOR('',#6296,1.);
#6296 = DIRECTION('',(1.,0.));
#6297 = ( GEOMETRIC_REPRESENTATION_CONTEXT(2) 
PARAMETRIC_REPRESENTATION_CONTEXT() REPRESENTATION_CONTEXT('2D SPACE',''
  ) );
#6298 = PCURVE('',#6299,#6304);
#6299 = PLANE('',#6300);
#6300 = AXIS2_PLACEMENT_3D('',#6301,#6302,#6303);
#6301 = CARTESIAN_POINT('',(-17.99854447587,75.570643550109,
    -8.609177773644));
#6302 = DIRECTION('',(0.,-0.5,0.866025403784));
#6303 = DIRECTION('',(0.,0.866025403784,0.5));
#6304 = DEFINITIONAL_REPRESENTATION('',(#6305),#6309);
#6305 = LINE('',#6306,#6307);
#6306 = CARTESIAN_POINT('',(-0.73332679038,-4.5));
#6307 = VECTOR('',#6308,1.);
#6308 = DIRECTION('',(0.,-1.));
#6309 = ( GEOMETRIC_REPRESENTATION_CONTEXT(2) 
PARAMETRIC_REPRESENTATION_CONTEXT() REPRESENTATION_CONTEXT('2D SPACE',''
  ) );
#6310 = FACE_BOUND('',#6311,.F.);
#6311 = EDGE_LOOP('',(#6312,#6346,#6379,#6407,#6436));
#6312 = ORIENTED_EDGE('',*,*,#6313,.F.);
#6313 = EDGE_CURVE('',#6314,#6316,#6318,.T.);
#6314 = VERTEX_POINT('',#6315);
#6315 = CARTESIAN_POINT('',(0.55645552413,73.001305261111,
    -10.09257783995));
#6316 = VERTEX_POINT('',#6317);
#6317 = CARTESIAN_POINT('',(5.218943957444,74.935563920365,
    -8.975841168834));
#6318 = SURFACE_CURVE('',#6319,(#6324,#6331),.PCURVE_S1.);
#6319 = ELLIPSE('',#6320,3.300000000016,3.3);
#6320 = AXIS2_PLACEMENT_3D('',#6321,#6322,#6323);
#6321 = CARTESIAN_POINT('',(2.00145552413,75.570644699772,
    -8.609179764917));
#6322 = DIRECTION('',(0.,-0.49999728458,0.866026971527));
#6323 = DIRECTION('',(0.,-0.866026971527,-0.49999728458));
#6324 = PCURVE('',#4977,#6325);
#6325 = DEFINITIONAL_REPRESENTATION('',(#6326),#6330);
#6326 = CIRCLE('',#6327,3.300000000016);
#6327 = AXIS2_PLACEMENT_2D('',#6328,#6329);
#6328 = CARTESIAN_POINT('',(11.,2.340540419618E-05));
#6329 = DIRECTION('',(0.,-1.));
#6330 = ( GEOMETRIC_REPRESENTATION_CONTEXT(2) 
PARAMETRIC_REPRESENTATION_CONTEXT() REPRESENTATION_CONTEXT('2D SPACE',''
  ) );
#6331 = PCURVE('',#6332,#6337);
#6332 = CYLINDRICAL_SURFACE('',#6333,3.3);
#6333 = AXIS2_PLACEMENT_3D('',#6334,#6335,#6336);
#6334 = CARTESIAN_POINT('',(2.00145552413,75.570643550109,
    -8.609177773644));
#6335 = DIRECTION('',(0.,-0.5,0.866025403784));
#6336 = DIRECTION('',(0.,0.866025403784,0.5));
#6337 = DEFINITIONAL_REPRESENTATION('',(#6338),#6345);
#6338 = B_SPLINE_CURVE_WITH_KNOTS('',5,(#6339,#6340,#6341,#6342,#6343,
    #6344),.UNSPECIFIED.,.F.,.F.,(6,6),(4.877369085903,7.689001528456),
  .PIECEWISE_BEZIER_KNOTS.);
#6339 = CARTESIAN_POINT('',(1.735776432313,-5.999873238238E-07));
#6340 = CARTESIAN_POINT('',(2.298102920824,5.139472071233E-06));
#6341 = CARTESIAN_POINT('',(2.860429409334,1.034640820251E-05));
#6342 = CARTESIAN_POINT('',(3.422755897845,1.034640820251E-05));
#6343 = CARTESIAN_POINT('',(3.985082386356,5.139472071233E-06));
#6344 = CARTESIAN_POINT('',(4.547408874867,-5.999873238238E-07));
#6345 = ( GEOMETRIC_REPRESENTATION_CONTEXT(2) 
PARAMETRIC_REPRESENTATION_CONTEXT() REPRESENTATION_CONTEXT('2D SPACE',''
  ) );
#6346 = ORIENTED_EDGE('',*,*,#6347,.F.);
#6347 = EDGE_CURVE('',#6348,#6314,#6350,.T.);
#6348 = VERTEX_POINT('',#6349);
#6349 = CARTESIAN_POINT('',(1.00145552413,78.168725614365,
    -7.109187911169));
#6350 = SURFACE_CURVE('',#6351,(#6356,#6363),.PCURVE_S1.);
#6351 = ELLIPSE('',#6352,3.000000000015,3.);
#6352 = AXIS2_PLACEMENT_3D('',#6353,#6354,#6355);
#6353 = CARTESIAN_POINT('',(1.00145552413,75.570644699772,
    -8.609179764917));
#6354 = DIRECTION('',(0.,-0.49999728458,0.866026971527));
#6355 = DIRECTION('',(0.,-0.866026971527,-0.49999728458));
#6356 = PCURVE('',#4977,#6357);
#6357 = DEFINITIONAL_REPRESENTATION('',(#6358),#6362);
#6358 = ELLIPSE('',#6359,3.000000000015,3.);
#6359 = AXIS2_PLACEMENT_2D('',#6360,#6361);
#6360 = CARTESIAN_POINT('',(10.,2.340540417677E-05));
#6361 = DIRECTION('',(0.,-1.));
#6362 = ( GEOMETRIC_REPRESENTATION_CONTEXT(2) 
PARAMETRIC_REPRESENTATION_CONTEXT() REPRESENTATION_CONTEXT('2D SPACE',''
  ) );
#6363 = PCURVE('',#6364,#6369);
#6364 = CYLINDRICAL_SURFACE('',#6365,3.);
#6365 = AXIS2_PLACEMENT_3D('',#6366,#6367,#6368);
#6366 = CARTESIAN_POINT('',(1.00145552413,75.620643550109,
    -8.695780314022));
#6367 = DIRECTION('',(0.,-0.5,0.866025403784));
#6368 = DIRECTION('',(0.,0.866025403784,0.5));
#6369 = DEFINITIONAL_REPRESENTATION('',(#6370),#6378);
#6370 = B_SPLINE_CURVE_WITH_KNOTS('',6,(#6371,#6372,#6373,#6374,#6375,
    #6376,#6377),.UNSPECIFIED.,.F.,.F.,(7,7),(3.14159265359,
    9.424777960769),.PIECEWISE_BEZIER_KNOTS.);
#6371 = CARTESIAN_POINT('',(-8.881784197001E-16,9.998829419477E-02));
#6372 = CARTESIAN_POINT('',(1.047197551197,9.998829419477E-02));
#6373 = CARTESIAN_POINT('',(2.094395102393,9.99998619735E-02));
#6374 = CARTESIAN_POINT('',(3.141592653589,0.100031001532));
#6375 = CARTESIAN_POINT('',(4.188790204787,9.99998619735E-02));
#6376 = CARTESIAN_POINT('',(5.235987755983,9.998829419477E-02));
#6377 = CARTESIAN_POINT('',(6.28318530718,9.998829419477E-02));
#6378 = ( GEOMETRIC_REPRESENTATION_CONTEXT(2) 
PARAMETRIC_REPRESENTATION_CONTEXT() REPRESENTATION_CONTEXT('2D SPACE',''
  ) );
#6379 = ORIENTED_EDGE('',*,*,#6380,.F.);
#6380 = EDGE_CURVE('',#6381,#6348,#6383,.T.);
#6381 = VERTEX_POINT('',#6382);
#6382 = CARTESIAN_POINT('',(1.727226072111,78.091550458068,
    -7.153744685789));
#6383 = SURFACE_CURVE('',#6384,(#6389,#6396),.PCURVE_S1.);
#6384 = ELLIPSE('',#6385,3.000000000015,3.);
#6385 = AXIS2_PLACEMENT_3D('',#6386,#6387,#6388);
#6386 = CARTESIAN_POINT('',(1.00145552413,75.570644699772,
    -8.609179764917));
#6387 = DIRECTION('',(0.,-0.49999728458,0.866026971527));
#6388 = DIRECTION('',(0.,-0.866026971527,-0.49999728458));
#6389 = PCURVE('',#4977,#6390);
#6390 = DEFINITIONAL_REPRESENTATION('',(#6391),#6395);
#6391 = ELLIPSE('',#6392,3.000000000015,3.);
#6392 = AXIS2_PLACEMENT_2D('',#6393,#6394);
#6393 = CARTESIAN_POINT('',(10.,2.340540417677E-05));
#6394 = DIRECTION('',(0.,-1.));
#6395 = ( GEOMETRIC_REPRESENTATION_CONTEXT(2) 
PARAMETRIC_REPRESENTATION_CONTEXT() REPRESENTATION_CONTEXT('2D SPACE',''
  ) );
#6396 = PCURVE('',#6364,#6397);
#6397 = DEFINITIONAL_REPRESENTATION('',(#6398),#6406);
#6398 = B_SPLINE_CURVE_WITH_KNOTS('',6,(#6399,#6400,#6401,#6402,#6403,
    #6404,#6405),.UNSPECIFIED.,.F.,.F.,(7,7),(3.14159265359,
    9.424777960769),.PIECEWISE_BEZIER_KNOTS.);
#6399 = CARTESIAN_POINT('',(-8.881784197001E-16,9.998829419477E-02));
#6400 = CARTESIAN_POINT('',(1.047197551197,9.998829419477E-02));
#6401 = CARTESIAN_POINT('',(2.094395102393,9.99998619735E-02));
#6402 = CARTESIAN_POINT('',(3.141592653589,0.100031001532));
#6403 = CARTESIAN_POINT('',(4.188790204787,9.99998619735E-02));
#6404 = CARTESIAN_POINT('',(5.235987755983,9.998829419477E-02));
#6405 = CARTESIAN_POINT('',(6.28318530718,9.998829419477E-02));
#6406 = ( GEOMETRIC_REPRESENTATION_CONTEXT(2) 
PARAMETRIC_REPRESENTATION_CONTEXT() REPRESENTATION_CONTEXT('2D SPACE',''
  ) );
#6407 = ORIENTED_EDGE('',*,*,#6408,.F.);
#6408 = EDGE_CURVE('',#6409,#6381,#6411,.T.);
#6409 = VERTEX_POINT('',#6410);
#6410 = CARTESIAN_POINT('',(4.665453126152,74.935563513007,
    -8.975841404001));
#6411 = SURFACE_CURVE('',#6412,(#6417,#6424),.PCURVE_S1.);
#6412 = CIRCLE('',#6413,2.8);
#6413 = AXIS2_PLACEMENT_3D('',#6414,#6415,#6416);
#6414 = CARTESIAN_POINT('',(2.000000163913,75.678209038392,
    -8.547077914748));
#6415 = DIRECTION('',(0.,-0.49999728458,0.866026971527));
#6416 = DIRECTION('',(0.951947486514,-0.265230544781,-0.15312981759));
#6417 = PCURVE('',#4977,#6418);
#6418 = DEFINITIONAL_REPRESENTATION('',(#6419),#6423);
#6419 = CIRCLE('',#6420,2.8);
#6420 = AXIS2_PLACEMENT_2D('',#6421,#6422);
#6421 = CARTESIAN_POINT('',(10.998544639783,0.124227780276));
#6422 = DIRECTION('',(0.951947486514,-0.306261298436));
#6423 = ( GEOMETRIC_REPRESENTATION_CONTEXT(2) 
PARAMETRIC_REPRESENTATION_CONTEXT() REPRESENTATION_CONTEXT('2D SPACE',''
  ) );
#6424 = PCURVE('',#6425,#6430);
#6425 = CYLINDRICAL_SURFACE('',#6426,2.8);
#6426 = AXIS2_PLACEMENT_3D('',#6427,#6428,#6429);
#6427 = CARTESIAN_POINT('',(2.000000163913,75.678209038392,
    -8.547077914748));
#6428 = DIRECTION('',(0.,-0.49999728458,0.866026971527));
#6429 = DIRECTION('',(-1.,0.,0.));
#6430 = DEFINITIONAL_REPRESENTATION('',(#6431),#6435);
#6431 = LINE('',#6432,#6433);
#6432 = CARTESIAN_POINT('',(2.830329539798,0.));
#6433 = VECTOR('',#6434,1.);
#6434 = DIRECTION('',(1.,0.));
#6435 = ( GEOMETRIC_REPRESENTATION_CONTEXT(2) 
PARAMETRIC_REPRESENTATION_CONTEXT() REPRESENTATION_CONTEXT('2D SPACE',''
  ) );
#6436 = ORIENTED_EDGE('',*,*,#6437,.T.);
#6437 = EDGE_CURVE('',#6409,#6316,#6438,.T.);
#6438 = SURFACE_CURVE('',#6439,(#6443,#6450),.PCURVE_S1.);
#6439 = LINE('',#6440,#6441);
#6440 = CARTESIAN_POINT('',(-3.49854447587,74.93556392036,
    -8.975841168827));
#6441 = VECTOR('',#6442,1.);
#6442 = DIRECTION('',(1.,0.,0.));
#6443 = PCURVE('',#4977,#6444);
#6444 = DEFINITIONAL_REPRESENTATION('',(#6445),#6449);
#6445 = LINE('',#6446,#6447);
#6446 = CARTESIAN_POINT('',(5.5,-0.733303384979));
#6447 = VECTOR('',#6448,1.);
#6448 = DIRECTION('',(1.,0.));
#6449 = ( GEOMETRIC_REPRESENTATION_CONTEXT(2) 
PARAMETRIC_REPRESENTATION_CONTEXT() REPRESENTATION_CONTEXT('2D SPACE',''
  ) );
#6450 = PCURVE('',#6451,#6456);
#6451 = PLANE('',#6452);
#6452 = AXIS2_PLACEMENT_3D('',#6453,#6454,#6455);
#6453 = CARTESIAN_POINT('',(2.00145552413,75.570643550109,
    -8.609177773644));
#6454 = DIRECTION('',(0.,-0.5,0.866025403784));
#6455 = DIRECTION('',(0.,0.866025403784,0.5));
#6456 = DEFINITIONAL_REPRESENTATION('',(#6457),#6461);
#6457 = LINE('',#6458,#6459);
#6458 = CARTESIAN_POINT('',(-0.73332679038,5.5));
#6459 = VECTOR('',#6460,1.);
#6460 = DIRECTION('',(0.,-1.));
#6461 = ( GEOMETRIC_REPRESENTATION_CONTEXT(2) 
PARAMETRIC_REPRESENTATION_CONTEXT() REPRESENTATION_CONTEXT('2D SPACE',''
  ) );
#6462 = ADVANCED_FACE('',(#6463),#5009,.T.);
#6463 = FACE_BOUND('',#6464,.T.);
#6464 = EDGE_LOOP('',(#6465,#6493,#6494,#6495));
#6465 = ORIENTED_EDGE('',*,*,#6466,.T.);
#6466 = EDGE_CURVE('',#6467,#4994,#6469,.T.);
#6467 = VERTEX_POINT('',#6468);
#6468 = CARTESIAN_POINT('',(14.00145552413,88.52515589701,6.952945740161
    ));
#6469 = SURFACE_CURVE('',#6470,(#6474,#6481),.PCURVE_S1.);
#6470 = LINE('',#6471,#6472);
#6471 = CARTESIAN_POINT('',(14.00145552413,88.52515589701,6.952945740161
    ));
#6472 = VECTOR('',#6473,1.);
#6473 = DIRECTION('',(-1.168655815395E-16,-0.866026971527,-0.49999728458
    ));
#6474 = PCURVE('',#5009,#6475);
#6475 = DEFINITIONAL_REPRESENTATION('',(#6476),#6480);
#6476 = LINE('',#6477,#6478);
#6477 = CARTESIAN_POINT('',(-7.371880883511E-14,15.));
#6478 = VECTOR('',#6479,1.);
#6479 = DIRECTION('',(1.,0.));
#6480 = ( GEOMETRIC_REPRESENTATION_CONTEXT(2) 
PARAMETRIC_REPRESENTATION_CONTEXT() REPRESENTATION_CONTEXT('2D SPACE',''
  ) );
#6481 = PCURVE('',#6482,#6487);
#6482 = PLANE('',#6483);
#6483 = AXIS2_PLACEMENT_3D('',#6484,#6485,#6486);
#6484 = CARTESIAN_POINT('',(-8.99854447587,72.070643437997,
    -2.547002666867));
#6485 = DIRECTION('',(0.,-0.49999728458,0.866026971527));
#6486 = DIRECTION('',(1.,0.,0.));
#6487 = DEFINITIONAL_REPRESENTATION('',(#6488),#6492);
#6488 = LINE('',#6489,#6490);
#6489 = CARTESIAN_POINT('',(23.,19.));
#6490 = VECTOR('',#6491,1.);
#6491 = DIRECTION('',(-1.168655815395E-16,-1.));
#6492 = ( GEOMETRIC_REPRESENTATION_CONTEXT(2) 
PARAMETRIC_REPRESENTATION_CONTEXT() REPRESENTATION_CONTEXT('2D SPACE',''
  ) );
#6493 = ORIENTED_EDGE('',*,*,#4993,.T.);
#6494 = ORIENTED_EDGE('',*,*,#6059,.F.);
#6495 = ORIENTED_EDGE('',*,*,#6496,.F.);
#6496 = EDGE_CURVE('',#6467,#6060,#6497,.T.);
#6497 = SURFACE_CURVE('',#6498,(#6502,#6509),.PCURVE_S1.);
#6498 = LINE('',#6499,#6500);
#6499 = CARTESIAN_POINT('',(14.00145552413,81.025196628304,
    19.943350313066));
#6500 = VECTOR('',#6501,1.);
#6501 = DIRECTION('',(0.,0.49999728458,-0.866026971527));
#6502 = PCURVE('',#5009,#6503);
#6503 = DEFINITIONAL_REPRESENTATION('',(#6504),#6508);
#6504 = LINE('',#6505,#6506);
#6505 = CARTESIAN_POINT('',(-0.,0.));
#6506 = VECTOR('',#6507,1.);
#6507 = DIRECTION('',(0.,1.));
#6508 = ( GEOMETRIC_REPRESENTATION_CONTEXT(2) 
PARAMETRIC_REPRESENTATION_CONTEXT() REPRESENTATION_CONTEXT('2D SPACE',''
  ) );
#6509 = PCURVE('',#5169,#6510);
#6510 = DEFINITIONAL_REPRESENTATION('',(#6511),#6515);
#6511 = LINE('',#6512,#6513);
#6512 = CARTESIAN_POINT('',(6.28318530718,1.7763568394E-15));
#6513 = VECTOR('',#6514,1.);
#6514 = DIRECTION('',(0.,1.));
#6515 = ( GEOMETRIC_REPRESENTATION_CONTEXT(2) 
PARAMETRIC_REPRESENTATION_CONTEXT() REPRESENTATION_CONTEXT('2D SPACE',''
  ) );
#6516 = ADVANCED_FACE('',(#6517),#5037,.F.);
#6517 = FACE_BOUND('',#6518,.T.);
#6518 = EDGE_LOOP('',(#6519,#6544,#6570,#6571));
#6519 = ORIENTED_EDGE('',*,*,#6520,.F.);
#6520 = EDGE_CURVE('',#6521,#6523,#6525,.T.);
#6521 = VERTEX_POINT('',#6522);
#6522 = CARTESIAN_POINT('',(12.209554767677,49.116166279439,
    -0.788600444044));
#6523 = VERTEX_POINT('',#6524);
#6524 = CARTESIAN_POINT('',(12.209554767677,55.616130978984,
    -12.04695107389));
#6525 = SURFACE_CURVE('',#6526,(#6530,#6537),.PCURVE_S1.);
#6526 = LINE('',#6527,#6528);
#6527 = CARTESIAN_POINT('',(12.209554767677,48.116171710278,
    0.94345349901));
#6528 = VECTOR('',#6529,1.);
#6529 = DIRECTION('',(0.,0.49999728458,-0.866026971527));
#6530 = PCURVE('',#5037,#6531);
#6531 = DEFINITIONAL_REPRESENTATION('',(#6532),#6536);
#6532 = LINE('',#6533,#6534);
#6533 = CARTESIAN_POINT('',(15.,1.791900756452));
#6534 = VECTOR('',#6535,1.);
#6535 = DIRECTION('',(-1.,-0.));
#6536 = ( GEOMETRIC_REPRESENTATION_CONTEXT(2) 
PARAMETRIC_REPRESENTATION_CONTEXT() REPRESENTATION_CONTEXT('2D SPACE',''
  ) );
#6537 = PCURVE('',#5472,#6538);
#6538 = DEFINITIONAL_REPRESENTATION('',(#6539),#6543);
#6539 = LINE('',#6540,#6541);
#6540 = CARTESIAN_POINT('',(5.09678575488,-1.021405182655E-14));
#6541 = VECTOR('',#6542,1.);
#6542 = DIRECTION('',(1.366428338E-16,1.));
#6543 = ( GEOMETRIC_REPRESENTATION_CONTEXT(2) 
PARAMETRIC_REPRESENTATION_CONTEXT() REPRESENTATION_CONTEXT('2D SPACE',''
  ) );
#6544 = ORIENTED_EDGE('',*,*,#6545,.F.);
#6545 = EDGE_CURVE('',#5022,#6521,#6546,.T.);
#6546 = SURFACE_CURVE('',#6547,(#6551,#6558),.PCURVE_S1.);
#6547 = LINE('',#6548,#6549);
#6548 = CARTESIAN_POINT('',(14.00145552413,49.116166279439,
    -0.788600444044));
#6549 = VECTOR('',#6550,1.);
#6550 = DIRECTION('',(-1.,0.,0.));
#6551 = PCURVE('',#5037,#6552);
#6552 = DEFINITIONAL_REPRESENTATION('',(#6553),#6557);
#6553 = LINE('',#6554,#6555);
#6554 = CARTESIAN_POINT('',(13.,0.));
#6555 = VECTOR('',#6556,1.);
#6556 = DIRECTION('',(0.,1.));
#6557 = ( GEOMETRIC_REPRESENTATION_CONTEXT(2) 
PARAMETRIC_REPRESENTATION_CONTEXT() REPRESENTATION_CONTEXT('2D SPACE',''
  ) );
#6558 = PCURVE('',#6559,#6564);
#6559 = PLANE('',#6560);
#6560 = AXIS2_PLACEMENT_3D('',#6561,#6562,#6563);
#6561 = CARTESIAN_POINT('',(14.00145552413,49.116166279439,
    -0.788600444044));
#6562 = DIRECTION('',(0.,-0.49999728458,0.866026971527));
#6563 = DIRECTION('',(-1.135285019849E-32,0.866026971527,0.49999728458)
  );
#6564 = DEFINITIONAL_REPRESENTATION('',(#6565),#6569);
#6565 = LINE('',#6566,#6567);
#6566 = CARTESIAN_POINT('',(7.263708731091E-15,-8.246379710956E-47));
#6567 = VECTOR('',#6568,1.);
#6568 = DIRECTION('',(1.135285019849E-32,1.));
#6569 = ( GEOMETRIC_REPRESENTATION_CONTEXT(2) 
PARAMETRIC_REPRESENTATION_CONTEXT() REPRESENTATION_CONTEXT('2D SPACE',''
  ) );
#6570 = ORIENTED_EDGE('',*,*,#5021,.T.);
#6571 = ORIENTED_EDGE('',*,*,#6572,.T.);
#6572 = EDGE_CURVE('',#4994,#6523,#6573,.T.);
#6573 = SURFACE_CURVE('',#6574,(#6578,#6585),.PCURVE_S1.);
#6574 = LINE('',#6575,#6576);
#6575 = CARTESIAN_POINT('',(14.00145552413,55.616130978984,
    -12.04695107389));
#6576 = VECTOR('',#6577,1.);
#6577 = DIRECTION('',(-1.,0.,0.));
#6578 = PCURVE('',#5037,#6579);
#6579 = DEFINITIONAL_REPRESENTATION('',(#6580),#6584);
#6580 = LINE('',#6581,#6582);
#6581 = CARTESIAN_POINT('',(0.,0.));
#6582 = VECTOR('',#6583,1.);
#6583 = DIRECTION('',(0.,1.));
#6584 = ( GEOMETRIC_REPRESENTATION_CONTEXT(2) 
PARAMETRIC_REPRESENTATION_CONTEXT() REPRESENTATION_CONTEXT('2D SPACE',''
  ) );
#6585 = PCURVE('',#6482,#6586);
#6586 = DEFINITIONAL_REPRESENTATION('',(#6587),#6591);
#6587 = LINE('',#6588,#6589);
#6588 = CARTESIAN_POINT('',(23.,-19.));
#6589 = VECTOR('',#6590,1.);
#6590 = DIRECTION('',(-1.,0.));
#6591 = ( GEOMETRIC_REPRESENTATION_CONTEXT(2) 
PARAMETRIC_REPRESENTATION_CONTEXT() REPRESENTATION_CONTEXT('2D SPACE',''
  ) );
#6592 = ADVANCED_FACE('',(#6593),#5065,.T.);
#6593 = FACE_BOUND('',#6594,.T.);
#6594 = EDGE_LOOP('',(#6595,#6618,#6639,#6640));
#6595 = ORIENTED_EDGE('',*,*,#6596,.T.);
#6596 = EDGE_CURVE('',#5022,#6597,#6599,.T.);
#6597 = VERTEX_POINT('',#6598);
#6598 = CARTESIAN_POINT('',(14.00145552413,82.025191197465,
    18.211296370012));
#6599 = SURFACE_CURVE('',#6600,(#6604,#6611),.PCURVE_S1.);
#6600 = LINE('',#6601,#6602);
#6601 = CARTESIAN_POINT('',(14.00145552413,65.570678738452,
    8.711347962984));
#6602 = VECTOR('',#6603,1.);
#6603 = DIRECTION('',(1.168655815395E-16,0.866026971527,0.49999728458));
#6604 = PCURVE('',#5065,#6605);
#6605 = DEFINITIONAL_REPRESENTATION('',(#6606),#6610);
#6606 = LINE('',#6607,#6608);
#6607 = CARTESIAN_POINT('',(19.,2.));
#6608 = VECTOR('',#6609,1.);
#6609 = DIRECTION('',(-1.,0.));
#6610 = ( GEOMETRIC_REPRESENTATION_CONTEXT(2) 
PARAMETRIC_REPRESENTATION_CONTEXT() REPRESENTATION_CONTEXT('2D SPACE',''
  ) );
#6611 = PCURVE('',#6559,#6612);
#6612 = DEFINITIONAL_REPRESENTATION('',(#6613),#6617);
#6613 = LINE('',#6614,#6615);
#6614 = CARTESIAN_POINT('',(19.,-2.157041537714E-31));
#6615 = VECTOR('',#6616,1.);
#6616 = DIRECTION('',(1.,-1.168655815395E-16));
#6617 = ( GEOMETRIC_REPRESENTATION_CONTEXT(2) 
PARAMETRIC_REPRESENTATION_CONTEXT() REPRESENTATION_CONTEXT('2D SPACE',''
  ) );
#6618 = ORIENTED_EDGE('',*,*,#6619,.F.);
#6619 = EDGE_CURVE('',#5130,#6597,#6620,.T.);
#6620 = SURFACE_CURVE('',#6621,(#6625,#6632),.PCURVE_S1.);
#6621 = LINE('',#6622,#6623);
#6622 = CARTESIAN_POINT('',(14.00145552413,81.025196628304,
    19.943350313066));
#6623 = VECTOR('',#6624,1.);
#6624 = DIRECTION('',(0.,0.49999728458,-0.866026971527));
#6625 = PCURVE('',#5065,#6626);
#6626 = DEFINITIONAL_REPRESENTATION('',(#6627),#6631);
#6627 = LINE('',#6628,#6629);
#6628 = CARTESIAN_POINT('',(-0.,0.));
#6629 = VECTOR('',#6630,1.);
#6630 = DIRECTION('',(0.,1.));
#6631 = ( GEOMETRIC_REPRESENTATION_CONTEXT(2) 
PARAMETRIC_REPRESENTATION_CONTEXT() REPRESENTATION_CONTEXT('2D SPACE',''
  ) );
#6632 = PCURVE('',#5169,#6633);
#6633 = DEFINITIONAL_REPRESENTATION('',(#6634),#6638);
#6634 = LINE('',#6635,#6636);
#6635 = CARTESIAN_POINT('',(6.28318530718,0.));
#6636 = VECTOR('',#6637,1.);
#6637 = DIRECTION('',(0.,1.));
#6638 = ( GEOMETRIC_REPRESENTATION_CONTEXT(2) 
PARAMETRIC_REPRESENTATION_CONTEXT() REPRESENTATION_CONTEXT('2D SPACE',''
  ) );
#6639 = ORIENTED_EDGE('',*,*,#5129,.T.);
#6640 = ORIENTED_EDGE('',*,*,#5049,.T.);
#6641 = ADVANCED_FACE('',(#6642),#5169,.T.);
#6642 = FACE_BOUND('',#6643,.T.);
#6643 = EDGE_LOOP('',(#6644,#6668,#6696,#6722,#6723,#6724,#6745,#6746));
#6644 = ORIENTED_EDGE('',*,*,#6645,.T.);
#6645 = EDGE_CURVE('',#6597,#6646,#6648,.T.);
#6646 = VERTEX_POINT('',#6647);
#6647 = CARTESIAN_POINT('',(12.209554767677,84.913660256506,
    19.878942683115));
#6648 = SURFACE_CURVE('',#6649,(#6654,#6661),.PCURVE_S1.);
#6649 = CIRCLE('',#6650,4.);
#6650 = AXIS2_PLACEMENT_3D('',#6651,#6652,#6653);
#6651 = CARTESIAN_POINT('',(10.00145552413,82.025191197465,
    18.211296370012));
#6652 = DIRECTION('',(-3.944304526105E-31,-0.49999728458,0.866026971527)
  );
#6653 = DIRECTION('',(1.,3.845932334943E-15,2.220433990365E-15));
#6654 = PCURVE('',#5169,#6655);
#6655 = DEFINITIONAL_REPRESENTATION('',(#6656),#6660);
#6656 = LINE('',#6657,#6658);
#6657 = CARTESIAN_POINT('',(6.28318530718,2.));
#6658 = VECTOR('',#6659,1.);
#6659 = DIRECTION('',(-1.,1.801568524686E-15));
#6660 = ( GEOMETRIC_REPRESENTATION_CONTEXT(2) 
PARAMETRIC_REPRESENTATION_CONTEXT() REPRESENTATION_CONTEXT('2D SPACE',''
  ) );
#6661 = PCURVE('',#6559,#6662);
#6662 = DEFINITIONAL_REPRESENTATION('',(#6663),#6667);
#6663 = CIRCLE('',#6664,4.);
#6664 = AXIS2_PLACEMENT_2D('',#6665,#6666);
#6665 = CARTESIAN_POINT('',(38.,4.));
#6666 = DIRECTION('',(4.440892098501E-15,-1.));
#6667 = ( GEOMETRIC_REPRESENTATION_CONTEXT(2) 
PARAMETRIC_REPRESENTATION_CONTEXT() REPRESENTATION_CONTEXT('2D SPACE',''
  ) );
#6668 = ORIENTED_EDGE('',*,*,#6669,.T.);
#6669 = EDGE_CURVE('',#6646,#6670,#6672,.T.);
#6670 = VERTEX_POINT('',#6671);
#6671 = CARTESIAN_POINT('',(12.209554767677,91.413624956051,
    8.620592053264));
#6672 = SURFACE_CURVE('',#6673,(#6677,#6684),.PCURVE_S1.);
#6673 = LINE('',#6674,#6675);
#6674 = CARTESIAN_POINT('',(12.209554767677,83.913665687345,
    21.610996626169));
#6675 = VECTOR('',#6676,1.);
#6676 = DIRECTION('',(0.,0.49999728458,-0.866026971527));
#6677 = PCURVE('',#5169,#6678);
#6678 = DEFINITIONAL_REPRESENTATION('',(#6679),#6683);
#6679 = LINE('',#6680,#6681);
#6680 = CARTESIAN_POINT('',(5.297179604338,2.04281036531E-14));
#6681 = VECTOR('',#6682,1.);
#6682 = DIRECTION('',(1.366428338E-16,1.));
#6683 = ( GEOMETRIC_REPRESENTATION_CONTEXT(2) 
PARAMETRIC_REPRESENTATION_CONTEXT() REPRESENTATION_CONTEXT('2D SPACE',''
  ) );
#6684 = PCURVE('',#6685,#6690);
#6685 = PLANE('',#6686);
#6686 = AXIS2_PLACEMENT_3D('',#6687,#6688,#6689);
#6687 = CARTESIAN_POINT('',(12.209554767677,88.52515589701,
    6.952945740161));
#6688 = DIRECTION('',(-1.,0.,0.));
#6689 = DIRECTION('',(0.,-0.49999728458,0.866026971527));
#6690 = DEFINITIONAL_REPRESENTATION('',(#6691),#6695);
#6691 = LINE('',#6692,#6693);
#6692 = CARTESIAN_POINT('',(15.,3.335310739743));
#6693 = VECTOR('',#6694,1.);
#6694 = DIRECTION('',(-1.,0.));
#6695 = ( GEOMETRIC_REPRESENTATION_CONTEXT(2) 
PARAMETRIC_REPRESENTATION_CONTEXT() REPRESENTATION_CONTEXT('2D SPACE',''
  ) );
#6696 = ORIENTED_EDGE('',*,*,#6697,.T.);
#6697 = EDGE_CURVE('',#6670,#6467,#6698,.T.);
#6698 = SURFACE_CURVE('',#6699,(#6704,#6711),.PCURVE_S1.);
#6699 = CIRCLE('',#6700,4.);
#6700 = AXIS2_PLACEMENT_3D('',#6701,#6702,#6703);
#6701 = CARTESIAN_POINT('',(10.00145552413,88.52515589701,6.952945740161
    ));
#6702 = DIRECTION('',(3.944304526105E-31,0.49999728458,-0.866026971527)
  );
#6703 = DIRECTION('',(1.,3.845932334943E-15,2.220433990365E-15));
#6704 = PCURVE('',#5169,#6705);
#6705 = DEFINITIONAL_REPRESENTATION('',(#6706),#6710);
#6706 = LINE('',#6707,#6708);
#6707 = CARTESIAN_POINT('',(-8.881784197001E-15,15.));
#6708 = VECTOR('',#6709,1.);
#6709 = DIRECTION('',(1.,-3.603137049371E-15));
#6710 = ( GEOMETRIC_REPRESENTATION_CONTEXT(2) 
PARAMETRIC_REPRESENTATION_CONTEXT() REPRESENTATION_CONTEXT('2D SPACE',''
  ) );
#6711 = PCURVE('',#6482,#6712);
#6712 = DEFINITIONAL_REPRESENTATION('',(#6713),#6721);
#6713 = ( BOUNDED_CURVE() B_SPLINE_CURVE(2,(#6714,#6715,#6716,#6717,
#6718,#6719,#6720),.UNSPECIFIED.,.T.,.F.) B_SPLINE_CURVE_WITH_KNOTS((1,2
    ,2,2,2,1),(-2.094395102393,0.,2.094395102393,4.188790204786,
6.28318530718,8.377580409573),.UNSPECIFIED.) CURVE() 
GEOMETRIC_REPRESENTATION_ITEM() RATIONAL_B_SPLINE_CURVE((1.,0.5,1.,0.5,
1.,0.5,1.)) REPRESENTATION_ITEM('') );
#6714 = CARTESIAN_POINT('',(23.,19.));
#6715 = CARTESIAN_POINT('',(23.,12.071796769725));
#6716 = CARTESIAN_POINT('',(17.,15.535898384862));
#6717 = CARTESIAN_POINT('',(11.,19.));
#6718 = CARTESIAN_POINT('',(17.,22.464101615138));
#6719 = CARTESIAN_POINT('',(23.,25.928203230276));
#6720 = CARTESIAN_POINT('',(23.,19.));
#6721 = ( GEOMETRIC_REPRESENTATION_CONTEXT(2) 
PARAMETRIC_REPRESENTATION_CONTEXT() REPRESENTATION_CONTEXT('2D SPACE',''
  ) );
#6722 = ORIENTED_EDGE('',*,*,#6496,.T.);
#6723 = ORIENTED_EDGE('',*,*,#6082,.F.);
#6724 = ORIENTED_EDGE('',*,*,#6725,.F.);
#6725 = EDGE_CURVE('',#5153,#6083,#6726,.T.);
#6726 = SURFACE_CURVE('',#6727,(#6731,#6738),.PCURVE_S1.);
#6727 = LINE('',#6728,#6729);
#6728 = CARTESIAN_POINT('',(10.00145552413,84.489304514412,
    21.943339451387));
#6729 = VECTOR('',#6730,1.);
#6730 = DIRECTION('',(0.,0.49999728458,-0.866026971527));
#6731 = PCURVE('',#5169,#6732);
#6732 = DEFINITIONAL_REPRESENTATION('',(#6733),#6737);
#6733 = LINE('',#6734,#6735);
#6734 = CARTESIAN_POINT('',(4.712388980385,1.24344978758E-14));
#6735 = VECTOR('',#6736,1.);
#6736 = DIRECTION('',(0.,1.));
#6737 = ( GEOMETRIC_REPRESENTATION_CONTEXT(2) 
PARAMETRIC_REPRESENTATION_CONTEXT() REPRESENTATION_CONTEXT('2D SPACE',''
  ) );
#6738 = PCURVE('',#5197,#6739);
#6739 = DEFINITIONAL_REPRESENTATION('',(#6740),#6744);
#6740 = LINE('',#6741,#6742);
#6741 = CARTESIAN_POINT('',(38.,0.));
#6742 = VECTOR('',#6743,1.);
#6743 = DIRECTION('',(0.,1.));
#6744 = ( GEOMETRIC_REPRESENTATION_CONTEXT(2) 
PARAMETRIC_REPRESENTATION_CONTEXT() REPRESENTATION_CONTEXT('2D SPACE',''
  ) );
#6745 = ORIENTED_EDGE('',*,*,#5152,.F.);
#6746 = ORIENTED_EDGE('',*,*,#6619,.T.);
#6747 = ADVANCED_FACE('',(#6748),#5197,.T.);
#6748 = FACE_BOUND('',#6749,.T.);
#6749 = EDGE_LOOP('',(#6750,#6751,#6752,#6753));
#6750 = ORIENTED_EDGE('',*,*,#5181,.F.);
#6751 = ORIENTED_EDGE('',*,*,#6725,.T.);
#6752 = ORIENTED_EDGE('',*,*,#6110,.F.);
#6753 = ORIENTED_EDGE('',*,*,#6754,.F.);
#6754 = EDGE_CURVE('',#5182,#6111,#6755,.T.);
#6755 = SURFACE_CURVE('',#6756,(#6760,#6767),.PCURVE_S1.);
#6756 = LINE('',#6757,#6758);
#6757 = CARTESIAN_POINT('',(-27.99854447587,84.489304514412,
    21.943339451387));
#6758 = VECTOR('',#6759,1.);
#6759 = DIRECTION('',(0.,0.49999728458,-0.866026971527));
#6760 = PCURVE('',#5197,#6761);
#6761 = DEFINITIONAL_REPRESENTATION('',(#6762),#6766);
#6762 = LINE('',#6763,#6764);
#6763 = CARTESIAN_POINT('',(0.,0.));
#6764 = VECTOR('',#6765,1.);
#6765 = DIRECTION('',(0.,1.));
#6766 = ( GEOMETRIC_REPRESENTATION_CONTEXT(2) 
PARAMETRIC_REPRESENTATION_CONTEXT() REPRESENTATION_CONTEXT('2D SPACE',''
  ) );
#6767 = PCURVE('',#5226,#6768);
#6768 = DEFINITIONAL_REPRESENTATION('',(#6769),#6773);
#6769 = LINE('',#6770,#6771);
#6770 = CARTESIAN_POINT('',(6.28318530718,1.24344978758E-14));
#6771 = VECTOR('',#6772,1.);
#6772 = DIRECTION('',(0.,1.));
#6773 = ( GEOMETRIC_REPRESENTATION_CONTEXT(2) 
PARAMETRIC_REPRESENTATION_CONTEXT() REPRESENTATION_CONTEXT('2D SPACE',''
  ) );
#6774 = ADVANCED_FACE('',(#6775),#5226,.T.);
#6775 = FACE_BOUND('',#6776,.T.);
#6776 = EDGE_LOOP('',(#6777,#6778,#6779,#6780));
#6777 = ORIENTED_EDGE('',*,*,#5209,.F.);
#6778 = ORIENTED_EDGE('',*,*,#6754,.T.);
#6779 = ORIENTED_EDGE('',*,*,#6133,.F.);
#6780 = ORIENTED_EDGE('',*,*,#6781,.F.);
#6781 = EDGE_CURVE('',#5210,#6034,#6782,.T.);
#6782 = SURFACE_CURVE('',#6783,(#6787,#6794),.PCURVE_S1.);
#6783 = LINE('',#6784,#6785);
#6784 = CARTESIAN_POINT('',(-31.99854447587,81.025196628304,
    19.943350313066));
#6785 = VECTOR('',#6786,1.);
#6786 = DIRECTION('',(0.,0.49999728458,-0.866026971527));
#6787 = PCURVE('',#5226,#6788);
#6788 = DEFINITIONAL_REPRESENTATION('',(#6789),#6793);
#6789 = LINE('',#6790,#6791);
#6790 = CARTESIAN_POINT('',(4.712388980385,0.));
#6791 = VECTOR('',#6792,1.);
#6792 = DIRECTION('',(-1.614869854E-16,1.));
#6793 = ( GEOMETRIC_REPRESENTATION_CONTEXT(2) 
PARAMETRIC_REPRESENTATION_CONTEXT() REPRESENTATION_CONTEXT('2D SPACE',''
  ) );
#6794 = PCURVE('',#5252,#6795);
#6795 = DEFINITIONAL_REPRESENTATION('',(#6796),#6800);
#6796 = LINE('',#6797,#6798);
#6797 = CARTESIAN_POINT('',(38.,-1.06581410364E-14));
#6798 = VECTOR('',#6799,1.);
#6799 = DIRECTION('',(0.,1.));
#6800 = ( GEOMETRIC_REPRESENTATION_CONTEXT(2) 
PARAMETRIC_REPRESENTATION_CONTEXT() REPRESENTATION_CONTEXT('2D SPACE',''
  ) );
#6801 = ADVANCED_FACE('',(#6802),#5252,.T.);
#6802 = FACE_BOUND('',#6803,.T.);
#6803 = EDGE_LOOP('',(#6804,#6805,#6806,#6807));
#6804 = ORIENTED_EDGE('',*,*,#5238,.F.);
#6805 = ORIENTED_EDGE('',*,*,#6781,.T.);
#6806 = ORIENTED_EDGE('',*,*,#6033,.F.);
#6807 = ORIENTED_EDGE('',*,*,#5641,.F.);
#6808 = ADVANCED_FACE('',(#6809),#5289,.F.);
#6809 = FACE_BOUND('',#6810,.F.);
#6810 = EDGE_LOOP('',(#6811,#6839,#6840,#6863));
#6811 = ORIENTED_EDGE('',*,*,#6812,.T.);
#6812 = EDGE_CURVE('',#6813,#5267,#6815,.T.);
#6813 = VERTEX_POINT('',#6814);
#6814 = CARTESIAN_POINT('',(-28.13733894461,53.755139684715,
    -13.12138711844));
#6815 = SURFACE_CURVE('',#6816,(#6820,#6827),.PCURVE_S1.);
#6816 = LINE('',#6817,#6818);
#6817 = CARTESIAN_POINT('',(-28.13733894461,46.255180416009,
    -0.130982545541));
#6818 = VECTOR('',#6819,1.);
#6819 = DIRECTION('',(0.,-0.49999728458,0.866026971527));
#6820 = PCURVE('',#5289,#6821);
#6821 = DEFINITIONAL_REPRESENTATION('',(#6822),#6826);
#6822 = LINE('',#6823,#6824);
#6823 = CARTESIAN_POINT('',(5.134512634476,-5.329070518201E-15));
#6824 = VECTOR('',#6825,1.);
#6825 = DIRECTION('',(5.92127857035E-17,-1.));
#6826 = ( GEOMETRIC_REPRESENTATION_CONTEXT(2) 
PARAMETRIC_REPRESENTATION_CONTEXT() REPRESENTATION_CONTEXT('2D SPACE',''
  ) );
#6827 = PCURVE('',#6828,#6833);
#6828 = PLANE('',#6829);
#6829 = AXIS2_PLACEMENT_3D('',#6830,#6831,#6832);
#6830 = CARTESIAN_POINT('',(28.,56.816705233649,-18.42421259818));
#6831 = DIRECTION('',(0.,-0.866026971527,-0.49999728458));
#6832 = DIRECTION('',(0.,-0.49999728458,0.866026971527));
#6833 = DEFINITIONAL_REPRESENTATION('',(#6834),#6838);
#6834 = LINE('',#6835,#6836);
#6835 = CARTESIAN_POINT('',(21.12316435179,56.137338944613));
#6836 = VECTOR('',#6837,1.);
#6837 = DIRECTION('',(1.,0.));
#6838 = ( GEOMETRIC_REPRESENTATION_CONTEXT(2) 
PARAMETRIC_REPRESENTATION_CONTEXT() REPRESENTATION_CONTEXT('2D SPACE',''
  ) );
#6839 = ORIENTED_EDGE('',*,*,#5266,.T.);
#6840 = ORIENTED_EDGE('',*,*,#6841,.T.);
#6841 = EDGE_CURVE('',#5269,#6842,#6844,.T.);
#6842 = VERTEX_POINT('',#6843);
#6843 = CARTESIAN_POINT('',(-30.49854447587,56.915171436275,
    -11.29695514702));
#6844 = SURFACE_CURVE('',#6845,(#6849,#6856),.PCURVE_S1.);
#6845 = LINE('',#6846,#6847);
#6846 = CARTESIAN_POINT('',(-30.49854447587,49.415212167569,
    1.693449425881));
#6847 = VECTOR('',#6848,1.);
#6848 = DIRECTION('',(0.,0.49999728458,-0.866026971527));
#6849 = PCURVE('',#5289,#6850);
#6850 = DEFINITIONAL_REPRESENTATION('',(#6851),#6855);
#6851 = LINE('',#6852,#6853);
#6852 = CARTESIAN_POINT('',(6.28318530718,-1.7763568394E-15));
#6853 = VECTOR('',#6854,1.);
#6854 = DIRECTION('',(0.,1.));
#6855 = ( GEOMETRIC_REPRESENTATION_CONTEXT(2) 
PARAMETRIC_REPRESENTATION_CONTEXT() REPRESENTATION_CONTEXT('2D SPACE',''
  ) );
#6856 = PCURVE('',#5317,#6857);
#6857 = DEFINITIONAL_REPRESENTATION('',(#6858),#6862);
#6858 = LINE('',#6859,#6860);
#6859 = CARTESIAN_POINT('',(35.,1.7763568394E-15));
#6860 = VECTOR('',#6861,1.);
#6861 = DIRECTION('',(0.,1.));
#6862 = ( GEOMETRIC_REPRESENTATION_CONTEXT(2) 
PARAMETRIC_REPRESENTATION_CONTEXT() REPRESENTATION_CONTEXT('2D SPACE',''
  ) );
#6863 = ORIENTED_EDGE('',*,*,#6864,.F.);
#6864 = EDGE_CURVE('',#6813,#6842,#6865,.T.);
#6865 = SURFACE_CURVE('',#6866,(#6871,#6878),.PCURVE_S1.);
#6866 = CIRCLE('',#6867,4.);
#6867 = AXIS2_PLACEMENT_3D('',#6868,#6869,#6870);
#6868 = CARTESIAN_POINT('',(-26.49854447587,56.915171436275,
    -11.29695514702));
#6869 = DIRECTION('',(0.,0.49999728458,-0.866026971527));
#6870 = DIRECTION('',(-1.,1.922966167471E-15,1.110216995182E-15));
#6871 = PCURVE('',#5289,#6872);
#6872 = DEFINITIONAL_REPRESENTATION('',(#6873),#6877);
#6873 = LINE('',#6874,#6875);
#6874 = CARTESIAN_POINT('',(-4.440892098501E-15,15.));
#6875 = VECTOR('',#6876,1.);
#6876 = DIRECTION('',(1.,3.092886044237E-15));
#6877 = ( GEOMETRIC_REPRESENTATION_CONTEXT(2) 
PARAMETRIC_REPRESENTATION_CONTEXT() REPRESENTATION_CONTEXT('2D SPACE',''
  ) );
#6878 = PCURVE('',#6482,#6879);
#6879 = DEFINITIONAL_REPRESENTATION('',(#6880),#6888);
#6880 = ( BOUNDED_CURVE() B_SPLINE_CURVE(2,(#6881,#6882,#6883,#6884,
#6885,#6886,#6887),.UNSPECIFIED.,.T.,.F.) B_SPLINE_CURVE_WITH_KNOTS((1,2
    ,2,2,2,1),(-2.094395102393,0.,2.094395102393,4.188790204786,
6.28318530718,8.377580409573),.UNSPECIFIED.) CURVE() 
GEOMETRIC_REPRESENTATION_ITEM() RATIONAL_B_SPLINE_CURVE((1.,0.5,1.,0.5,
1.,0.5,1.)) REPRESENTATION_ITEM('') );
#6881 = CARTESIAN_POINT('',(-21.5,-17.5));
#6882 = CARTESIAN_POINT('',(-21.5,-10.57179676972));
#6883 = CARTESIAN_POINT('',(-15.5,-14.03589838486));
#6884 = CARTESIAN_POINT('',(-9.5,-17.5));
#6885 = CARTESIAN_POINT('',(-15.5,-20.96410161513));
#6886 = CARTESIAN_POINT('',(-21.5,-24.42820323027));
#6887 = CARTESIAN_POINT('',(-21.5,-17.5));
#6888 = ( GEOMETRIC_REPRESENTATION_CONTEXT(2) 
PARAMETRIC_REPRESENTATION_CONTEXT() REPRESENTATION_CONTEXT('2D SPACE',''
  ) );
#6889 = ADVANCED_FACE('',(#6890),#5317,.T.);
#6890 = FACE_BOUND('',#6891,.T.);
#6891 = EDGE_LOOP('',(#6892,#6915,#6936,#6937));
#6892 = ORIENTED_EDGE('',*,*,#6893,.T.);
#6893 = EDGE_CURVE('',#6842,#6894,#6896,.T.);
#6894 = VERTEX_POINT('',#6895);
#6895 = CARTESIAN_POINT('',(-30.49854447587,87.22611543972,6.20294981329
    ));
#6896 = SURFACE_CURVE('',#6897,(#6901,#6908),.PCURVE_S1.);
#6897 = LINE('',#6898,#6899);
#6898 = CARTESIAN_POINT('',(-30.49854447587,79.648379438859,
    1.827973573212));
#6899 = VECTOR('',#6900,1.);
#6900 = DIRECTION('',(0.,0.866026971527,0.49999728458));
#6901 = PCURVE('',#5317,#6902);
#6902 = DEFINITIONAL_REPRESENTATION('',(#6903),#6907);
#6903 = LINE('',#6904,#6905);
#6904 = CARTESIAN_POINT('',(8.75,15.));
#6905 = VECTOR('',#6906,1.);
#6906 = DIRECTION('',(-1.,0.));
#6907 = ( GEOMETRIC_REPRESENTATION_CONTEXT(2) 
PARAMETRIC_REPRESENTATION_CONTEXT() REPRESENTATION_CONTEXT('2D SPACE',''
  ) );
#6908 = PCURVE('',#6482,#6909);
#6909 = DEFINITIONAL_REPRESENTATION('',(#6910),#6914);
#6910 = LINE('',#6911,#6912);
#6911 = CARTESIAN_POINT('',(-21.5,8.75));
#6912 = VECTOR('',#6913,1.);
#6913 = DIRECTION('',(0.,1.));
#6914 = ( GEOMETRIC_REPRESENTATION_CONTEXT(2) 
PARAMETRIC_REPRESENTATION_CONTEXT() REPRESENTATION_CONTEXT('2D SPACE',''
  ) );
#6915 = ORIENTED_EDGE('',*,*,#6916,.F.);
#6916 = EDGE_CURVE('',#5302,#6894,#6917,.T.);
#6917 = SURFACE_CURVE('',#6918,(#6922,#6929),.PCURVE_S1.);
#6918 = LINE('',#6919,#6920);
#6919 = CARTESIAN_POINT('',(-30.49854447587,79.726156171014,
    19.193354386195));
#6920 = VECTOR('',#6921,1.);
#6921 = DIRECTION('',(0.,0.49999728458,-0.866026971527));
#6922 = PCURVE('',#5317,#6923);
#6923 = DEFINITIONAL_REPRESENTATION('',(#6924),#6928);
#6924 = LINE('',#6925,#6926);
#6925 = CARTESIAN_POINT('',(0.,0.));
#6926 = VECTOR('',#6927,1.);
#6927 = DIRECTION('',(0.,1.));
#6928 = ( GEOMETRIC_REPRESENTATION_CONTEXT(2) 
PARAMETRIC_REPRESENTATION_CONTEXT() REPRESENTATION_CONTEXT('2D SPACE',''
  ) );
#6929 = PCURVE('',#5350,#6930);
#6930 = DEFINITIONAL_REPRESENTATION('',(#6931),#6935);
#6931 = LINE('',#6932,#6933);
#6932 = CARTESIAN_POINT('',(4.712388980385,0.));
#6933 = VECTOR('',#6934,1.);
#6934 = DIRECTION('',(-4.736951571734E-16,1.));
#6935 = ( GEOMETRIC_REPRESENTATION_CONTEXT(2) 
PARAMETRIC_REPRESENTATION_CONTEXT() REPRESENTATION_CONTEXT('2D SPACE',''
  ) );
#6936 = ORIENTED_EDGE('',*,*,#5301,.F.);
#6937 = ORIENTED_EDGE('',*,*,#6841,.T.);
#6938 = ADVANCED_FACE('',(#6939),#5350,.F.);
#6939 = FACE_BOUND('',#6940,.F.);
#6940 = EDGE_LOOP('',(#6941,#6942,#6943,#6966));
#6941 = ORIENTED_EDGE('',*,*,#6916,.F.);
#6942 = ORIENTED_EDGE('',*,*,#5329,.T.);
#6943 = ORIENTED_EDGE('',*,*,#6944,.T.);
#6944 = EDGE_CURVE('',#5330,#6945,#6947,.T.);
#6945 = VERTEX_POINT('',#6946);
#6946 = CARTESIAN_POINT('',(-26.49854447587,90.690223325828,
    8.202938951612));
#6947 = SURFACE_CURVE('',#6948,(#6952,#6959),.PCURVE_S1.);
#6948 = LINE('',#6949,#6950);
#6949 = CARTESIAN_POINT('',(-26.49854447587,83.190264057122,
    21.193343524517));
#6950 = VECTOR('',#6951,1.);
#6951 = DIRECTION('',(0.,0.49999728458,-0.866026971527));
#6952 = PCURVE('',#5350,#6953);
#6953 = DEFINITIONAL_REPRESENTATION('',(#6954),#6958);
#6954 = LINE('',#6955,#6956);
#6955 = CARTESIAN_POINT('',(6.28318530718,-1.06581410364E-14));
#6956 = VECTOR('',#6957,1.);
#6957 = DIRECTION('',(0.,1.));
#6958 = ( GEOMETRIC_REPRESENTATION_CONTEXT(2) 
PARAMETRIC_REPRESENTATION_CONTEXT() REPRESENTATION_CONTEXT('2D SPACE',''
  ) );
#6959 = PCURVE('',#5378,#6960);
#6960 = DEFINITIONAL_REPRESENTATION('',(#6961),#6965);
#6961 = LINE('',#6962,#6963);
#6962 = CARTESIAN_POINT('',(35.,0.));
#6963 = VECTOR('',#6964,1.);
#6964 = DIRECTION('',(-0.,1.));
#6965 = ( GEOMETRIC_REPRESENTATION_CONTEXT(2) 
PARAMETRIC_REPRESENTATION_CONTEXT() REPRESENTATION_CONTEXT('2D SPACE',''
  ) );
#6966 = ORIENTED_EDGE('',*,*,#6967,.F.);
#6967 = EDGE_CURVE('',#6894,#6945,#6968,.T.);
#6968 = SURFACE_CURVE('',#6969,(#6974,#6981),.PCURVE_S1.);
#6969 = CIRCLE('',#6970,4.);
#6970 = AXIS2_PLACEMENT_3D('',#6971,#6972,#6973);
#6971 = CARTESIAN_POINT('',(-26.49854447587,87.22611543972,6.20294981329
    ));
#6972 = DIRECTION('',(-7.88860905221E-31,0.49999728458,-0.866026971527)
  );
#6973 = DIRECTION('',(-5.551115123126E-15,0.866026971527,0.49999728458)
  );
#6974 = PCURVE('',#5350,#6975);
#6975 = DEFINITIONAL_REPRESENTATION('',(#6976),#6980);
#6976 = LINE('',#6977,#6978);
#6977 = CARTESIAN_POINT('',(-8.881784197001E-15,15.));
#6978 = VECTOR('',#6979,1.);
#6979 = DIRECTION('',(1.,2.261727773485E-15));
#6980 = ( GEOMETRIC_REPRESENTATION_CONTEXT(2) 
PARAMETRIC_REPRESENTATION_CONTEXT() REPRESENTATION_CONTEXT('2D SPACE',''
  ) );
#6981 = PCURVE('',#6482,#6982);
#6982 = DEFINITIONAL_REPRESENTATION('',(#6983),#6991);
#6983 = ( BOUNDED_CURVE() B_SPLINE_CURVE(2,(#6984,#6985,#6986,#6987,
#6988,#6989,#6990),.UNSPECIFIED.,.T.,.F.) B_SPLINE_CURVE_WITH_KNOTS((1,2
    ,2,2,2,1),(-2.094395102393,0.,2.094395102393,4.188790204786,
6.28318530718,8.377580409573),.UNSPECIFIED.) CURVE() 
GEOMETRIC_REPRESENTATION_ITEM() RATIONAL_B_SPLINE_CURVE((1.,0.5,1.,0.5,
1.,0.5,1.)) REPRESENTATION_ITEM('') );
#6984 = CARTESIAN_POINT('',(-17.5,21.5));
#6985 = CARTESIAN_POINT('',(-10.57179676972,21.5));
#6986 = CARTESIAN_POINT('',(-14.03589838486,15.5));
#6987 = CARTESIAN_POINT('',(-17.5,9.5));
#6988 = CARTESIAN_POINT('',(-20.96410161513,15.5));
#6989 = CARTESIAN_POINT('',(-24.42820323027,21.5));
#6990 = CARTESIAN_POINT('',(-17.5,21.5));
#6991 = ( GEOMETRIC_REPRESENTATION_CONTEXT(2) 
PARAMETRIC_REPRESENTATION_CONTEXT() REPRESENTATION_CONTEXT('2D SPACE',''
  ) );
#6992 = ADVANCED_FACE('',(#6993),#5378,.T.);
#6993 = FACE_BOUND('',#6994,.T.);
#6994 = EDGE_LOOP('',(#6995,#7018,#7039,#7040));
#6995 = ORIENTED_EDGE('',*,*,#6996,.T.);
#6996 = EDGE_CURVE('',#6945,#6997,#6999,.T.);
#6997 = VERTEX_POINT('',#6998);
#6998 = CARTESIAN_POINT('',(8.50145552413,90.690223325828,8.202938951612
    ));
#6999 = SURFACE_CURVE('',#7000,(#7004,#7011),.PCURVE_S1.);
#7000 = LINE('',#7001,#7002);
#7001 = CARTESIAN_POINT('',(-0.24854447587,90.690223325828,
    8.202938951612));
#7002 = VECTOR('',#7003,1.);
#7003 = DIRECTION('',(1.,0.,0.));
#7004 = PCURVE('',#5378,#7005);
#7005 = DEFINITIONAL_REPRESENTATION('',(#7006),#7010);
#7006 = LINE('',#7007,#7008);
#7007 = CARTESIAN_POINT('',(8.75,15.));
#7008 = VECTOR('',#7009,1.);
#7009 = DIRECTION('',(-1.,0.));
#7010 = ( GEOMETRIC_REPRESENTATION_CONTEXT(2) 
PARAMETRIC_REPRESENTATION_CONTEXT() REPRESENTATION_CONTEXT('2D SPACE',''
  ) );
#7011 = PCURVE('',#6482,#7012);
#7012 = DEFINITIONAL_REPRESENTATION('',(#7013),#7017);
#7013 = LINE('',#7014,#7015);
#7014 = CARTESIAN_POINT('',(8.75,21.5));
#7015 = VECTOR('',#7016,1.);
#7016 = DIRECTION('',(1.,0.));
#7017 = ( GEOMETRIC_REPRESENTATION_CONTEXT(2) 
PARAMETRIC_REPRESENTATION_CONTEXT() REPRESENTATION_CONTEXT('2D SPACE',''
  ) );
#7018 = ORIENTED_EDGE('',*,*,#7019,.F.);
#7019 = EDGE_CURVE('',#5363,#6997,#7020,.T.);
#7020 = SURFACE_CURVE('',#7021,(#7025,#7032),.PCURVE_S1.);
#7021 = LINE('',#7022,#7023);
#7022 = CARTESIAN_POINT('',(8.50145552413,83.190264057122,
    21.193343524517));
#7023 = VECTOR('',#7024,1.);
#7024 = DIRECTION('',(0.,0.49999728458,-0.866026971527));
#7025 = PCURVE('',#5378,#7026);
#7026 = DEFINITIONAL_REPRESENTATION('',(#7027),#7031);
#7027 = LINE('',#7028,#7029);
#7028 = CARTESIAN_POINT('',(0.,0.));
#7029 = VECTOR('',#7030,1.);
#7030 = DIRECTION('',(-0.,1.));
#7031 = ( GEOMETRIC_REPRESENTATION_CONTEXT(2) 
PARAMETRIC_REPRESENTATION_CONTEXT() REPRESENTATION_CONTEXT('2D SPACE',''
  ) );
#7032 = PCURVE('',#5411,#7033);
#7033 = DEFINITIONAL_REPRESENTATION('',(#7034),#7038);
#7034 = LINE('',#7035,#7036);
#7035 = CARTESIAN_POINT('',(4.712388980385,-1.06581410364E-14));
#7036 = VECTOR('',#7037,1.);
#7037 = DIRECTION('',(-5.921189464668E-17,1.));
#7038 = ( GEOMETRIC_REPRESENTATION_CONTEXT(2) 
PARAMETRIC_REPRESENTATION_CONTEXT() REPRESENTATION_CONTEXT('2D SPACE',''
  ) );
#7039 = ORIENTED_EDGE('',*,*,#5362,.F.);
#7040 = ORIENTED_EDGE('',*,*,#6944,.T.);
#7041 = ADVANCED_FACE('',(#7042),#5411,.F.);
#7042 = FACE_BOUND('',#7043,.F.);
#7043 = EDGE_LOOP('',(#7044,#7069,#7095,#7096,#7097,#7120));
#7044 = ORIENTED_EDGE('',*,*,#7045,.F.);
#7045 = EDGE_CURVE('',#7046,#7048,#7050,.T.);
#7046 = VERTEX_POINT('',#7047);
#7047 = CARTESIAN_POINT('',(12.209554767677,88.52515589701,
    6.952945740161));
#7048 = VERTEX_POINT('',#7049);
#7049 = CARTESIAN_POINT('',(12.209554767677,82.025191197465,
    18.211296370012));
#7050 = SURFACE_CURVE('',#7051,(#7055,#7062),.PCURVE_S1.);
#7051 = LINE('',#7052,#7053);
#7052 = CARTESIAN_POINT('',(12.209554767677,81.025196628304,
    19.943350313066));
#7053 = VECTOR('',#7054,1.);
#7054 = DIRECTION('',(0.,-0.49999728458,0.866026971527));
#7055 = PCURVE('',#5411,#7056);
#7056 = DEFINITIONAL_REPRESENTATION('',(#7057),#7061);
#7057 = LINE('',#7058,#7059);
#7058 = CARTESIAN_POINT('',(5.898788532684,3.552713678801E-15));
#7059 = VECTOR('',#7060,1.);
#7060 = DIRECTION('',(0.,-1.));
#7061 = ( GEOMETRIC_REPRESENTATION_CONTEXT(2) 
PARAMETRIC_REPRESENTATION_CONTEXT() REPRESENTATION_CONTEXT('2D SPACE',''
  ) );
#7062 = PCURVE('',#6685,#7063);
#7063 = DEFINITIONAL_REPRESENTATION('',(#7064),#7068);
#7064 = LINE('',#7065,#7066);
#7065 = CARTESIAN_POINT('',(15.,5.329070518201E-15));
#7066 = VECTOR('',#7067,1.);
#7067 = DIRECTION('',(1.,0.));
#7068 = ( GEOMETRIC_REPRESENTATION_CONTEXT(2) 
PARAMETRIC_REPRESENTATION_CONTEXT() REPRESENTATION_CONTEXT('2D SPACE',''
  ) );
#7069 = ORIENTED_EDGE('',*,*,#7070,.F.);
#7070 = EDGE_CURVE('',#6997,#7046,#7071,.T.);
#7071 = SURFACE_CURVE('',#7072,(#7077,#7084),.PCURVE_S1.);
#7072 = CIRCLE('',#7073,4.);
#7073 = AXIS2_PLACEMENT_3D('',#7074,#7075,#7076);
#7074 = CARTESIAN_POINT('',(8.50145552413,87.22611543972,6.20294981329)
  );
#7075 = DIRECTION('',(-3.944304526105E-31,0.49999728458,-0.866026971527)
  );
#7076 = DIRECTION('',(1.,3.845932334943E-15,2.220433990365E-15));
#7077 = PCURVE('',#5411,#7078);
#7078 = DEFINITIONAL_REPRESENTATION('',(#7079),#7083);
#7079 = LINE('',#7080,#7081);
#7080 = CARTESIAN_POINT('',(-8.881784197001E-16,15.));
#7081 = VECTOR('',#7082,1.);
#7082 = DIRECTION('',(1.,-2.994533900418E-15));
#7083 = ( GEOMETRIC_REPRESENTATION_CONTEXT(2) 
PARAMETRIC_REPRESENTATION_CONTEXT() REPRESENTATION_CONTEXT('2D SPACE',''
  ) );
#7084 = PCURVE('',#6482,#7085);
#7085 = DEFINITIONAL_REPRESENTATION('',(#7086),#7094);
#7086 = ( BOUNDED_CURVE() B_SPLINE_CURVE(2,(#7087,#7088,#7089,#7090,
#7091,#7092,#7093),.UNSPECIFIED.,.T.,.F.) B_SPLINE_CURVE_WITH_KNOTS((1,2
    ,2,2,2,1),(-2.094395102393,0.,2.094395102393,4.188790204786,
6.28318530718,8.377580409573),.UNSPECIFIED.) CURVE() 
GEOMETRIC_REPRESENTATION_ITEM() RATIONAL_B_SPLINE_CURVE((1.,0.5,1.,0.5,
1.,0.5,1.)) REPRESENTATION_ITEM('') );
#7087 = CARTESIAN_POINT('',(21.5,17.5));
#7088 = CARTESIAN_POINT('',(21.5,10.571796769724));
#7089 = CARTESIAN_POINT('',(15.5,14.035898384862));
#7090 = CARTESIAN_POINT('',(9.5,17.5));
#7091 = CARTESIAN_POINT('',(15.5,20.964101615138));
#7092 = CARTESIAN_POINT('',(21.5,24.428203230276));
#7093 = CARTESIAN_POINT('',(21.5,17.5));
#7094 = ( GEOMETRIC_REPRESENTATION_CONTEXT(2) 
PARAMETRIC_REPRESENTATION_CONTEXT() REPRESENTATION_CONTEXT('2D SPACE',''
  ) );
#7095 = ORIENTED_EDGE('',*,*,#7019,.F.);
#7096 = ORIENTED_EDGE('',*,*,#5390,.T.);
#7097 = ORIENTED_EDGE('',*,*,#7098,.T.);
#7098 = EDGE_CURVE('',#5391,#7099,#7101,.T.);
#7099 = VERTEX_POINT('',#7100);
#7100 = CARTESIAN_POINT('',(12.50145552413,80.726150740175,
    17.461300443141));
#7101 = SURFACE_CURVE('',#7102,(#7106,#7113),.PCURVE_S1.);
#7102 = LINE('',#7103,#7104);
#7103 = CARTESIAN_POINT('',(12.50145552413,79.726156171014,
    19.193354386195));
#7104 = VECTOR('',#7105,1.);
#7105 = DIRECTION('',(0.,0.49999728458,-0.866026971527));
#7106 = PCURVE('',#5411,#7107);
#7107 = DEFINITIONAL_REPRESENTATION('',(#7108),#7112);
#7108 = LINE('',#7109,#7110);
#7109 = CARTESIAN_POINT('',(6.28318530718,0.));
#7110 = VECTOR('',#7111,1.);
#7111 = DIRECTION('',(0.,1.));
#7112 = ( GEOMETRIC_REPRESENTATION_CONTEXT(2) 
PARAMETRIC_REPRESENTATION_CONTEXT() REPRESENTATION_CONTEXT('2D SPACE',''
  ) );
#7113 = PCURVE('',#5439,#7114);
#7114 = DEFINITIONAL_REPRESENTATION('',(#7115),#7119);
#7115 = LINE('',#7116,#7117);
#7116 = CARTESIAN_POINT('',(35.,-1.7763568394E-15));
#7117 = VECTOR('',#7118,1.);
#7118 = DIRECTION('',(0.,1.));
#7119 = ( GEOMETRIC_REPRESENTATION_CONTEXT(2) 
PARAMETRIC_REPRESENTATION_CONTEXT() REPRESENTATION_CONTEXT('2D SPACE',''
  ) );
#7120 = ORIENTED_EDGE('',*,*,#7121,.F.);
#7121 = EDGE_CURVE('',#7048,#7099,#7122,.T.);
#7122 = SURFACE_CURVE('',#7123,(#7128,#7135),.PCURVE_S1.);
#7123 = CIRCLE('',#7124,4.);
#7124 = AXIS2_PLACEMENT_3D('',#7125,#7126,#7127);
#7125 = CARTESIAN_POINT('',(8.50145552413,80.726150740175,
    17.461300443141));
#7126 = DIRECTION('',(-3.944304526105E-31,0.49999728458,-0.866026971527)
  );
#7127 = DIRECTION('',(1.,3.845932334943E-15,2.220433990365E-15));
#7128 = PCURVE('',#5411,#7129);
#7129 = DEFINITIONAL_REPRESENTATION('',(#7130),#7134);
#7130 = LINE('',#7131,#7132);
#7131 = CARTESIAN_POINT('',(1.59872115546E-14,2.));
#7132 = VECTOR('',#7133,1.);
#7133 = DIRECTION('',(1.,-4.621154383335E-15));
#7134 = ( GEOMETRIC_REPRESENTATION_CONTEXT(2) 
PARAMETRIC_REPRESENTATION_CONTEXT() REPRESENTATION_CONTEXT('2D SPACE',''
  ) );
#7135 = PCURVE('',#6559,#7136);
#7136 = DEFINITIONAL_REPRESENTATION('',(#7137),#7145);
#7137 = ( BOUNDED_CURVE() B_SPLINE_CURVE(2,(#7138,#7139,#7140,#7141,
#7142,#7143,#7144),.UNSPECIFIED.,.T.,.F.) B_SPLINE_CURVE_WITH_KNOTS((1,2
    ,2,2,2,1),(-2.094395102393,0.,2.094395102393,4.188790204786,
6.28318530718,8.377580409573),.UNSPECIFIED.) CURVE() 
GEOMETRIC_REPRESENTATION_ITEM() RATIONAL_B_SPLINE_CURVE((1.,0.5,1.,0.5,
1.,0.5,1.)) REPRESENTATION_ITEM('') );
#7138 = CARTESIAN_POINT('',(36.5,1.5));
#7139 = CARTESIAN_POINT('',(29.571796769724,1.5));
#7140 = CARTESIAN_POINT('',(33.035898384862,7.5));
#7141 = CARTESIAN_POINT('',(36.5,13.5));
#7142 = CARTESIAN_POINT('',(39.964101615138,7.5));
#7143 = CARTESIAN_POINT('',(43.428203230276,1.5));
#7144 = CARTESIAN_POINT('',(36.5,1.5));
#7145 = ( GEOMETRIC_REPRESENTATION_CONTEXT(2) 
PARAMETRIC_REPRESENTATION_CONTEXT() REPRESENTATION_CONTEXT('2D SPACE',''
  ) );
#7146 = ADVANCED_FACE('',(#7147),#5439,.T.);
#7147 = FACE_BOUND('',#7148,.T.);
#7148 = EDGE_LOOP('',(#7149,#7172,#7193,#7194));
#7149 = ORIENTED_EDGE('',*,*,#7150,.T.);
#7150 = EDGE_CURVE('',#7099,#7151,#7153,.T.);
#7151 = VERTEX_POINT('',#7152);
#7152 = CARTESIAN_POINT('',(12.50145552413,50.41520673673,
    -3.860451717305E-02));
#7153 = SURFACE_CURVE('',#7154,(#7158,#7165),.PCURVE_S1.);
#7154 = LINE('',#7155,#7156);
#7155 = CARTESIAN_POINT('',(12.50145552413,49.765686508084,
    -0.413602480608));
#7156 = VECTOR('',#7157,1.);
#7157 = DIRECTION('',(2.537652627715E-16,-0.866026971527,-0.49999728458)
  );
#7158 = PCURVE('',#5439,#7159);
#7159 = DEFINITIONAL_REPRESENTATION('',(#7160),#7164);
#7160 = LINE('',#7161,#7162);
#7161 = CARTESIAN_POINT('',(-0.75,2.));
#7162 = VECTOR('',#7163,1.);
#7163 = DIRECTION('',(-1.,0.));
#7164 = ( GEOMETRIC_REPRESENTATION_CONTEXT(2) 
PARAMETRIC_REPRESENTATION_CONTEXT() REPRESENTATION_CONTEXT('2D SPACE',''
  ) );
#7165 = PCURVE('',#6559,#7166);
#7166 = DEFINITIONAL_REPRESENTATION('',(#7167),#7171);
#7167 = LINE('',#7168,#7169);
#7168 = CARTESIAN_POINT('',(0.75,1.5));
#7169 = VECTOR('',#7170,1.);
#7170 = DIRECTION('',(-1.,-2.537652627715E-16));
#7171 = ( GEOMETRIC_REPRESENTATION_CONTEXT(2) 
PARAMETRIC_REPRESENTATION_CONTEXT() REPRESENTATION_CONTEXT('2D SPACE',''
  ) );
#7172 = ORIENTED_EDGE('',*,*,#7173,.F.);
#7173 = EDGE_CURVE('',#5424,#7151,#7174,.T.);
#7174 = SURFACE_CURVE('',#7175,(#7179,#7186),.PCURVE_S1.);
#7175 = LINE('',#7176,#7177);
#7176 = CARTESIAN_POINT('',(12.50145552413,49.415212167569,
    1.693449425881));
#7177 = VECTOR('',#7178,1.);
#7178 = DIRECTION('',(0.,0.49999728458,-0.866026971527));
#7179 = PCURVE('',#5439,#7180);
#7180 = DEFINITIONAL_REPRESENTATION('',(#7181),#7185);
#7181 = LINE('',#7182,#7183);
#7182 = CARTESIAN_POINT('',(0.,0.));
#7183 = VECTOR('',#7184,1.);
#7184 = DIRECTION('',(0.,1.));
#7185 = ( GEOMETRIC_REPRESENTATION_CONTEXT(2) 
PARAMETRIC_REPRESENTATION_CONTEXT() REPRESENTATION_CONTEXT('2D SPACE',''
  ) );
#7186 = PCURVE('',#5472,#7187);
#7187 = DEFINITIONAL_REPRESENTATION('',(#7188),#7192);
#7188 = LINE('',#7189,#7190);
#7189 = CARTESIAN_POINT('',(4.712388980385,-1.7763568394E-15));
#7190 = VECTOR('',#7191,1.);
#7191 = DIRECTION('',(0.,1.));
#7192 = ( GEOMETRIC_REPRESENTATION_CONTEXT(2) 
PARAMETRIC_REPRESENTATION_CONTEXT() REPRESENTATION_CONTEXT('2D SPACE',''
  ) );
#7193 = ORIENTED_EDGE('',*,*,#5423,.F.);
#7194 = ORIENTED_EDGE('',*,*,#7098,.T.);
#7195 = ADVANCED_FACE('',(#7196),#5472,.F.);
#7196 = FACE_BOUND('',#7197,.F.);
#7197 = EDGE_LOOP('',(#7198,#7199,#7200,#7223,#7249,#7250));
#7198 = ORIENTED_EDGE('',*,*,#7173,.F.);
#7199 = ORIENTED_EDGE('',*,*,#5451,.T.);
#7200 = ORIENTED_EDGE('',*,*,#7201,.T.);
#7201 = EDGE_CURVE('',#5452,#7202,#7204,.T.);
#7202 = VERTEX_POINT('',#7203);
#7203 = CARTESIAN_POINT('',(10.140249992873,53.755139684715,
    -13.12138711844));
#7204 = SURFACE_CURVE('',#7205,(#7209,#7216),.PCURVE_S1.);
#7205 = LINE('',#7206,#7207);
#7206 = CARTESIAN_POINT('',(10.140249992873,46.255180416009,
    -0.130982545541));
#7207 = VECTOR('',#7208,1.);
#7208 = DIRECTION('',(0.,0.49999728458,-0.866026971527));
#7209 = PCURVE('',#5472,#7210);
#7210 = DEFINITIONAL_REPRESENTATION('',(#7211),#7215);
#7211 = LINE('',#7212,#7213);
#7212 = CARTESIAN_POINT('',(5.861061653088,-6.098832261756E-15));
#7213 = VECTOR('',#7214,1.);
#7214 = DIRECTION('',(5.921189464668E-17,1.));
#7215 = ( GEOMETRIC_REPRESENTATION_CONTEXT(2) 
PARAMETRIC_REPRESENTATION_CONTEXT() REPRESENTATION_CONTEXT('2D SPACE',''
  ) );
#7216 = PCURVE('',#6828,#7217);
#7217 = DEFINITIONAL_REPRESENTATION('',(#7218),#7222);
#7218 = LINE('',#7219,#7220);
#7219 = CARTESIAN_POINT('',(21.12316435179,17.859750007127));
#7220 = VECTOR('',#7221,1.);
#7221 = DIRECTION('',(-1.,-0.));
#7222 = ( GEOMETRIC_REPRESENTATION_CONTEXT(2) 
PARAMETRIC_REPRESENTATION_CONTEXT() REPRESENTATION_CONTEXT('2D SPACE',''
  ) );
#7223 = ORIENTED_EDGE('',*,*,#7224,.F.);
#7224 = EDGE_CURVE('',#6523,#7202,#7225,.T.);
#7225 = SURFACE_CURVE('',#7226,(#7231,#7238),.PCURVE_S1.);
#7226 = CIRCLE('',#7227,4.);
#7227 = AXIS2_PLACEMENT_3D('',#7228,#7229,#7230);
#7228 = CARTESIAN_POINT('',(8.50145552413,56.915171436275,
    -11.29695514702));
#7229 = DIRECTION('',(-4.930380657631E-32,0.49999728458,-0.866026971527)
  );
#7230 = DIRECTION('',(-5.551115123126E-16,-0.866026971527,-0.49999728458
    ));
#7231 = PCURVE('',#5472,#7232);
#7232 = DEFINITIONAL_REPRESENTATION('',(#7233),#7237);
#7233 = LINE('',#7234,#7235);
#7234 = CARTESIAN_POINT('',(5.329070518201E-15,15.));
#7235 = VECTOR('',#7236,1.);
#7236 = DIRECTION('',(1.,-4.648470123332E-15));
#7237 = ( GEOMETRIC_REPRESENTATION_CONTEXT(2) 
PARAMETRIC_REPRESENTATION_CONTEXT() REPRESENTATION_CONTEXT('2D SPACE',''
  ) );
#7238 = PCURVE('',#6482,#7239);
#7239 = DEFINITIONAL_REPRESENTATION('',(#7240),#7248);
#7240 = ( BOUNDED_CURVE() B_SPLINE_CURVE(2,(#7241,#7242,#7243,#7244,
#7245,#7246,#7247),.UNSPECIFIED.,.T.,.F.) B_SPLINE_CURVE_WITH_KNOTS((1,2
    ,2,2,2,1),(-2.094395102393,0.,2.094395102393,4.188790204786,
6.28318530718,8.377580409573),.UNSPECIFIED.) CURVE() 
GEOMETRIC_REPRESENTATION_ITEM() RATIONAL_B_SPLINE_CURVE((1.,0.5,1.,0.5,
1.,0.5,1.)) REPRESENTATION_ITEM('') );
#7241 = CARTESIAN_POINT('',(17.5,-21.5));
#7242 = CARTESIAN_POINT('',(10.571796769724,-21.5));
#7243 = CARTESIAN_POINT('',(14.035898384862,-15.5));
#7244 = CARTESIAN_POINT('',(17.5,-9.5));
#7245 = CARTESIAN_POINT('',(20.964101615138,-15.5));
#7246 = CARTESIAN_POINT('',(24.428203230275,-21.5));
#7247 = CARTESIAN_POINT('',(17.5,-21.5));
#7248 = ( GEOMETRIC_REPRESENTATION_CONTEXT(2) 
PARAMETRIC_REPRESENTATION_CONTEXT() REPRESENTATION_CONTEXT('2D SPACE',''
  ) );
#7249 = ORIENTED_EDGE('',*,*,#6520,.F.);
#7250 = ORIENTED_EDGE('',*,*,#7251,.F.);
#7251 = EDGE_CURVE('',#7151,#6521,#7252,.T.);
#7252 = SURFACE_CURVE('',#7253,(#7258,#7265),.PCURVE_S1.);
#7253 = CIRCLE('',#7254,4.);
#7254 = AXIS2_PLACEMENT_3D('',#7255,#7256,#7257);
#7255 = CARTESIAN_POINT('',(8.50145552413,50.41520673673,
    -3.860451717305E-02));
#7256 = DIRECTION('',(-4.930380657631E-32,0.49999728458,-0.866026971527)
  );
#7257 = DIRECTION('',(-5.551115123126E-16,-0.866026971527,-0.49999728458
    ));
#7258 = PCURVE('',#5472,#7259);
#7259 = DEFINITIONAL_REPRESENTATION('',(#7260),#7264);
#7260 = LINE('',#7261,#7262);
#7261 = CARTESIAN_POINT('',(-1.50990331349E-14,2.));
#7262 = VECTOR('',#7263,1.);
#7263 = DIRECTION('',(1.,0.));
#7264 = ( GEOMETRIC_REPRESENTATION_CONTEXT(2) 
PARAMETRIC_REPRESENTATION_CONTEXT() REPRESENTATION_CONTEXT('2D SPACE',''
  ) );
#7265 = PCURVE('',#6559,#7266);
#7266 = DEFINITIONAL_REPRESENTATION('',(#7267),#7275);
#7267 = ( BOUNDED_CURVE() B_SPLINE_CURVE(2,(#7268,#7269,#7270,#7271,
#7272,#7273,#7274),.UNSPECIFIED.,.T.,.F.) B_SPLINE_CURVE_WITH_KNOTS((1,2
    ,2,2,2,1),(-2.094395102393,0.,2.094395102393,4.188790204786,
6.28318530718,8.377580409573),.UNSPECIFIED.) CURVE() 
GEOMETRIC_REPRESENTATION_ITEM() RATIONAL_B_SPLINE_CURVE((1.,0.5,1.,0.5,
1.,0.5,1.)) REPRESENTATION_ITEM('') );
#7268 = CARTESIAN_POINT('',(-2.5,5.5));
#7269 = CARTESIAN_POINT('',(-2.5,12.428203230276));
#7270 = CARTESIAN_POINT('',(3.5,8.964101615138));
#7271 = CARTESIAN_POINT('',(9.5,5.5));
#7272 = CARTESIAN_POINT('',(3.5,2.035898384862));
#7273 = CARTESIAN_POINT('',(-2.5,-1.428203230276));
#7274 = CARTESIAN_POINT('',(-2.5,5.5));
#7275 = ( GEOMETRIC_REPRESENTATION_CONTEXT(2) 
PARAMETRIC_REPRESENTATION_CONTEXT() REPRESENTATION_CONTEXT('2D SPACE',''
  ) );
#7276 = ADVANCED_FACE('',(#7277),#5505,.T.);
#7277 = FACE_BOUND('',#7278,.T.);
#7278 = EDGE_LOOP('',(#7279,#7280,#7281,#7282));
#7279 = ORIENTED_EDGE('',*,*,#5546,.T.);
#7280 = ORIENTED_EDGE('',*,*,#5523,.T.);
#7281 = ORIENTED_EDGE('',*,*,#5484,.F.);
#7282 = ORIENTED_EDGE('',*,*,#7283,.T.);
#7283 = EDGE_CURVE('',#5452,#5267,#7284,.T.);
#7284 = SURFACE_CURVE('',#7285,(#7289,#7296),.PCURVE_S1.);
#7285 = LINE('',#7286,#7287);
#7286 = CARTESIAN_POINT('',(28.,46.255180416009,-0.130982545541));
#7287 = VECTOR('',#7288,1.);
#7288 = DIRECTION('',(-1.,0.,0.));
#7289 = PCURVE('',#5505,#7290);
#7290 = DEFINITIONAL_REPRESENTATION('',(#7291),#7295);
#7291 = LINE('',#7292,#7293);
#7292 = CARTESIAN_POINT('',(55.001029372121,1.731954562341));
#7293 = VECTOR('',#7294,1.);
#7294 = DIRECTION('',(-0.999999999999,1.488975220334E-06));
#7295 = ( GEOMETRIC_REPRESENTATION_CONTEXT(2) 
PARAMETRIC_REPRESENTATION_CONTEXT() REPRESENTATION_CONTEXT('2D SPACE',''
  ) );
#7296 = PCURVE('',#6828,#7297);
#7297 = DEFINITIONAL_REPRESENTATION('',(#7298),#7302);
#7298 = LINE('',#7299,#7300);
#7299 = CARTESIAN_POINT('',(21.12316435179,0.));
#7300 = VECTOR('',#7301,1.);
#7301 = DIRECTION('',(0.,1.));
#7302 = ( GEOMETRIC_REPRESENTATION_CONTEXT(2) 
PARAMETRIC_REPRESENTATION_CONTEXT() REPRESENTATION_CONTEXT('2D SPACE',''
  ) );
#7303 = ADVANCED_FACE('',(#7304),#6180,.T.);
#7304 = FACE_BOUND('',#7305,.T.);
#7305 = EDGE_LOOP('',(#7306,#7307,#7328));
#7306 = ORIENTED_EDGE('',*,*,#6161,.F.);
#7307 = ORIENTED_EDGE('',*,*,#7308,.F.);
#7308 = EDGE_CURVE('',#7309,#6162,#7311,.T.);
#7309 = VERTEX_POINT('',#7310);
#7310 = CARTESIAN_POINT('',(-19.44354447587,73.00130876266,
    -10.09258390481));
#7311 = SURFACE_CURVE('',#7312,(#7316,#7322),.PCURVE_S1.);
#7312 = LINE('',#7313,#7314);
#7313 = CARTESIAN_POINT('',(-19.44354447587,73.00130876266,
    -10.09258390481));
#7314 = VECTOR('',#7315,1.);
#7315 = DIRECTION('',(0.,-0.5,0.866025403784));
#7316 = PCURVE('',#6180,#7317);
#7317 = DEFINITIONAL_REPRESENTATION('',(#7318),#7321);
#7318 = B_SPLINE_CURVE_WITH_KNOTS('',1,(#7319,#7320),.UNSPECIFIED.,.F.,
  .F.,(2,2),(-6.000000031007E-07,1.07340529529E-05),
  .PIECEWISE_BEZIER_KNOTS.);
#7319 = CARTESIAN_POINT('',(2.688354774417,-6.000000019905E-07));
#7320 = CARTESIAN_POINT('',(2.688354774417,1.073405295401E-05));
#7321 = ( GEOMETRIC_REPRESENTATION_CONTEXT(2) 
PARAMETRIC_REPRESENTATION_CONTEXT() REPRESENTATION_CONTEXT('2D SPACE',''
  ) );
#7322 = PCURVE('',#6212,#7323);
#7323 = DEFINITIONAL_REPRESENTATION('',(#7324),#7327);
#7324 = B_SPLINE_CURVE_WITH_KNOTS('',1,(#7325,#7326),.UNSPECIFIED.,.F.,
  .F.,(2,2),(-6.000000031007E-07,1.07340529529E-05),
  .PIECEWISE_BEZIER_KNOTS.);
#7325 = CARTESIAN_POINT('',(2.992709905223,9.99994E-02));
#7326 = CARTESIAN_POINT('',(2.992709905223,0.100010734053));
#7327 = ( GEOMETRIC_REPRESENTATION_CONTEXT(2) 
PARAMETRIC_REPRESENTATION_CONTEXT() REPRESENTATION_CONTEXT('2D SPACE',''
  ) );
#7328 = ORIENTED_EDGE('',*,*,#7329,.T.);
#7329 = EDGE_CURVE('',#7309,#6164,#7330,.T.);
#7330 = SURFACE_CURVE('',#7331,(#7336,#7343),.PCURVE_S1.);
#7331 = CIRCLE('',#7332,3.3);
#7332 = AXIS2_PLACEMENT_3D('',#7333,#7334,#7335);
#7333 = CARTESIAN_POINT('',(-17.99854447587,75.570643550109,
    -8.609177773644));
#7334 = DIRECTION('',(0.,-0.5,0.866025403784));
#7335 = DIRECTION('',(0.,0.866025403784,0.5));
#7336 = PCURVE('',#6180,#7337);
#7337 = DEFINITIONAL_REPRESENTATION('',(#7338),#7342);
#7338 = LINE('',#7339,#7340);
#7339 = CARTESIAN_POINT('',(0.,0.));
#7340 = VECTOR('',#7341,1.);
#7341 = DIRECTION('',(1.,0.));
#7342 = ( GEOMETRIC_REPRESENTATION_CONTEXT(2) 
PARAMETRIC_REPRESENTATION_CONTEXT() REPRESENTATION_CONTEXT('2D SPACE',''
  ) );
#7343 = PCURVE('',#6299,#7344);
#7344 = DEFINITIONAL_REPRESENTATION('',(#7345),#7349);
#7345 = CIRCLE('',#7346,3.3);
#7346 = AXIS2_PLACEMENT_2D('',#7347,#7348);
#7347 = CARTESIAN_POINT('',(0.,0.));
#7348 = DIRECTION('',(1.,0.));
#7349 = ( GEOMETRIC_REPRESENTATION_CONTEXT(2) 
PARAMETRIC_REPRESENTATION_CONTEXT() REPRESENTATION_CONTEXT('2D SPACE',''
  ) );
#7350 = ADVANCED_FACE('',(#7351),#6212,.F.);
#7351 = FACE_BOUND('',#7352,.F.);
#7352 = EDGE_LOOP('',(#7353,#7376,#7403,#7404,#7405,#7406,#7430,#7448));
#7353 = ORIENTED_EDGE('',*,*,#7354,.T.);
#7354 = EDGE_CURVE('',#6196,#7355,#7357,.T.);
#7355 = VERTEX_POINT('',#7356);
#7356 = CARTESIAN_POINT('',(-18.99854447587,76.618719761463,
    -4.424499021912));
#7357 = SEAM_CURVE('',#7358,(#7362,#7369),.PCURVE_S1.);
#7358 = LINE('',#7359,#7360);
#7359 = CARTESIAN_POINT('',(-18.99854447587,78.218719761463,
    -7.195780314022));
#7360 = VECTOR('',#7361,1.);
#7361 = DIRECTION('',(0.,-0.5,0.866025403784));
#7362 = PCURVE('',#6212,#7363);
#7363 = DEFINITIONAL_REPRESENTATION('',(#7364),#7368);
#7364 = LINE('',#7365,#7366);
#7365 = CARTESIAN_POINT('',(6.28318530718,-0.));
#7366 = VECTOR('',#7367,1.);
#7367 = DIRECTION('',(0.,1.));
#7368 = ( GEOMETRIC_REPRESENTATION_CONTEXT(2) 
PARAMETRIC_REPRESENTATION_CONTEXT() REPRESENTATION_CONTEXT('2D SPACE',''
  ) );
#7369 = PCURVE('',#6212,#7370);
#7370 = DEFINITIONAL_REPRESENTATION('',(#7371),#7375);
#7371 = LINE('',#7372,#7373);
#7372 = CARTESIAN_POINT('',(0.,-0.));
#7373 = VECTOR('',#7374,1.);
#7374 = DIRECTION('',(0.,1.));
#7375 = ( GEOMETRIC_REPRESENTATION_CONTEXT(2) 
PARAMETRIC_REPRESENTATION_CONTEXT() REPRESENTATION_CONTEXT('2D SPACE',''
  ) );
#7376 = ORIENTED_EDGE('',*,*,#7377,.F.);
#7377 = EDGE_CURVE('',#7355,#7355,#7378,.T.);
#7378 = SURFACE_CURVE('',#7379,(#7384,#7391),.PCURVE_S1.);
#7379 = CIRCLE('',#7380,3.);
#7380 = AXIS2_PLACEMENT_3D('',#7381,#7382,#7383);
#7381 = CARTESIAN_POINT('',(-18.99854447587,74.020643550109,
    -5.924499021912));
#7382 = DIRECTION('',(0.,-0.5,0.866025403784));
#7383 = DIRECTION('',(0.,0.866025403784,0.5));
#7384 = PCURVE('',#6212,#7385);
#7385 = DEFINITIONAL_REPRESENTATION('',(#7386),#7390);
#7386 = LINE('',#7387,#7388);
#7387 = CARTESIAN_POINT('',(0.,3.2));
#7388 = VECTOR('',#7389,1.);
#7389 = DIRECTION('',(1.,0.));
#7390 = ( GEOMETRIC_REPRESENTATION_CONTEXT(2) 
PARAMETRIC_REPRESENTATION_CONTEXT() REPRESENTATION_CONTEXT('2D SPACE',''
  ) );
#7391 = PCURVE('',#7392,#7397);
#7392 = PLANE('',#7393);
#7393 = AXIS2_PLACEMENT_3D('',#7394,#7395,#7396);
#7394 = CARTESIAN_POINT('',(-18.99854447587,74.020643550109,
    -5.924499021912));
#7395 = DIRECTION('',(0.,-0.5,0.866025403784));
#7396 = DIRECTION('',(0.,0.866025403784,0.5));
#7397 = DEFINITIONAL_REPRESENTATION('',(#7398),#7402);
#7398 = CIRCLE('',#7399,3.);
#7399 = AXIS2_PLACEMENT_2D('',#7400,#7401);
#7400 = CARTESIAN_POINT('',(0.,0.));
#7401 = DIRECTION('',(1.,0.));
#7402 = ( GEOMETRIC_REPRESENTATION_CONTEXT(2) 
PARAMETRIC_REPRESENTATION_CONTEXT() REPRESENTATION_CONTEXT('2D SPACE',''
  ) );
#7403 = ORIENTED_EDGE('',*,*,#7354,.F.);
#7404 = ORIENTED_EDGE('',*,*,#6195,.T.);
#7405 = ORIENTED_EDGE('',*,*,#7308,.F.);
#7406 = ORIENTED_EDGE('',*,*,#7407,.T.);
#7407 = EDGE_CURVE('',#7309,#7408,#7410,.T.);
#7408 = VERTEX_POINT('',#7409);
#7409 = CARTESIAN_POINT('',(-17.91847896787,77.994502843431,
    -7.209761958167));
#7410 = SURFACE_CURVE('',#7411,(#7416,#7423),.PCURVE_S1.);
#7411 = CIRCLE('',#7412,3.);
#7412 = AXIS2_PLACEMENT_3D('',#7413,#7414,#7415);
#7413 = CARTESIAN_POINT('',(-18.99854447587,75.570643550109,
    -8.609177773644));
#7414 = DIRECTION('',(0.,-0.5,0.866025403784));
#7415 = DIRECTION('',(0.,0.866025403784,0.5));
#7416 = PCURVE('',#6212,#7417);
#7417 = DEFINITIONAL_REPRESENTATION('',(#7418),#7422);
#7418 = LINE('',#7419,#7420);
#7419 = CARTESIAN_POINT('',(0.,1.E-01));
#7420 = VECTOR('',#7421,1.);
#7421 = DIRECTION('',(1.,0.));
#7422 = ( GEOMETRIC_REPRESENTATION_CONTEXT(2) 
PARAMETRIC_REPRESENTATION_CONTEXT() REPRESENTATION_CONTEXT('2D SPACE',''
  ) );
#7423 = PCURVE('',#6299,#7424);
#7424 = DEFINITIONAL_REPRESENTATION('',(#7425),#7429);
#7425 = CIRCLE('',#7426,3.);
#7426 = AXIS2_PLACEMENT_2D('',#7427,#7428);
#7427 = CARTESIAN_POINT('',(-8.881784197001E-16,1.));
#7428 = DIRECTION('',(1.,0.));
#7429 = ( GEOMETRIC_REPRESENTATION_CONTEXT(2) 
PARAMETRIC_REPRESENTATION_CONTEXT() REPRESENTATION_CONTEXT('2D SPACE',''
  ) );
#7430 = ORIENTED_EDGE('',*,*,#7431,.F.);
#7431 = EDGE_CURVE('',#6229,#7408,#7432,.T.);
#7432 = SURFACE_CURVE('',#7433,(#7436,#7442),.PCURVE_S1.);
#7433 = B_SPLINE_CURVE_WITH_KNOTS('',1,(#7434,#7435),.UNSPECIFIED.,.F.,
  .F.,(2,2),(0.,1.),.PIECEWISE_BEZIER_KNOTS.);
#7434 = CARTESIAN_POINT('',(-17.91847896776,77.994508680888,
    -7.209772069018));
#7435 = CARTESIAN_POINT('',(-17.9184789679,77.994500754873,
    -7.20975834065));
#7436 = PCURVE('',#6212,#7437);
#7437 = DEFINITIONAL_REPRESENTATION('',(#7438),#7441);
#7438 = B_SPLINE_CURVE_WITH_KNOTS('',1,(#7439,#7440),.UNSPECIFIED.,.F.,
  .F.,(2,2),(0.,1.),.PIECEWISE_BEZIER_KNOTS.);
#7439 = CARTESIAN_POINT('',(5.914894008331,9.99883250964E-02));
#7440 = CARTESIAN_POINT('',(5.914894008381,0.100004177022));
#7441 = ( GEOMETRIC_REPRESENTATION_CONTEXT(2) 
PARAMETRIC_REPRESENTATION_CONTEXT() REPRESENTATION_CONTEXT('2D SPACE',''
  ) );
#7442 = PCURVE('',#6273,#7443);
#7443 = DEFINITIONAL_REPRESENTATION('',(#7444),#7447);
#7444 = B_SPLINE_CURVE_WITH_KNOTS('',1,(#7445,#7446),.UNSPECIFIED.,.F.,
  .F.,(2,2),(0.,1.),.PIECEWISE_BEZIER_KNOTS.);
#7445 = CARTESIAN_POINT('',(4.683790257801,-6.000171588592E-07));
#7446 = CARTESIAN_POINT('',(4.683790257851,1.525230345925E-05));
#7447 = ( GEOMETRIC_REPRESENTATION_CONTEXT(2) 
PARAMETRIC_REPRESENTATION_CONTEXT() REPRESENTATION_CONTEXT('2D SPACE',''
  ) );
#7448 = ORIENTED_EDGE('',*,*,#6228,.T.);
#7449 = ADVANCED_FACE('',(#7450),#6299,.F.);
#7450 = FACE_BOUND('',#7451,.F.);
#7451 = EDGE_LOOP('',(#7452,#7453,#7454,#7455,#7482));
#7452 = ORIENTED_EDGE('',*,*,#7407,.F.);
#7453 = ORIENTED_EDGE('',*,*,#7329,.T.);
#7454 = ORIENTED_EDGE('',*,*,#6285,.F.);
#7455 = ORIENTED_EDGE('',*,*,#7456,.T.);
#7456 = EDGE_CURVE('',#6257,#7457,#7459,.T.);
#7457 = VERTEX_POINT('',#7458);
#7458 = CARTESIAN_POINT('',(-15.19854447587,75.570623280441,
    -8.609189476342));
#7459 = SURFACE_CURVE('',#7460,(#7465,#7472),.PCURVE_S1.);
#7460 = ELLIPSE('',#7461,2.800000000014,2.8);
#7461 = AXIS2_PLACEMENT_3D('',#7462,#7463,#7464);
#7462 = CARTESIAN_POINT('',(-17.99854447587,75.570623280441,
    -8.609189476342));
#7463 = DIRECTION('',(0.,-0.5,0.866025403784));
#7464 = DIRECTION('',(0.,0.866025403784,0.5));
#7465 = PCURVE('',#6299,#7466);
#7466 = DEFINITIONAL_REPRESENTATION('',(#7467),#7471);
#7467 = CIRCLE('',#7468,2.800000000014);
#7468 = AXIS2_PLACEMENT_2D('',#7469,#7470);
#7469 = CARTESIAN_POINT('',(-2.340539687996E-05,-3.552713678801E-14));
#7470 = DIRECTION('',(1.,0.));
#7471 = ( GEOMETRIC_REPRESENTATION_CONTEXT(2) 
PARAMETRIC_REPRESENTATION_CONTEXT() REPRESENTATION_CONTEXT('2D SPACE',''
  ) );
#7472 = PCURVE('',#6273,#7473);
#7473 = DEFINITIONAL_REPRESENTATION('',(#7474),#7481);
#7474 = B_SPLINE_CURVE_WITH_KNOTS('',5,(#7475,#7476,#7477,#7478,#7479,
    #7480),.UNSPECIFIED.,.F.,.F.,(6,6),(4.37583483971,4.712388980385),
  .PIECEWISE_BEZIER_KNOTS.);
#7475 = CARTESIAN_POINT('',(2.805038512915,-6.000216359325E-07));
#7476 = CARTESIAN_POINT('',(2.87234934105,-4.222736037972E-08));
#7477 = CARTESIAN_POINT('',(2.939660169185,5.319866910293E-07));
#7478 = CARTESIAN_POINT('',(3.00697099732,1.1173559152E-06));
#7479 = CARTESIAN_POINT('',(3.074281825455,1.708303481833E-06));
#7480 = CARTESIAN_POINT('',(3.14159265359,2.299250965621E-06));
#7481 = ( GEOMETRIC_REPRESENTATION_CONTEXT(2) 
PARAMETRIC_REPRESENTATION_CONTEXT() REPRESENTATION_CONTEXT('2D SPACE',''
  ) );
#7482 = ORIENTED_EDGE('',*,*,#7483,.T.);
#7483 = EDGE_CURVE('',#7457,#7408,#7484,.T.);
#7484 = SURFACE_CURVE('',#7485,(#7490,#7497),.PCURVE_S1.);
#7485 = ELLIPSE('',#7486,2.800000000014,2.8);
#7486 = AXIS2_PLACEMENT_3D('',#7487,#7488,#7489);
#7487 = CARTESIAN_POINT('',(-17.99854447587,75.570623280441,
    -8.609189476342));
#7488 = DIRECTION('',(0.,-0.5,0.866025403784));
#7489 = DIRECTION('',(0.,0.866025403784,0.5));
#7490 = PCURVE('',#6299,#7491);
#7491 = DEFINITIONAL_REPRESENTATION('',(#7492),#7496);
#7492 = CIRCLE('',#7493,2.800000000014);
#7493 = AXIS2_PLACEMENT_2D('',#7494,#7495);
#7494 = CARTESIAN_POINT('',(-2.340539687996E-05,-3.552713678801E-14));
#7495 = DIRECTION('',(1.,0.));
#7496 = ( GEOMETRIC_REPRESENTATION_CONTEXT(2) 
PARAMETRIC_REPRESENTATION_CONTEXT() REPRESENTATION_CONTEXT('2D SPACE',''
  ) );
#7497 = PCURVE('',#6273,#7498);
#7498 = DEFINITIONAL_REPRESENTATION('',(#7499),#7506);
#7499 = B_SPLINE_CURVE_WITH_KNOTS('',5,(#7500,#7501,#7502,#7503,#7504,
    #7505),.UNSPECIFIED.,.F.,.F.,(6,6),(4.712388980385,8.190535774649),
  .PIECEWISE_BEZIER_KNOTS.);
#7500 = CARTESIAN_POINT('',(3.14159265359,2.299250965621E-06));
#7501 = CARTESIAN_POINT('',(3.837222012443,8.406446949583E-06));
#7502 = CARTESIAN_POINT('',(4.532851371296,1.492019848334E-05));
#7503 = CARTESIAN_POINT('',(5.228480730149,1.306241900953E-05));
#7504 = CARTESIAN_POINT('',(5.924110089001,5.164549756604E-06));
#7505 = CARTESIAN_POINT('',(6.619739447854,-6.000216359325E-07));
#7506 = ( GEOMETRIC_REPRESENTATION_CONTEXT(2) 
PARAMETRIC_REPRESENTATION_CONTEXT() REPRESENTATION_CONTEXT('2D SPACE',''
  ) );
#7507 = ADVANCED_FACE('',(#7508),#6273,.F.);
#7508 = FACE_BOUND('',#7509,.F.);
#7509 = EDGE_LOOP('',(#7510,#7511,#7512,#7513));
#7510 = ORIENTED_EDGE('',*,*,#7483,.F.);
#7511 = ORIENTED_EDGE('',*,*,#7456,.F.);
#7512 = ORIENTED_EDGE('',*,*,#6256,.T.);
#7513 = ORIENTED_EDGE('',*,*,#7431,.T.);
#7514 = ADVANCED_FACE('',(#7515),#6332,.T.);
#7515 = FACE_BOUND('',#7516,.T.);
#7516 = EDGE_LOOP('',(#7517,#7518,#7539));
#7517 = ORIENTED_EDGE('',*,*,#6313,.F.);
#7518 = ORIENTED_EDGE('',*,*,#7519,.F.);
#7519 = EDGE_CURVE('',#7520,#6314,#7522,.T.);
#7520 = VERTEX_POINT('',#7521);
#7521 = CARTESIAN_POINT('',(0.556455524129,73.00130876266,
    -10.09258390481));
#7522 = SURFACE_CURVE('',#7523,(#7527,#7533),.PCURVE_S1.);
#7523 = LINE('',#7524,#7525);
#7524 = CARTESIAN_POINT('',(0.55645552413,73.00130876266,-10.09258390481
    ));
#7525 = VECTOR('',#7526,1.);
#7526 = DIRECTION('',(0.,-0.5,0.866025403784));
#7527 = PCURVE('',#6332,#7528);
#7528 = DEFINITIONAL_REPRESENTATION('',(#7529),#7532);
#7529 = B_SPLINE_CURVE_WITH_KNOTS('',1,(#7530,#7531),.UNSPECIFIED.,.F.,
  .F.,(2,2),(-6.000000000923E-07,1.07340529529E-05),
  .PIECEWISE_BEZIER_KNOTS.);
#7530 = CARTESIAN_POINT('',(2.688354774417,-5.999999989821E-07));
#7531 = CARTESIAN_POINT('',(2.688354774417,1.073405295401E-05));
#7532 = ( GEOMETRIC_REPRESENTATION_CONTEXT(2) 
PARAMETRIC_REPRESENTATION_CONTEXT() REPRESENTATION_CONTEXT('2D SPACE',''
  ) );
#7533 = PCURVE('',#6364,#7534);
#7534 = DEFINITIONAL_REPRESENTATION('',(#7535),#7538);
#7535 = B_SPLINE_CURVE_WITH_KNOTS('',1,(#7536,#7537),.UNSPECIFIED.,.F.,
  .F.,(2,2),(-6.000000000923E-07,1.07340529529E-05),
  .PIECEWISE_BEZIER_KNOTS.);
#7536 = CARTESIAN_POINT('',(2.992709905223,9.99994E-02));
#7537 = CARTESIAN_POINT('',(2.992709905223,0.100010734053));
#7538 = ( GEOMETRIC_REPRESENTATION_CONTEXT(2) 
PARAMETRIC_REPRESENTATION_CONTEXT() REPRESENTATION_CONTEXT('2D SPACE',''
  ) );
#7539 = ORIENTED_EDGE('',*,*,#7540,.T.);
#7540 = EDGE_CURVE('',#7520,#6316,#7541,.T.);
#7541 = SURFACE_CURVE('',#7542,(#7547,#7554),.PCURVE_S1.);
#7542 = CIRCLE('',#7543,3.3);
#7543 = AXIS2_PLACEMENT_3D('',#7544,#7545,#7546);
#7544 = CARTESIAN_POINT('',(2.00145552413,75.570643550109,
    -8.609177773644));
#7545 = DIRECTION('',(0.,-0.5,0.866025403784));
#7546 = DIRECTION('',(0.,0.866025403784,0.5));
#7547 = PCURVE('',#6332,#7548);
#7548 = DEFINITIONAL_REPRESENTATION('',(#7549),#7553);
#7549 = LINE('',#7550,#7551);
#7550 = CARTESIAN_POINT('',(0.,0.));
#7551 = VECTOR('',#7552,1.);
#7552 = DIRECTION('',(1.,0.));
#7553 = ( GEOMETRIC_REPRESENTATION_CONTEXT(2) 
PARAMETRIC_REPRESENTATION_CONTEXT() REPRESENTATION_CONTEXT('2D SPACE',''
  ) );
#7554 = PCURVE('',#6451,#7555);
#7555 = DEFINITIONAL_REPRESENTATION('',(#7556),#7560);
#7556 = CIRCLE('',#7557,3.3);
#7557 = AXIS2_PLACEMENT_2D('',#7558,#7559);
#7558 = CARTESIAN_POINT('',(0.,0.));
#7559 = DIRECTION('',(1.,0.));
#7560 = ( GEOMETRIC_REPRESENTATION_CONTEXT(2) 
PARAMETRIC_REPRESENTATION_CONTEXT() REPRESENTATION_CONTEXT('2D SPACE',''
  ) );
#7561 = ADVANCED_FACE('',(#7562),#6451,.F.);
#7562 = FACE_BOUND('',#7563,.F.);
#7563 = EDGE_LOOP('',(#7564,#7588,#7589,#7590,#7617));
#7564 = ORIENTED_EDGE('',*,*,#7565,.F.);
#7565 = EDGE_CURVE('',#7520,#7566,#7568,.T.);
#7566 = VERTEX_POINT('',#7567);
#7567 = CARTESIAN_POINT('',(1.727226072008,78.091544744896,
    -7.153734790234));
#7568 = SURFACE_CURVE('',#7569,(#7574,#7581),.PCURVE_S1.);
#7569 = CIRCLE('',#7570,3.);
#7570 = AXIS2_PLACEMENT_3D('',#7571,#7572,#7573);
#7571 = CARTESIAN_POINT('',(1.00145552413,75.570643550109,
    -8.609177773644));
#7572 = DIRECTION('',(0.,-0.5,0.866025403784));
#7573 = DIRECTION('',(0.,0.866025403784,0.5));
#7574 = PCURVE('',#6451,#7575);
#7575 = DEFINITIONAL_REPRESENTATION('',(#7576),#7580);
#7576 = CIRCLE('',#7577,3.);
#7577 = AXIS2_PLACEMENT_2D('',#7578,#7579);
#7578 = CARTESIAN_POINT('',(-8.881784197001E-16,1.));
#7579 = DIRECTION('',(1.,0.));
#7580 = ( GEOMETRIC_REPRESENTATION_CONTEXT(2) 
PARAMETRIC_REPRESENTATION_CONTEXT() REPRESENTATION_CONTEXT('2D SPACE',''
  ) );
#7581 = PCURVE('',#6364,#7582);
#7582 = DEFINITIONAL_REPRESENTATION('',(#7583),#7587);
#7583 = LINE('',#7584,#7585);
#7584 = CARTESIAN_POINT('',(0.,1.E-01));
#7585 = VECTOR('',#7586,1.);
#7586 = DIRECTION('',(1.,0.));
#7587 = ( GEOMETRIC_REPRESENTATION_CONTEXT(2) 
PARAMETRIC_REPRESENTATION_CONTEXT() REPRESENTATION_CONTEXT('2D SPACE',''
  ) );
#7588 = ORIENTED_EDGE('',*,*,#7540,.T.);
#7589 = ORIENTED_EDGE('',*,*,#6437,.F.);
#7590 = ORIENTED_EDGE('',*,*,#7591,.T.);
#7591 = EDGE_CURVE('',#6409,#7592,#7594,.T.);
#7592 = VERTEX_POINT('',#7593);
#7593 = CARTESIAN_POINT('',(4.800000163913,75.678207694016,
    -8.547075586204));
#7594 = SURFACE_CURVE('',#7595,(#7600,#7607),.PCURVE_S1.);
#7595 = ELLIPSE('',#7596,2.800000000014,2.8);
#7596 = AXIS2_PLACEMENT_3D('',#7597,#7598,#7599);
#7597 = CARTESIAN_POINT('',(2.000000163913,75.678207694016,
    -8.547075586204));
#7598 = DIRECTION('',(0.,-0.5,0.866025403784));
#7599 = DIRECTION('',(0.,0.866025403784,0.5));
#7600 = PCURVE('',#6451,#7601);
#7601 = DEFINITIONAL_REPRESENTATION('',(#7602),#7606);
#7602 = CIRCLE('',#7603,2.800000000014);
#7603 = AXIS2_PLACEMENT_2D('',#7604,#7605);
#7604 = CARTESIAN_POINT('',(0.12420437488,1.455360216895E-03));
#7605 = DIRECTION('',(1.,0.));
#7606 = ( GEOMETRIC_REPRESENTATION_CONTEXT(2) 
PARAMETRIC_REPRESENTATION_CONTEXT() REPRESENTATION_CONTEXT('2D SPACE',''
  ) );
#7607 = PCURVE('',#6425,#7608);
#7608 = DEFINITIONAL_REPRESENTATION('',(#7609),#7616);
#7609 = B_SPLINE_CURVE_WITH_KNOTS('',5,(#7610,#7611,#7612,#7613,#7614,
    #7615),.UNSPECIFIED.,.F.,.F.,(6,6),(4.328419613989,4.712388980385),
  .PIECEWISE_BEZIER_KNOTS.);
#7610 = CARTESIAN_POINT('',(2.757623287194,-6.000230925451E-07));
#7611 = CARTESIAN_POINT('',(2.834417160473,2.50875974207E-08));
#7612 = CARTESIAN_POINT('',(2.911211033753,6.744418378379E-07));
#7613 = CARTESIAN_POINT('',(2.988004907032,1.340360697147E-06));
#7614 = CARTESIAN_POINT('',(3.064798780311,2.01456360395E-06));
#7615 = CARTESIAN_POINT('',(3.14159265359,2.688766365111E-06));
#7616 = ( GEOMETRIC_REPRESENTATION_CONTEXT(2) 
PARAMETRIC_REPRESENTATION_CONTEXT() REPRESENTATION_CONTEXT('2D SPACE',''
  ) );
#7617 = ORIENTED_EDGE('',*,*,#7618,.T.);
#7618 = EDGE_CURVE('',#7592,#7566,#7619,.T.);
#7619 = SURFACE_CURVE('',#7620,(#7625,#7632),.PCURVE_S1.);
#7620 = ELLIPSE('',#7621,2.800000000014,2.8);
#7621 = AXIS2_PLACEMENT_3D('',#7622,#7623,#7624);
#7622 = CARTESIAN_POINT('',(2.000000163913,75.678207694016,
    -8.547075586204));
#7623 = DIRECTION('',(0.,-0.5,0.866025403784));
#7624 = DIRECTION('',(0.,0.866025403784,0.5));
#7625 = PCURVE('',#6451,#7626);
#7626 = DEFINITIONAL_REPRESENTATION('',(#7627),#7631);
#7627 = CIRCLE('',#7628,2.800000000014);
#7628 = AXIS2_PLACEMENT_2D('',#7629,#7630);
#7629 = CARTESIAN_POINT('',(0.12420437488,1.455360216895E-03));
#7630 = DIRECTION('',(1.,0.));
#7631 = ( GEOMETRIC_REPRESENTATION_CONTEXT(2) 
PARAMETRIC_REPRESENTATION_CONTEXT() REPRESENTATION_CONTEXT('2D SPACE',''
  ) );
#7632 = PCURVE('',#6425,#7633);
#7633 = DEFINITIONAL_REPRESENTATION('',(#7634),#7641);
#7634 = B_SPLINE_CURVE_WITH_KNOTS('',5,(#7635,#7636,#7637,#7638,#7639,
    #7640),.UNSPECIFIED.,.F.,.F.,(6,6),(4.712388980385,8.23795100037),
  .PIECEWISE_BEZIER_KNOTS.);
#7635 = CARTESIAN_POINT('',(3.14159265359,2.688766365111E-06));
#7636 = CARTESIAN_POINT('',(3.846705057587,8.879217626447E-06));
#7637 = CARTESIAN_POINT('',(4.551817461584,1.550898500259E-05));
#7638 = CARTESIAN_POINT('',(5.256929865581,1.332896136702E-05));
#7639 = CARTESIAN_POINT('',(5.962042269578,5.139670486449E-06));
#7640 = CARTESIAN_POINT('',(6.667154673575,-6.000230925451E-07));
#7641 = ( GEOMETRIC_REPRESENTATION_CONTEXT(2) 
PARAMETRIC_REPRESENTATION_CONTEXT() REPRESENTATION_CONTEXT('2D SPACE',''
  ) );
#7642 = ADVANCED_FACE('',(#7643),#6425,.F.);
#7643 = FACE_BOUND('',#7644,.F.);
#7644 = EDGE_LOOP('',(#7645,#7646,#7647,#7648));
#7645 = ORIENTED_EDGE('',*,*,#7618,.F.);
#7646 = ORIENTED_EDGE('',*,*,#7591,.F.);
#7647 = ORIENTED_EDGE('',*,*,#6408,.T.);
#7648 = ORIENTED_EDGE('',*,*,#7649,.T.);
#7649 = EDGE_CURVE('',#6381,#7566,#7650,.T.);
#7650 = SURFACE_CURVE('',#7651,(#7654,#7660),.PCURVE_S1.);
#7651 = B_SPLINE_CURVE_WITH_KNOTS('',1,(#7652,#7653),.UNSPECIFIED.,.F.,
  .F.,(2,2),(0.,1.),.PIECEWISE_BEZIER_KNOTS.);
#7652 = CARTESIAN_POINT('',(1.727226072116,78.091550758193,
    -7.153745205624));
#7653 = CARTESIAN_POINT('',(1.727226071968,78.091542540323,
    -7.153730971782));
#7654 = PCURVE('',#6425,#7655);
#7655 = DEFINITIONAL_REPRESENTATION('',(#7656),#7659);
#7656 = B_SPLINE_CURVE_WITH_KNOTS('',1,(#7657,#7658),.UNSPECIFIED.,.F.,
  .F.,(2,2),(0.,1.),.PIECEWISE_BEZIER_KNOTS.);
#7657 = CARTESIAN_POINT('',(4.809963054108,-6.000186208311E-07));
#7658 = CARTESIAN_POINT('',(4.809963054161,1.583572576885E-05));
#7659 = ( GEOMETRIC_REPRESENTATION_CONTEXT(2) 
PARAMETRIC_REPRESENTATION_CONTEXT() REPRESENTATION_CONTEXT('2D SPACE',''
  ) );
#7660 = PCURVE('',#6364,#7661);
#7661 = DEFINITIONAL_REPRESENTATION('',(#7662),#7665);
#7662 = B_SPLINE_CURVE_WITH_KNOTS('',1,(#7663,#7664),.UNSPECIFIED.,.F.,
  .F.,(2,2),(0.,1.),.PIECEWISE_BEZIER_KNOTS.);
#7663 = CARTESIAN_POINT('',(6.038837541898,9.998797312437E-02));
#7664 = CARTESIAN_POINT('',(6.038837541949,0.100004408989));
#7665 = ( GEOMETRIC_REPRESENTATION_CONTEXT(2) 
PARAMETRIC_REPRESENTATION_CONTEXT() REPRESENTATION_CONTEXT('2D SPACE',''
  ) );
#7666 = ADVANCED_FACE('',(#7667),#6364,.F.);
#7667 = FACE_BOUND('',#7668,.F.);
#7668 = EDGE_LOOP('',(#7669,#7692,#7719,#7720,#7721,#7722,#7723,#7724));
#7669 = ORIENTED_EDGE('',*,*,#7670,.T.);
#7670 = EDGE_CURVE('',#6348,#7671,#7673,.T.);
#7671 = VERTEX_POINT('',#7672);
#7672 = CARTESIAN_POINT('',(1.00145552413,76.618719761463,
    -4.424499021912));
#7673 = SEAM_CURVE('',#7674,(#7678,#7685),.PCURVE_S1.);
#7674 = LINE('',#7675,#7676);
#7675 = CARTESIAN_POINT('',(1.00145552413,78.218719761463,
    -7.195780314022));
#7676 = VECTOR('',#7677,1.);
#7677 = DIRECTION('',(0.,-0.5,0.866025403784));
#7678 = PCURVE('',#6364,#7679);
#7679 = DEFINITIONAL_REPRESENTATION('',(#7680),#7684);
#7680 = LINE('',#7681,#7682);
#7681 = CARTESIAN_POINT('',(6.28318530718,-0.));
#7682 = VECTOR('',#7683,1.);
#7683 = DIRECTION('',(0.,1.));
#7684 = ( GEOMETRIC_REPRESENTATION_CONTEXT(2) 
PARAMETRIC_REPRESENTATION_CONTEXT() REPRESENTATION_CONTEXT('2D SPACE',''
  ) );
#7685 = PCURVE('',#6364,#7686);
#7686 = DEFINITIONAL_REPRESENTATION('',(#7687),#7691);
#7687 = LINE('',#7688,#7689);
#7688 = CARTESIAN_POINT('',(0.,-0.));
#7689 = VECTOR('',#7690,1.);
#7690 = DIRECTION('',(0.,1.));
#7691 = ( GEOMETRIC_REPRESENTATION_CONTEXT(2) 
PARAMETRIC_REPRESENTATION_CONTEXT() REPRESENTATION_CONTEXT('2D SPACE',''
  ) );
#7692 = ORIENTED_EDGE('',*,*,#7693,.F.);
#7693 = EDGE_CURVE('',#7671,#7671,#7694,.T.);
#7694 = SURFACE_CURVE('',#7695,(#7700,#7707),.PCURVE_S1.);
#7695 = CIRCLE('',#7696,3.);
#7696 = AXIS2_PLACEMENT_3D('',#7697,#7698,#7699);
#7697 = CARTESIAN_POINT('',(1.00145552413,74.020643550109,
    -5.924499021912));
#7698 = DIRECTION('',(0.,-0.5,0.866025403784));
#7699 = DIRECTION('',(0.,0.866025403784,0.5));
#7700 = PCURVE('',#6364,#7701);
#7701 = DEFINITIONAL_REPRESENTATION('',(#7702),#7706);
#7702 = LINE('',#7703,#7704);
#7703 = CARTESIAN_POINT('',(0.,3.2));
#7704 = VECTOR('',#7705,1.);
#7705 = DIRECTION('',(1.,0.));
#7706 = ( GEOMETRIC_REPRESENTATION_CONTEXT(2) 
PARAMETRIC_REPRESENTATION_CONTEXT() REPRESENTATION_CONTEXT('2D SPACE',''
  ) );
#7707 = PCURVE('',#7708,#7713);
#7708 = PLANE('',#7709);
#7709 = AXIS2_PLACEMENT_3D('',#7710,#7711,#7712);
#7710 = CARTESIAN_POINT('',(1.00145552413,74.020643550109,
    -5.924499021912));
#7711 = DIRECTION('',(0.,-0.5,0.866025403784));
#7712 = DIRECTION('',(0.,0.866025403784,0.5));
#7713 = DEFINITIONAL_REPRESENTATION('',(#7714),#7718);
#7714 = CIRCLE('',#7715,3.);
#7715 = AXIS2_PLACEMENT_2D('',#7716,#7717);
#7716 = CARTESIAN_POINT('',(0.,0.));
#7717 = DIRECTION('',(1.,0.));
#7718 = ( GEOMETRIC_REPRESENTATION_CONTEXT(2) 
PARAMETRIC_REPRESENTATION_CONTEXT() REPRESENTATION_CONTEXT('2D SPACE',''
  ) );
#7719 = ORIENTED_EDGE('',*,*,#7670,.F.);
#7720 = ORIENTED_EDGE('',*,*,#6347,.T.);
#7721 = ORIENTED_EDGE('',*,*,#7519,.F.);
#7722 = ORIENTED_EDGE('',*,*,#7565,.T.);
#7723 = ORIENTED_EDGE('',*,*,#7649,.F.);
#7724 = ORIENTED_EDGE('',*,*,#6380,.T.);
#7725 = ADVANCED_FACE('',(#7726,#7779,#7933),#6482,.T.);
#7726 = FACE_BOUND('',#7727,.T.);
#7727 = EDGE_LOOP('',(#7728,#7729,#7730,#7731,#7732,#7733,#7754,#7755,
    #7756,#7757,#7758));
#7728 = ORIENTED_EDGE('',*,*,#7070,.F.);
#7729 = ORIENTED_EDGE('',*,*,#6996,.F.);
#7730 = ORIENTED_EDGE('',*,*,#6967,.F.);
#7731 = ORIENTED_EDGE('',*,*,#6893,.F.);
#7732 = ORIENTED_EDGE('',*,*,#6864,.F.);
#7733 = ORIENTED_EDGE('',*,*,#7734,.F.);
#7734 = EDGE_CURVE('',#7202,#6813,#7735,.T.);
#7735 = SURFACE_CURVE('',#7736,(#7740,#7747),.PCURVE_S1.);
#7736 = LINE('',#7737,#7738);
#7737 = CARTESIAN_POINT('',(9.500727762065,53.755139684715,
    -13.12138711844));
#7738 = VECTOR('',#7739,1.);
#7739 = DIRECTION('',(-1.,0.,0.));
#7740 = PCURVE('',#6482,#7741);
#7741 = DEFINITIONAL_REPRESENTATION('',(#7742),#7746);
#7742 = LINE('',#7743,#7744);
#7743 = CARTESIAN_POINT('',(18.499272237935,-21.14888375934));
#7744 = VECTOR('',#7745,1.);
#7745 = DIRECTION('',(-1.,0.));
#7746 = ( GEOMETRIC_REPRESENTATION_CONTEXT(2) 
PARAMETRIC_REPRESENTATION_CONTEXT() REPRESENTATION_CONTEXT('2D SPACE',''
  ) );
#7747 = PCURVE('',#6828,#7748);
#7748 = DEFINITIONAL_REPRESENTATION('',(#7749),#7753);
#7749 = LINE('',#7750,#7751);
#7750 = CARTESIAN_POINT('',(6.12316435179,18.499272237935));
#7751 = VECTOR('',#7752,1.);
#7752 = DIRECTION('',(0.,1.));
#7753 = ( GEOMETRIC_REPRESENTATION_CONTEXT(2) 
PARAMETRIC_REPRESENTATION_CONTEXT() REPRESENTATION_CONTEXT('2D SPACE',''
  ) );
#7754 = ORIENTED_EDGE('',*,*,#7224,.F.);
#7755 = ORIENTED_EDGE('',*,*,#6572,.F.);
#7756 = ORIENTED_EDGE('',*,*,#6466,.F.);
#7757 = ORIENTED_EDGE('',*,*,#6697,.F.);
#7758 = ORIENTED_EDGE('',*,*,#7759,.F.);
#7759 = EDGE_CURVE('',#7046,#6670,#7760,.T.);
#7760 = SURFACE_CURVE('',#7761,(#7765,#7772),.PCURVE_S1.);
#7761 = LINE('',#7762,#7763);
#7762 = CARTESIAN_POINT('',(12.209554767677,88.52515589701,
    6.952945740161));
#7763 = VECTOR('',#7764,1.);
#7764 = DIRECTION('',(0.,0.866026971527,0.49999728458));
#7765 = PCURVE('',#6482,#7766);
#7766 = DEFINITIONAL_REPRESENTATION('',(#7767),#7771);
#7767 = LINE('',#7768,#7769);
#7768 = CARTESIAN_POINT('',(21.208099243548,19.));
#7769 = VECTOR('',#7770,1.);
#7770 = DIRECTION('',(0.,1.));
#7771 = ( GEOMETRIC_REPRESENTATION_CONTEXT(2) 
PARAMETRIC_REPRESENTATION_CONTEXT() REPRESENTATION_CONTEXT('2D SPACE',''
  ) );
#7772 = PCURVE('',#6685,#7773);
#7773 = DEFINITIONAL_REPRESENTATION('',(#7774),#7778);
#7774 = LINE('',#7775,#7776);
#7775 = CARTESIAN_POINT('',(0.,0.));
#7776 = VECTOR('',#7777,1.);
#7777 = DIRECTION('',(0.,1.));
#7778 = ( GEOMETRIC_REPRESENTATION_CONTEXT(2) 
PARAMETRIC_REPRESENTATION_CONTEXT() REPRESENTATION_CONTEXT('2D SPACE',''
  ) );
#7779 = FACE_BOUND('',#7780,.T.);
#7780 = EDGE_LOOP('',(#7781,#7811,#7843,#7876,#7908));
#7781 = ORIENTED_EDGE('',*,*,#7782,.F.);
#7782 = EDGE_CURVE('',#7783,#7785,#7787,.T.);
#7783 = VERTEX_POINT('',#7784);
#7784 = CARTESIAN_POINT('',(-16.57648609341,71.4355734199,
    -2.913657857764));
#7785 = VERTEX_POINT('',#7786);
#7786 = CARTESIAN_POINT('',(-16.03074166085,71.435573427268,
    -2.91365785353));
#7787 = SURFACE_CURVE('',#7788,(#7792,#7799),.PCURVE_S1.);
#7788 = LINE('',#7789,#7790);
#7789 = CARTESIAN_POINT('',(-13.49854447587,71.435573427264,
    -2.913657853522));
#7790 = VECTOR('',#7791,1.);
#7791 = DIRECTION('',(1.,0.,0.));
#7792 = PCURVE('',#6482,#7793);
#7793 = DEFINITIONAL_REPRESENTATION('',(#7794),#7798);
#7794 = LINE('',#7795,#7796);
#7795 = CARTESIAN_POINT('',(-4.5,-0.733314355808));
#7796 = VECTOR('',#7797,1.);
#7797 = DIRECTION('',(1.,0.));
#7798 = ( GEOMETRIC_REPRESENTATION_CONTEXT(2) 
PARAMETRIC_REPRESENTATION_CONTEXT() REPRESENTATION_CONTEXT('2D SPACE',''
  ) );
#7799 = PCURVE('',#7800,#7805);
#7800 = PLANE('',#7801);
#7801 = AXIS2_PLACEMENT_3D('',#7802,#7803,#7804);
#7802 = CARTESIAN_POINT('',(-17.99854447587,72.070643550109,
    -2.546999947153));
#7803 = DIRECTION('',(0.,-0.5,0.866025403784));
#7804 = DIRECTION('',(0.,0.866025403784,0.5));
#7805 = DEFINITIONAL_REPRESENTATION('',(#7806),#7810);
#7806 = LINE('',#7807,#7808);
#7807 = CARTESIAN_POINT('',(-0.733315812753,-4.5));
#7808 = VECTOR('',#7809,1.);
#7809 = DIRECTION('',(0.,-1.));
#7810 = ( GEOMETRIC_REPRESENTATION_CONTEXT(2) 
PARAMETRIC_REPRESENTATION_CONTEXT() REPRESENTATION_CONTEXT('2D SPACE',''
  ) );
#7811 = ORIENTED_EDGE('',*,*,#7812,.T.);
#7812 = EDGE_CURVE('',#7783,#7813,#7815,.T.);
#7813 = VERTEX_POINT('',#7814);
#7814 = CARTESIAN_POINT('',(-18.15854679529,70.691946108895,
    -3.342988177103));
#7815 = SURFACE_CURVE('',#7816,(#7821,#7832),.PCURVE_S1.);
#7816 = CIRCLE('',#7817,1.6);
#7817 = AXIS2_PLACEMENT_3D('',#7818,#7819,#7820);
#7818 = CARTESIAN_POINT('',(-17.99854447587,72.070643437997,
    -2.547002666867));
#7819 = DIRECTION('',(0.,0.49999728458,-0.866026971527));
#7820 = DIRECTION('',(1.,0.,0.));
#7821 = PCURVE('',#6482,#7822);
#7822 = DEFINITIONAL_REPRESENTATION('',(#7823),#7831);
#7823 = ( BOUNDED_CURVE() B_SPLINE_CURVE(2,(#7824,#7825,#7826,#7827,
#7828,#7829,#7830),.UNSPECIFIED.,.T.,.F.) B_SPLINE_CURVE_WITH_KNOTS((1,2
    ,2,2,2,1),(-2.094395102393,0.,2.094395102393,4.188790204786,
6.28318530718,8.377580409573),.UNSPECIFIED.) CURVE() 
GEOMETRIC_REPRESENTATION_ITEM() RATIONAL_B_SPLINE_CURVE((1.,0.5,1.,0.5,
1.,0.5,1.)) REPRESENTATION_ITEM('') );
#7824 = CARTESIAN_POINT('',(-7.4,9.893280492202E-14));
#7825 = CARTESIAN_POINT('',(-7.4,-2.77128129211));
#7826 = CARTESIAN_POINT('',(-9.8,-1.385640646055));
#7827 = CARTESIAN_POINT('',(-12.2,9.85409179463E-14));
#7828 = CARTESIAN_POINT('',(-9.8,1.385640646055));
#7829 = CARTESIAN_POINT('',(-7.4,2.77128129211));
#7830 = CARTESIAN_POINT('',(-7.4,9.893280492202E-14));
#7831 = ( GEOMETRIC_REPRESENTATION_CONTEXT(2) 
PARAMETRIC_REPRESENTATION_CONTEXT() REPRESENTATION_CONTEXT('2D SPACE',''
  ) );
#7832 = PCURVE('',#7800,#7833);
#7833 = DEFINITIONAL_REPRESENTATION('',(#7834),#7842);
#7834 = ( BOUNDED_CURVE() B_SPLINE_CURVE(2,(#7835,#7836,#7837,#7838,
#7839,#7840,#7841),.UNSPECIFIED.,.T.,.F.) B_SPLINE_CURVE_WITH_KNOTS((1,2
    ,2,2,2,1),(-2.094395102393,0.,2.094395102393,4.188790204786,
6.28318530718,8.377580409573),.UNSPECIFIED.) CURVE() 
GEOMETRIC_REPRESENTATION_ITEM() RATIONAL_B_SPLINE_CURVE((1.,0.5,1.,0.5,
1.,0.5,1.)) REPRESENTATION_ITEM('') );
#7835 = CARTESIAN_POINT('',(-1.456948753677E-06,-1.6));
#7836 = CARTESIAN_POINT('',(-2.771282749059,-1.6));
#7837 = CARTESIAN_POINT('',(-1.385642103004,0.8));
#7838 = CARTESIAN_POINT('',(-1.456948754069E-06,3.2));
#7839 = CARTESIAN_POINT('',(1.385639189106,0.8));
#7840 = CARTESIAN_POINT('',(2.771279835161,-1.6));
#7841 = CARTESIAN_POINT('',(-1.456948753677E-06,-1.6));
#7842 = ( GEOMETRIC_REPRESENTATION_CONTEXT(2) 
PARAMETRIC_REPRESENTATION_CONTEXT() REPRESENTATION_CONTEXT('2D SPACE',''
  ) );
#7843 = ORIENTED_EDGE('',*,*,#7844,.F.);
#7844 = EDGE_CURVE('',#7845,#7813,#7847,.T.);
#7845 = VERTEX_POINT('',#7846);
#7846 = CARTESIAN_POINT('',(-19.08354447587,73.627754210463,
    -1.648010852962));
#7847 = SURFACE_CURVE('',#7848,(#7853,#7860),.PCURVE_S1.);
#7848 = ELLIPSE('',#7849,1.800000000009,1.8);
#7849 = AXIS2_PLACEMENT_3D('',#7850,#7851,#7852);
#7850 = CARTESIAN_POINT('',(-18.99854447587,72.070644699754,
    -2.547001938396));
#7851 = DIRECTION('',(0.,-0.49999728458,0.866026971527));
#7852 = DIRECTION('',(0.,-0.866026971527,-0.49999728458));
#7853 = PCURVE('',#6482,#7854);
#7854 = DEFINITIONAL_REPRESENTATION('',(#7855),#7859);
#7855 = ELLIPSE('',#7856,1.800000000009,1.8);
#7856 = AXIS2_PLACEMENT_2D('',#7857,#7858);
#7857 = CARTESIAN_POINT('',(-10.,1.456948843091E-06));
#7858 = DIRECTION('',(0.,-1.));
#7859 = ( GEOMETRIC_REPRESENTATION_CONTEXT(2) 
PARAMETRIC_REPRESENTATION_CONTEXT() REPRESENTATION_CONTEXT('2D SPACE',''
  ) );
#7860 = PCURVE('',#7861,#7866);
#7861 = CYLINDRICAL_SURFACE('',#7862,1.8);
#7862 = AXIS2_PLACEMENT_3D('',#7863,#7864,#7865);
#7863 = CARTESIAN_POINT('',(-18.99854447587,74.120643550109,
    -6.097704102669));
#7864 = DIRECTION('',(0.,-0.5,0.866025403784));
#7865 = DIRECTION('',(0.,0.866025403784,0.5));
#7866 = DEFINITIONAL_REPRESENTATION('',(#7867),#7875);
#7867 = B_SPLINE_CURVE_WITH_KNOTS('',6,(#7868,#7869,#7870,#7871,#7872,
    #7873,#7874),.UNSPECIFIED.,.F.,.F.,(7,7),(3.14159265359,
    9.424777960769),.PIECEWISE_BEZIER_KNOTS.);
#7868 = CARTESIAN_POINT('',(0.,4.099992056822));
#7869 = CARTESIAN_POINT('',(1.047197551197,4.099992056822));
#7870 = CARTESIAN_POINT('',(2.094395102393,4.099998997489));
#7871 = CARTESIAN_POINT('',(3.141592653589,4.100017681223));
#7872 = CARTESIAN_POINT('',(4.188790204787,4.099998997489));
#7873 = CARTESIAN_POINT('',(5.235987755983,4.099992056822));
#7874 = CARTESIAN_POINT('',(6.28318530718,4.099992056822));
#7875 = ( GEOMETRIC_REPRESENTATION_CONTEXT(2) 
PARAMETRIC_REPRESENTATION_CONTEXT() REPRESENTATION_CONTEXT('2D SPACE',''
  ) );
#7876 = ORIENTED_EDGE('',*,*,#7877,.F.);
#7877 = EDGE_CURVE('',#7878,#7845,#7880,.T.);
#7878 = VERTEX_POINT('',#7879);
#7879 = CARTESIAN_POINT('',(-17.99854447587,73.88930133997,
    -1.497007640772));
#7880 = SURFACE_CURVE('',#7881,(#7886,#7893),.PCURVE_S1.);
#7881 = ELLIPSE('',#7882,2.10000000001,2.1);
#7882 = AXIS2_PLACEMENT_3D('',#7883,#7884,#7885);
#7883 = CARTESIAN_POINT('',(-17.99854447587,72.070644699754,
    -2.547001938396));
#7884 = DIRECTION('',(0.,-0.49999728458,0.866026971527));
#7885 = DIRECTION('',(0.,-0.866026971527,-0.49999728458));
#7886 = PCURVE('',#6482,#7887);
#7887 = DEFINITIONAL_REPRESENTATION('',(#7888),#7892);
#7888 = CIRCLE('',#7889,2.10000000001);
#7889 = AXIS2_PLACEMENT_2D('',#7890,#7891);
#7890 = CARTESIAN_POINT('',(-9.,1.456948857175E-06));
#7891 = DIRECTION('',(0.,-1.));
#7892 = ( GEOMETRIC_REPRESENTATION_CONTEXT(2) 
PARAMETRIC_REPRESENTATION_CONTEXT() REPRESENTATION_CONTEXT('2D SPACE',''
  ) );
#7893 = PCURVE('',#7894,#7899);
#7894 = CYLINDRICAL_SURFACE('',#7895,2.1);
#7895 = AXIS2_PLACEMENT_3D('',#7896,#7897,#7898);
#7896 = CARTESIAN_POINT('',(-17.99854447587,74.120643550109,
    -6.097704102669));
#7897 = DIRECTION('',(0.,-0.5,0.866025403784));
#7898 = DIRECTION('',(0.,0.866025403784,0.5));
#7899 = DEFINITIONAL_REPRESENTATION('',(#7900),#7907);
#7900 = B_SPLINE_CURVE_WITH_KNOTS('',5,(#7901,#7902,#7903,#7904,#7905,
    #7906),.UNSPECIFIED.,.F.,.F.,(6,6),(3.14159265359,5.168345449907),
  .PIECEWISE_BEZIER_KNOTS.);
#7901 = CARTESIAN_POINT('',(6.28318530718,4.099991116173));
#7902 = CARTESIAN_POINT('',(6.688535866443,4.099991116173));
#7903 = CARTESIAN_POINT('',(7.093886425706,4.099992460334));
#7904 = CARTESIAN_POINT('',(7.49923698497,4.099995206137));
#7905 = CARTESIAN_POINT('',(7.904587544233,4.099998203645));
#7906 = CARTESIAN_POINT('',(8.309938103497,4.100000600022));
#7907 = ( GEOMETRIC_REPRESENTATION_CONTEXT(2) 
PARAMETRIC_REPRESENTATION_CONTEXT() REPRESENTATION_CONTEXT('2D SPACE',''
  ) );
#7908 = ORIENTED_EDGE('',*,*,#7909,.F.);
#7909 = EDGE_CURVE('',#7785,#7878,#7910,.T.);
#7910 = SURFACE_CURVE('',#7911,(#7916,#7923),.PCURVE_S1.);
#7911 = ELLIPSE('',#7912,2.10000000001,2.1);
#7912 = AXIS2_PLACEMENT_3D('',#7913,#7914,#7915);
#7913 = CARTESIAN_POINT('',(-17.99854447587,72.070644699754,
    -2.547001938396));
#7914 = DIRECTION('',(0.,-0.49999728458,0.866026971527));
#7915 = DIRECTION('',(0.,-0.866026971527,-0.49999728458));
#7916 = PCURVE('',#6482,#7917);
#7917 = DEFINITIONAL_REPRESENTATION('',(#7918),#7922);
#7918 = CIRCLE('',#7919,2.10000000001);
#7919 = AXIS2_PLACEMENT_2D('',#7920,#7921);
#7920 = CARTESIAN_POINT('',(-9.,1.456948857175E-06));
#7921 = DIRECTION('',(0.,-1.));
#7922 = ( GEOMETRIC_REPRESENTATION_CONTEXT(2) 
PARAMETRIC_REPRESENTATION_CONTEXT() REPRESENTATION_CONTEXT('2D SPACE',''
  ) );
#7923 = PCURVE('',#7894,#7924);
#7924 = DEFINITIONAL_REPRESENTATION('',(#7925),#7932);
#7925 = B_SPLINE_CURVE_WITH_KNOTS('',5,(#7926,#7927,#7928,#7929,#7930,
    #7931),.UNSPECIFIED.,.F.,.F.,(6,6),(1.114839857273,3.14159265359),
  .PIECEWISE_BEZIER_KNOTS.);
#7926 = CARTESIAN_POINT('',(4.256432510862,4.100000600022));
#7927 = CARTESIAN_POINT('',(4.661783070126,4.099998203645));
#7928 = CARTESIAN_POINT('',(5.067133629389,4.099995206137));
#7929 = CARTESIAN_POINT('',(5.472484188653,4.099992460334));
#7930 = CARTESIAN_POINT('',(5.877834747916,4.099991116173));
#7931 = CARTESIAN_POINT('',(6.28318530718,4.099991116173));
#7932 = ( GEOMETRIC_REPRESENTATION_CONTEXT(2) 
PARAMETRIC_REPRESENTATION_CONTEXT() REPRESENTATION_CONTEXT('2D SPACE',''
  ) );
#7933 = FACE_BOUND('',#7934,.T.);
#7934 = EDGE_LOOP('',(#7935,#7965,#7997,#8030,#8062));
#7935 = ORIENTED_EDGE('',*,*,#7936,.F.);
#7936 = EDGE_CURVE('',#7937,#7939,#7941,.T.);
#7937 = VERTEX_POINT('',#7938);
#7938 = CARTESIAN_POINT('',(3.423513910964,71.43557342726,
    -2.913657853515));
#7939 = VERTEX_POINT('',#7940);
#7940 = CARTESIAN_POINT('',(3.969258339141,71.435573427268,
    -2.91365785353));
#7941 = SURFACE_CURVE('',#7942,(#7946,#7953),.PCURVE_S1.);
#7942 = LINE('',#7943,#7944);
#7943 = CARTESIAN_POINT('',(-3.49854447587,71.435573427264,
    -2.913657853522));
#7944 = VECTOR('',#7945,1.);
#7945 = DIRECTION('',(1.,0.,0.));
#7946 = PCURVE('',#6482,#7947);
#7947 = DEFINITIONAL_REPRESENTATION('',(#7948),#7952);
#7948 = LINE('',#7949,#7950);
#7949 = CARTESIAN_POINT('',(5.5,-0.733314355808));
#7950 = VECTOR('',#7951,1.);
#7951 = DIRECTION('',(1.,0.));
#7952 = ( GEOMETRIC_REPRESENTATION_CONTEXT(2) 
PARAMETRIC_REPRESENTATION_CONTEXT() REPRESENTATION_CONTEXT('2D SPACE',''
  ) );
#7953 = PCURVE('',#7954,#7959);
#7954 = PLANE('',#7955);
#7955 = AXIS2_PLACEMENT_3D('',#7956,#7957,#7958);
#7956 = CARTESIAN_POINT('',(2.00145552413,72.070643550109,
    -2.546999947153));
#7957 = DIRECTION('',(0.,-0.5,0.866025403784));
#7958 = DIRECTION('',(0.,0.866025403784,0.5));
#7959 = DEFINITIONAL_REPRESENTATION('',(#7960),#7964);
#7960 = LINE('',#7961,#7962);
#7961 = CARTESIAN_POINT('',(-0.733315812753,5.5));
#7962 = VECTOR('',#7963,1.);
#7963 = DIRECTION('',(0.,-1.));
#7964 = ( GEOMETRIC_REPRESENTATION_CONTEXT(2) 
PARAMETRIC_REPRESENTATION_CONTEXT() REPRESENTATION_CONTEXT('2D SPACE',''
  ) );
#7965 = ORIENTED_EDGE('',*,*,#7966,.T.);
#7966 = EDGE_CURVE('',#7937,#7967,#7969,.T.);
#7967 = VERTEX_POINT('',#7968);
#7968 = CARTESIAN_POINT('',(1.841453204707,70.691946108895,
    -3.342988177103));
#7969 = SURFACE_CURVE('',#7970,(#7975,#7986),.PCURVE_S1.);
#7970 = CIRCLE('',#7971,1.6);
#7971 = AXIS2_PLACEMENT_3D('',#7972,#7973,#7974);
#7972 = CARTESIAN_POINT('',(2.00145552413,72.070643437997,
    -2.547002666867));
#7973 = DIRECTION('',(0.,0.49999728458,-0.866026971527));
#7974 = DIRECTION('',(1.,0.,0.));
#7975 = PCURVE('',#6482,#7976);
#7976 = DEFINITIONAL_REPRESENTATION('',(#7977),#7985);
#7977 = ( BOUNDED_CURVE() B_SPLINE_CURVE(2,(#7978,#7979,#7980,#7981,
#7982,#7983,#7984),.UNSPECIFIED.,.T.,.F.) B_SPLINE_CURVE_WITH_KNOTS((1,2
    ,2,2,2,1),(-2.094395102393,0.,2.094395102393,4.188790204786,
6.28318530718,8.377580409573),.UNSPECIFIED.) CURVE() 
GEOMETRIC_REPRESENTATION_ITEM() RATIONAL_B_SPLINE_CURVE((1.,0.5,1.,0.5,
1.,0.5,1.)) REPRESENTATION_ITEM('') );
#7978 = CARTESIAN_POINT('',(12.6,0.));
#7979 = CARTESIAN_POINT('',(12.6,-2.77128129211));
#7980 = CARTESIAN_POINT('',(10.2,-1.385640646055));
#7981 = CARTESIAN_POINT('',(7.8,-3.918869757272E-16));
#7982 = CARTESIAN_POINT('',(10.2,1.385640646055));
#7983 = CARTESIAN_POINT('',(12.6,2.77128129211));
#7984 = CARTESIAN_POINT('',(12.6,0.));
#7985 = ( GEOMETRIC_REPRESENTATION_CONTEXT(2) 
PARAMETRIC_REPRESENTATION_CONTEXT() REPRESENTATION_CONTEXT('2D SPACE',''
  ) );
#7986 = PCURVE('',#7954,#7987);
#7987 = DEFINITIONAL_REPRESENTATION('',(#7988),#7996);
#7988 = ( BOUNDED_CURVE() B_SPLINE_CURVE(2,(#7989,#7990,#7991,#7992,
#7993,#7994,#7995),.UNSPECIFIED.,.T.,.F.) B_SPLINE_CURVE_WITH_KNOTS((1,2
    ,2,2,2,1),(-2.094395102393,0.,2.094395102393,4.188790204786,
6.28318530718,8.377580409573),.UNSPECIFIED.) CURVE() 
GEOMETRIC_REPRESENTATION_ITEM() RATIONAL_B_SPLINE_CURVE((1.,0.5,1.,0.5,
1.,0.5,1.)) REPRESENTATION_ITEM('') );
#7989 = CARTESIAN_POINT('',(-1.45694885261E-06,-1.6));
#7990 = CARTESIAN_POINT('',(-2.771282749059,-1.6));
#7991 = CARTESIAN_POINT('',(-1.385642103004,0.8));
#7992 = CARTESIAN_POINT('',(-1.456948853002E-06,3.2));
#7993 = CARTESIAN_POINT('',(1.385639189106,0.8));
#7994 = CARTESIAN_POINT('',(2.771279835161,-1.6));
#7995 = CARTESIAN_POINT('',(-1.45694885261E-06,-1.6));
#7996 = ( GEOMETRIC_REPRESENTATION_CONTEXT(2) 
PARAMETRIC_REPRESENTATION_CONTEXT() REPRESENTATION_CONTEXT('2D SPACE',''
  ) );
#7997 = ORIENTED_EDGE('',*,*,#7998,.F.);
#7998 = EDGE_CURVE('',#7999,#7967,#8001,.T.);
#7999 = VERTEX_POINT('',#8000);
#8000 = CARTESIAN_POINT('',(0.91645552413,73.627754210463,
    -1.648010852962));
#8001 = SURFACE_CURVE('',#8002,(#8007,#8014),.PCURVE_S1.);
#8002 = ELLIPSE('',#8003,1.800000000009,1.8);
#8003 = AXIS2_PLACEMENT_3D('',#8004,#8005,#8006);
#8004 = CARTESIAN_POINT('',(1.00145552413,72.070644699754,
    -2.547001938396));
#8005 = DIRECTION('',(0.,-0.49999728458,0.866026971527));
#8006 = DIRECTION('',(0.,-0.866026971527,-0.49999728458));
#8007 = PCURVE('',#6482,#8008);
#8008 = DEFINITIONAL_REPRESENTATION('',(#8009),#8013);
#8009 = ELLIPSE('',#8010,1.800000000009,1.8);
#8010 = AXIS2_PLACEMENT_2D('',#8011,#8012);
#8011 = CARTESIAN_POINT('',(10.,1.456948843091E-06));
#8012 = DIRECTION('',(0.,-1.));
#8013 = ( GEOMETRIC_REPRESENTATION_CONTEXT(2) 
PARAMETRIC_REPRESENTATION_CONTEXT() REPRESENTATION_CONTEXT('2D SPACE',''
  ) );
#8014 = PCURVE('',#8015,#8020);
#8015 = CYLINDRICAL_SURFACE('',#8016,1.8);
#8016 = AXIS2_PLACEMENT_3D('',#8017,#8018,#8019);
#8017 = CARTESIAN_POINT('',(1.00145552413,74.120643550109,
    -6.097704102669));
#8018 = DIRECTION('',(0.,-0.5,0.866025403784));
#8019 = DIRECTION('',(0.,0.866025403784,0.5));
#8020 = DEFINITIONAL_REPRESENTATION('',(#8021),#8029);
#8021 = B_SPLINE_CURVE_WITH_KNOTS('',6,(#8022,#8023,#8024,#8025,#8026,
    #8027,#8028),.UNSPECIFIED.,.F.,.F.,(7,7),(3.14159265359,
    9.424777960769),.PIECEWISE_BEZIER_KNOTS.);
#8022 = CARTESIAN_POINT('',(-8.881784197001E-16,4.099992056822));
#8023 = CARTESIAN_POINT('',(1.047197551197,4.099992056822));
#8024 = CARTESIAN_POINT('',(2.094395102393,4.099998997489));
#8025 = CARTESIAN_POINT('',(3.14159265359,4.100017681223));
#8026 = CARTESIAN_POINT('',(4.188790204786,4.099998997489));
#8027 = CARTESIAN_POINT('',(5.235987755983,4.099992056822));
#8028 = CARTESIAN_POINT('',(6.28318530718,4.099992056822));
#8029 = ( GEOMETRIC_REPRESENTATION_CONTEXT(2) 
PARAMETRIC_REPRESENTATION_CONTEXT() REPRESENTATION_CONTEXT('2D SPACE',''
  ) );
#8030 = ORIENTED_EDGE('',*,*,#8031,.F.);
#8031 = EDGE_CURVE('',#8032,#7999,#8034,.T.);
#8032 = VERTEX_POINT('',#8033);
#8033 = CARTESIAN_POINT('',(2.00145552413,73.88930133997,-1.497007640772
    ));
#8034 = SURFACE_CURVE('',#8035,(#8040,#8047),.PCURVE_S1.);
#8035 = ELLIPSE('',#8036,2.10000000001,2.1);
#8036 = AXIS2_PLACEMENT_3D('',#8037,#8038,#8039);
#8037 = CARTESIAN_POINT('',(2.00145552413,72.070644699754,
    -2.547001938396));
#8038 = DIRECTION('',(0.,-0.49999728458,0.866026971527));
#8039 = DIRECTION('',(0.,-0.866026971527,-0.49999728458));
#8040 = PCURVE('',#6482,#8041);
#8041 = DEFINITIONAL_REPRESENTATION('',(#8042),#8046);
#8042 = CIRCLE('',#8043,2.10000000001);
#8043 = AXIS2_PLACEMENT_2D('',#8044,#8045);
#8044 = CARTESIAN_POINT('',(11.,1.456948857175E-06));
#8045 = DIRECTION('',(0.,-1.));
#8046 = ( GEOMETRIC_REPRESENTATION_CONTEXT(2) 
PARAMETRIC_REPRESENTATION_CONTEXT() REPRESENTATION_CONTEXT('2D SPACE',''
  ) );
#8047 = PCURVE('',#8048,#8053);
#8048 = CYLINDRICAL_SURFACE('',#8049,2.1);
#8049 = AXIS2_PLACEMENT_3D('',#8050,#8051,#8052);
#8050 = CARTESIAN_POINT('',(2.00145552413,74.120643550109,
    -6.097704102669));
#8051 = DIRECTION('',(0.,-0.5,0.866025403784));
#8052 = DIRECTION('',(0.,0.866025403784,0.5));
#8053 = DEFINITIONAL_REPRESENTATION('',(#8054),#8061);
#8054 = B_SPLINE_CURVE_WITH_KNOTS('',5,(#8055,#8056,#8057,#8058,#8059,
    #8060),.UNSPECIFIED.,.F.,.F.,(6,6),(3.14159265359,5.168345449907),
  .PIECEWISE_BEZIER_KNOTS.);
#8055 = CARTESIAN_POINT('',(6.28318530718,4.099991116173));
#8056 = CARTESIAN_POINT('',(6.688535866443,4.099991116173));
#8057 = CARTESIAN_POINT('',(7.093886425706,4.099992460334));
#8058 = CARTESIAN_POINT('',(7.49923698497,4.099995206137));
#8059 = CARTESIAN_POINT('',(7.904587544233,4.099998203645));
#8060 = CARTESIAN_POINT('',(8.309938103497,4.100000600022));
#8061 = ( GEOMETRIC_REPRESENTATION_CONTEXT(2) 
PARAMETRIC_REPRESENTATION_CONTEXT() REPRESENTATION_CONTEXT('2D SPACE',''
  ) );
#8062 = ORIENTED_EDGE('',*,*,#8063,.F.);
#8063 = EDGE_CURVE('',#7939,#8032,#8064,.T.);
#8064 = SURFACE_CURVE('',#8065,(#8070,#8077),.PCURVE_S1.);
#8065 = ELLIPSE('',#8066,2.10000000001,2.1);
#8066 = AXIS2_PLACEMENT_3D('',#8067,#8068,#8069);
#8067 = CARTESIAN_POINT('',(2.00145552413,72.070644699754,
    -2.547001938396));
#8068 = DIRECTION('',(0.,-0.49999728458,0.866026971527));
#8069 = DIRECTION('',(0.,-0.866026971527,-0.49999728458));
#8070 = PCURVE('',#6482,#8071);
#8071 = DEFINITIONAL_REPRESENTATION('',(#8072),#8076);
#8072 = CIRCLE('',#8073,2.10000000001);
#8073 = AXIS2_PLACEMENT_2D('',#8074,#8075);
#8074 = CARTESIAN_POINT('',(11.,1.456948857175E-06));
#8075 = DIRECTION('',(0.,-1.));
#8076 = ( GEOMETRIC_REPRESENTATION_CONTEXT(2) 
PARAMETRIC_REPRESENTATION_CONTEXT() REPRESENTATION_CONTEXT('2D SPACE',''
  ) );
#8077 = PCURVE('',#8048,#8078);
#8078 = DEFINITIONAL_REPRESENTATION('',(#8079),#8086);
#8079 = B_SPLINE_CURVE_WITH_KNOTS('',5,(#8080,#8081,#8082,#8083,#8084,
    #8085),.UNSPECIFIED.,.F.,.F.,(6,6),(1.114839857273,3.14159265359),
  .PIECEWISE_BEZIER_KNOTS.);
#8080 = CARTESIAN_POINT('',(4.256432510862,4.100000600022));
#8081 = CARTESIAN_POINT('',(4.661783070126,4.099998203645));
#8082 = CARTESIAN_POINT('',(5.067133629389,4.099995206137));
#8083 = CARTESIAN_POINT('',(5.472484188653,4.099992460334));
#8084 = CARTESIAN_POINT('',(5.877834747916,4.099991116173));
#8085 = CARTESIAN_POINT('',(6.28318530718,4.099991116173));
#8086 = ( GEOMETRIC_REPRESENTATION_CONTEXT(2) 
PARAMETRIC_REPRESENTATION_CONTEXT() REPRESENTATION_CONTEXT('2D SPACE',''
  ) );
#8087 = ADVANCED_FACE('',(#8088),#6559,.F.);
#8088 = FACE_BOUND('',#8089,.T.);
#8089 = EDGE_LOOP('',(#8090,#8091,#8112,#8113,#8114,#8115,#8116));
#8090 = ORIENTED_EDGE('',*,*,#7121,.F.);
#8091 = ORIENTED_EDGE('',*,*,#8092,.T.);
#8092 = EDGE_CURVE('',#7048,#6646,#8093,.T.);
#8093 = SURFACE_CURVE('',#8094,(#8098,#8105),.PCURVE_S1.);
#8094 = LINE('',#8095,#8096);
#8095 = CARTESIAN_POINT('',(12.209554767677,82.025191197465,
    18.211296370012));
#8096 = VECTOR('',#8097,1.);
#8097 = DIRECTION('',(0.,0.866026971527,0.49999728458));
#8098 = PCURVE('',#6559,#8099);
#8099 = DEFINITIONAL_REPRESENTATION('',(#8100),#8104);
#8100 = LINE('',#8101,#8102);
#8101 = CARTESIAN_POINT('',(38.,1.791900756452));
#8102 = VECTOR('',#8103,1.);
#8103 = DIRECTION('',(1.,-1.135285019849E-32));
#8104 = ( GEOMETRIC_REPRESENTATION_CONTEXT(2) 
PARAMETRIC_REPRESENTATION_CONTEXT() REPRESENTATION_CONTEXT('2D SPACE',''
  ) );
#8105 = PCURVE('',#6685,#8106);
#8106 = DEFINITIONAL_REPRESENTATION('',(#8107),#8111);
#8107 = LINE('',#8108,#8109);
#8108 = CARTESIAN_POINT('',(13.,-3.819167204711E-14));
#8109 = VECTOR('',#8110,1.);
#8110 = DIRECTION('',(0.,1.));
#8111 = ( GEOMETRIC_REPRESENTATION_CONTEXT(2) 
PARAMETRIC_REPRESENTATION_CONTEXT() REPRESENTATION_CONTEXT('2D SPACE',''
  ) );
#8112 = ORIENTED_EDGE('',*,*,#6645,.F.);
#8113 = ORIENTED_EDGE('',*,*,#6596,.F.);
#8114 = ORIENTED_EDGE('',*,*,#6545,.T.);
#8115 = ORIENTED_EDGE('',*,*,#7251,.F.);
#8116 = ORIENTED_EDGE('',*,*,#7150,.F.);
#8117 = ADVANCED_FACE('',(#8118),#6685,.F.);
#8118 = FACE_BOUND('',#8119,.T.);
#8119 = EDGE_LOOP('',(#8120,#8121,#8122,#8123));
#8120 = ORIENTED_EDGE('',*,*,#6669,.F.);
#8121 = ORIENTED_EDGE('',*,*,#8092,.F.);
#8122 = ORIENTED_EDGE('',*,*,#7045,.F.);
#8123 = ORIENTED_EDGE('',*,*,#7759,.T.);
#8124 = ADVANCED_FACE('',(#8125),#6828,.F.);
#8125 = FACE_BOUND('',#8126,.T.);
#8126 = EDGE_LOOP('',(#8127,#8128,#8129,#8130));
#8127 = ORIENTED_EDGE('',*,*,#7734,.T.);
#8128 = ORIENTED_EDGE('',*,*,#6812,.T.);
#8129 = ORIENTED_EDGE('',*,*,#7283,.F.);
#8130 = ORIENTED_EDGE('',*,*,#7201,.T.);
#8131 = ADVANCED_FACE('',(#8132,#8135),#7392,.F.);
#8132 = FACE_BOUND('',#8133,.F.);
#8133 = EDGE_LOOP('',(#8134));
#8134 = ORIENTED_EDGE('',*,*,#7377,.T.);
#8135 = FACE_BOUND('',#8136,.F.);
#8136 = EDGE_LOOP('',(#8137));
#8137 = ORIENTED_EDGE('',*,*,#8138,.F.);
#8138 = EDGE_CURVE('',#8139,#8139,#8141,.T.);
#8139 = VERTEX_POINT('',#8140);
#8140 = CARTESIAN_POINT('',(-18.99854447587,75.579489276921,
    -5.024499021912));
#8141 = SURFACE_CURVE('',#8142,(#8147,#8154),.PCURVE_S1.);
#8142 = CIRCLE('',#8143,1.8);
#8143 = AXIS2_PLACEMENT_3D('',#8144,#8145,#8146);
#8144 = CARTESIAN_POINT('',(-18.99854447587,74.020643550109,
    -5.924499021912));
#8145 = DIRECTION('',(0.,-0.5,0.866025403784));
#8146 = DIRECTION('',(0.,0.866025403784,0.5));
#8147 = PCURVE('',#7392,#8148);
#8148 = DEFINITIONAL_REPRESENTATION('',(#8149),#8153);
#8149 = CIRCLE('',#8150,1.8);
#8150 = AXIS2_PLACEMENT_2D('',#8151,#8152);
#8151 = CARTESIAN_POINT('',(-1.7763568394E-15,0.));
#8152 = DIRECTION('',(1.,0.));
#8153 = ( GEOMETRIC_REPRESENTATION_CONTEXT(2) 
PARAMETRIC_REPRESENTATION_CONTEXT() REPRESENTATION_CONTEXT('2D SPACE',''
  ) );
#8154 = PCURVE('',#7861,#8155);
#8155 = DEFINITIONAL_REPRESENTATION('',(#8156),#8160);
#8156 = LINE('',#8157,#8158);
#8157 = CARTESIAN_POINT('',(0.,0.2));
#8158 = VECTOR('',#8159,1.);
#8159 = DIRECTION('',(1.,0.));
#8160 = ( GEOMETRIC_REPRESENTATION_CONTEXT(2) 
PARAMETRIC_REPRESENTATION_CONTEXT() REPRESENTATION_CONTEXT('2D SPACE',''
  ) );
#8161 = ADVANCED_FACE('',(#8162,#8165),#7708,.F.);
#8162 = FACE_BOUND('',#8163,.F.);
#8163 = EDGE_LOOP('',(#8164));
#8164 = ORIENTED_EDGE('',*,*,#7693,.T.);
#8165 = FACE_BOUND('',#8166,.F.);
#8166 = EDGE_LOOP('',(#8167));
#8167 = ORIENTED_EDGE('',*,*,#8168,.F.);
#8168 = EDGE_CURVE('',#8169,#8169,#8171,.T.);
#8169 = VERTEX_POINT('',#8170);
#8170 = CARTESIAN_POINT('',(1.00145552413,75.579489276921,
    -5.024499021912));
#8171 = SURFACE_CURVE('',#8172,(#8177,#8184),.PCURVE_S1.);
#8172 = CIRCLE('',#8173,1.8);
#8173 = AXIS2_PLACEMENT_3D('',#8174,#8175,#8176);
#8174 = CARTESIAN_POINT('',(1.00145552413,74.020643550109,
    -5.924499021912));
#8175 = DIRECTION('',(0.,-0.5,0.866025403784));
#8176 = DIRECTION('',(0.,0.866025403784,0.5));
#8177 = PCURVE('',#7708,#8178);
#8178 = DEFINITIONAL_REPRESENTATION('',(#8179),#8183);
#8179 = CIRCLE('',#8180,1.8);
#8180 = AXIS2_PLACEMENT_2D('',#8181,#8182);
#8181 = CARTESIAN_POINT('',(-1.7763568394E-15,0.));
#8182 = DIRECTION('',(1.,0.));
#8183 = ( GEOMETRIC_REPRESENTATION_CONTEXT(2) 
PARAMETRIC_REPRESENTATION_CONTEXT() REPRESENTATION_CONTEXT('2D SPACE',''
  ) );
#8184 = PCURVE('',#8015,#8185);
#8185 = DEFINITIONAL_REPRESENTATION('',(#8186),#8190);
#8186 = LINE('',#8187,#8188);
#8187 = CARTESIAN_POINT('',(0.,0.2));
#8188 = VECTOR('',#8189,1.);
#8189 = DIRECTION('',(1.,0.));
#8190 = ( GEOMETRIC_REPRESENTATION_CONTEXT(2) 
PARAMETRIC_REPRESENTATION_CONTEXT() REPRESENTATION_CONTEXT('2D SPACE',''
  ) );
#8191 = ADVANCED_FACE('',(#8192),#7800,.T.);
#8192 = FACE_BOUND('',#8193,.T.);
#8193 = EDGE_LOOP('',(#8194,#8195,#8219,#8243,#8265));
#8194 = ORIENTED_EDGE('',*,*,#7782,.T.);
#8195 = ORIENTED_EDGE('',*,*,#8196,.T.);
#8196 = EDGE_CURVE('',#7785,#8197,#8199,.T.);
#8197 = VERTEX_POINT('',#8198);
#8198 = CARTESIAN_POINT('',(-19.08354447587,73.627750242022,
    -1.64800397942));
#8199 = SURFACE_CURVE('',#8200,(#8205,#8212),.PCURVE_S1.);
#8200 = CIRCLE('',#8201,2.1);
#8201 = AXIS2_PLACEMENT_3D('',#8202,#8203,#8204);
#8202 = CARTESIAN_POINT('',(-17.99854447587,72.070643550109,
    -2.546999947153));
#8203 = DIRECTION('',(-2.498001805407E-16,-0.5,0.866025403784));
#8204 = DIRECTION('',(0.937048959529,-0.30241434421,-0.174599003036));
#8205 = PCURVE('',#7800,#8206);
#8206 = DEFINITIONAL_REPRESENTATION('',(#8207),#8211);
#8207 = CIRCLE('',#8208,2.1);
#8208 = AXIS2_PLACEMENT_2D('',#8209,#8210);
#8209 = CARTESIAN_POINT('',(0.,0.));
#8210 = DIRECTION('',(-0.349198006073,-0.937048959529));
#8211 = ( GEOMETRIC_REPRESENTATION_CONTEXT(2) 
PARAMETRIC_REPRESENTATION_CONTEXT() REPRESENTATION_CONTEXT('2D SPACE',''
  ) );
#8212 = PCURVE('',#7894,#8213);
#8213 = DEFINITIONAL_REPRESENTATION('',(#8214),#8218);
#8214 = LINE('',#8215,#8216);
#8215 = CARTESIAN_POINT('',(4.355673885333,4.1));
#8216 = VECTOR('',#8217,1.);
#8217 = DIRECTION('',(1.,0.));
#8218 = ( GEOMETRIC_REPRESENTATION_CONTEXT(2) 
PARAMETRIC_REPRESENTATION_CONTEXT() REPRESENTATION_CONTEXT('2D SPACE',''
  ) );
#8219 = ORIENTED_EDGE('',*,*,#8220,.F.);
#8220 = EDGE_CURVE('',#8221,#8197,#8223,.T.);
#8221 = VERTEX_POINT('',#8222);
#8222 = CARTESIAN_POINT('',(-18.99854447587,73.629489276921,
    -1.646999947153));
#8223 = SURFACE_CURVE('',#8224,(#8229,#8236),.PCURVE_S1.);
#8224 = CIRCLE('',#8225,1.8);
#8225 = AXIS2_PLACEMENT_3D('',#8226,#8227,#8228);
#8226 = CARTESIAN_POINT('',(-18.99854447587,72.070643550109,
    -2.546999947153));
#8227 = DIRECTION('',(0.,-0.5,0.866025403784));
#8228 = DIRECTION('',(0.,0.866025403784,0.5));
#8229 = PCURVE('',#7800,#8230);
#8230 = DEFINITIONAL_REPRESENTATION('',(#8231),#8235);
#8231 = CIRCLE('',#8232,1.8);
#8232 = AXIS2_PLACEMENT_2D('',#8233,#8234);
#8233 = CARTESIAN_POINT('',(-1.110223024625E-15,1.));
#8234 = DIRECTION('',(1.,0.));
#8235 = ( GEOMETRIC_REPRESENTATION_CONTEXT(2) 
PARAMETRIC_REPRESENTATION_CONTEXT() REPRESENTATION_CONTEXT('2D SPACE',''
  ) );
#8236 = PCURVE('',#7861,#8237);
#8237 = DEFINITIONAL_REPRESENTATION('',(#8238),#8242);
#8238 = LINE('',#8239,#8240);
#8239 = CARTESIAN_POINT('',(0.,4.1));
#8240 = VECTOR('',#8241,1.);
#8241 = DIRECTION('',(1.,0.));
#8242 = ( GEOMETRIC_REPRESENTATION_CONTEXT(2) 
PARAMETRIC_REPRESENTATION_CONTEXT() REPRESENTATION_CONTEXT('2D SPACE',''
  ) );
#8243 = ORIENTED_EDGE('',*,*,#8244,.F.);
#8244 = EDGE_CURVE('',#7813,#8221,#8245,.T.);
#8245 = SURFACE_CURVE('',#8246,(#8251,#8258),.PCURVE_S1.);
#8246 = CIRCLE('',#8247,1.8);
#8247 = AXIS2_PLACEMENT_3D('',#8248,#8249,#8250);
#8248 = CARTESIAN_POINT('',(-18.99854447587,72.070643550109,
    -2.546999947153));
#8249 = DIRECTION('',(0.,-0.5,0.866025403784));
#8250 = DIRECTION('',(0.,0.866025403784,0.5));
#8251 = PCURVE('',#7800,#8252);
#8252 = DEFINITIONAL_REPRESENTATION('',(#8253),#8257);
#8253 = CIRCLE('',#8254,1.8);
#8254 = AXIS2_PLACEMENT_2D('',#8255,#8256);
#8255 = CARTESIAN_POINT('',(-1.110223024625E-15,1.));
#8256 = DIRECTION('',(1.,0.));
#8257 = ( GEOMETRIC_REPRESENTATION_CONTEXT(2) 
PARAMETRIC_REPRESENTATION_CONTEXT() REPRESENTATION_CONTEXT('2D SPACE',''
  ) );
#8258 = PCURVE('',#7861,#8259);
#8259 = DEFINITIONAL_REPRESENTATION('',(#8260),#8264);
#8260 = LINE('',#8261,#8262);
#8261 = CARTESIAN_POINT('',(0.,4.1));
#8262 = VECTOR('',#8263,1.);
#8263 = DIRECTION('',(1.,0.));
#8264 = ( GEOMETRIC_REPRESENTATION_CONTEXT(2) 
PARAMETRIC_REPRESENTATION_CONTEXT() REPRESENTATION_CONTEXT('2D SPACE',''
  ) );
#8265 = ORIENTED_EDGE('',*,*,#7812,.F.);
#8266 = ADVANCED_FACE('',(#8267),#7894,.T.);
#8267 = FACE_BOUND('',#8268,.T.);
#8268 = EDGE_LOOP('',(#8269,#8270,#8271,#8272));
#8269 = ORIENTED_EDGE('',*,*,#8196,.F.);
#8270 = ORIENTED_EDGE('',*,*,#7909,.T.);
#8271 = ORIENTED_EDGE('',*,*,#7877,.T.);
#8272 = ORIENTED_EDGE('',*,*,#8273,.T.);
#8273 = EDGE_CURVE('',#7845,#8197,#8274,.T.);
#8274 = SURFACE_CURVE('',#8275,(#8279,#8285),.PCURVE_S1.);
#8275 = LINE('',#8276,#8277);
#8276 = CARTESIAN_POINT('',(-19.08354447587,75.677750242022,
    -5.198708134936));
#8277 = VECTOR('',#8278,1.);
#8278 = DIRECTION('',(0.,-0.5,0.866025403784));
#8279 = PCURVE('',#7894,#8280);
#8280 = DEFINITIONAL_REPRESENTATION('',(#8281),#8284);
#8281 = B_SPLINE_CURVE_WITH_KNOTS('',1,(#8282,#8283),.UNSPECIFIED.,.F.,
  .F.,(2,2),(4.099990516173,4.1000006),.PIECEWISE_BEZIER_KNOTS.);
#8282 = CARTESIAN_POINT('',(6.826138431736,4.099990516173));
#8283 = CARTESIAN_POINT('',(6.826138431736,4.1000006));
#8284 = ( GEOMETRIC_REPRESENTATION_CONTEXT(2) 
PARAMETRIC_REPRESENTATION_CONTEXT() REPRESENTATION_CONTEXT('2D SPACE',''
  ) );
#8285 = PCURVE('',#7861,#8286);
#8286 = DEFINITIONAL_REPRESENTATION('',(#8287),#8290);
#8287 = B_SPLINE_CURVE_WITH_KNOTS('',1,(#8288,#8289),.UNSPECIFIED.,.F.,
  .F.,(2,2),(4.099990516173,4.1000006),.PIECEWISE_BEZIER_KNOTS.);
#8288 = CARTESIAN_POINT('',(4.723979029713E-02,4.099990516173));
#8289 = CARTESIAN_POINT('',(4.723979029713E-02,4.1000006));
#8290 = ( GEOMETRIC_REPRESENTATION_CONTEXT(2) 
PARAMETRIC_REPRESENTATION_CONTEXT() REPRESENTATION_CONTEXT('2D SPACE',''
  ) );
#8291 = ADVANCED_FACE('',(#8292),#7861,.F.);
#8292 = FACE_BOUND('',#8293,.F.);
#8293 = EDGE_LOOP('',(#8294,#8295,#8316,#8317,#8318,#8319,#8320));
#8294 = ORIENTED_EDGE('',*,*,#8220,.F.);
#8295 = ORIENTED_EDGE('',*,*,#8296,.F.);
#8296 = EDGE_CURVE('',#8139,#8221,#8297,.T.);
#8297 = SEAM_CURVE('',#8298,(#8302,#8309),.PCURVE_S1.);
#8298 = LINE('',#8299,#8300);
#8299 = CARTESIAN_POINT('',(-18.99854447587,75.679489276921,
    -5.197704102669));
#8300 = VECTOR('',#8301,1.);
#8301 = DIRECTION('',(0.,-0.5,0.866025403784));
#8302 = PCURVE('',#7861,#8303);
#8303 = DEFINITIONAL_REPRESENTATION('',(#8304),#8308);
#8304 = LINE('',#8305,#8306);
#8305 = CARTESIAN_POINT('',(6.28318530718,-0.));
#8306 = VECTOR('',#8307,1.);
#8307 = DIRECTION('',(0.,1.));
#8308 = ( GEOMETRIC_REPRESENTATION_CONTEXT(2) 
PARAMETRIC_REPRESENTATION_CONTEXT() REPRESENTATION_CONTEXT('2D SPACE',''
  ) );
#8309 = PCURVE('',#7861,#8310);
#8310 = DEFINITIONAL_REPRESENTATION('',(#8311),#8315);
#8311 = LINE('',#8312,#8313);
#8312 = CARTESIAN_POINT('',(0.,-0.));
#8313 = VECTOR('',#8314,1.);
#8314 = DIRECTION('',(0.,1.));
#8315 = ( GEOMETRIC_REPRESENTATION_CONTEXT(2) 
PARAMETRIC_REPRESENTATION_CONTEXT() REPRESENTATION_CONTEXT('2D SPACE',''
  ) );
#8316 = ORIENTED_EDGE('',*,*,#8138,.T.);
#8317 = ORIENTED_EDGE('',*,*,#8296,.T.);
#8318 = ORIENTED_EDGE('',*,*,#8244,.F.);
#8319 = ORIENTED_EDGE('',*,*,#7844,.F.);
#8320 = ORIENTED_EDGE('',*,*,#8273,.T.);
#8321 = ADVANCED_FACE('',(#8322),#7954,.T.);
#8322 = FACE_BOUND('',#8323,.T.);
#8323 = EDGE_LOOP('',(#8324,#8325,#8349,#8373,#8395));
#8324 = ORIENTED_EDGE('',*,*,#7936,.T.);
#8325 = ORIENTED_EDGE('',*,*,#8326,.T.);
#8326 = EDGE_CURVE('',#7939,#8327,#8329,.T.);
#8327 = VERTEX_POINT('',#8328);
#8328 = CARTESIAN_POINT('',(0.91645552413,73.627750242022,-1.64800397942
    ));
#8329 = SURFACE_CURVE('',#8330,(#8335,#8342),.PCURVE_S1.);
#8330 = CIRCLE('',#8331,2.1);
#8331 = AXIS2_PLACEMENT_3D('',#8332,#8333,#8334);
#8332 = CARTESIAN_POINT('',(2.00145552413,72.070643550109,
    -2.546999947153));
#8333 = DIRECTION('',(-2.498001805407E-16,-0.5,0.866025403784));
#8334 = DIRECTION('',(0.937048959529,-0.30241434421,-0.174599003036));
#8335 = PCURVE('',#7954,#8336);
#8336 = DEFINITIONAL_REPRESENTATION('',(#8337),#8341);
#8337 = CIRCLE('',#8338,2.1);
#8338 = AXIS2_PLACEMENT_2D('',#8339,#8340);
#8339 = CARTESIAN_POINT('',(0.,0.));
#8340 = DIRECTION('',(-0.349198006073,-0.937048959529));
#8341 = ( GEOMETRIC_REPRESENTATION_CONTEXT(2) 
PARAMETRIC_REPRESENTATION_CONTEXT() REPRESENTATION_CONTEXT('2D SPACE',''
  ) );
#8342 = PCURVE('',#8048,#8343);
#8343 = DEFINITIONAL_REPRESENTATION('',(#8344),#8348);
#8344 = LINE('',#8345,#8346);
#8345 = CARTESIAN_POINT('',(4.355673885333,4.1));
#8346 = VECTOR('',#8347,1.);
#8347 = DIRECTION('',(1.,0.));
#8348 = ( GEOMETRIC_REPRESENTATION_CONTEXT(2) 
PARAMETRIC_REPRESENTATION_CONTEXT() REPRESENTATION_CONTEXT('2D SPACE',''
  ) );
#8349 = ORIENTED_EDGE('',*,*,#8350,.F.);
#8350 = EDGE_CURVE('',#8351,#8327,#8353,.T.);
#8351 = VERTEX_POINT('',#8352);
#8352 = CARTESIAN_POINT('',(1.00145552413,73.629489276921,
    -1.646999947153));
#8353 = SURFACE_CURVE('',#8354,(#8359,#8366),.PCURVE_S1.);
#8354 = CIRCLE('',#8355,1.8);
#8355 = AXIS2_PLACEMENT_3D('',#8356,#8357,#8358);
#8356 = CARTESIAN_POINT('',(1.00145552413,72.070643550109,
    -2.546999947153));
#8357 = DIRECTION('',(0.,-0.5,0.866025403784));
#8358 = DIRECTION('',(0.,0.866025403784,0.5));
#8359 = PCURVE('',#7954,#8360);
#8360 = DEFINITIONAL_REPRESENTATION('',(#8361),#8365);
#8361 = CIRCLE('',#8362,1.8);
#8362 = AXIS2_PLACEMENT_2D('',#8363,#8364);
#8363 = CARTESIAN_POINT('',(-1.110223024625E-15,1.));
#8364 = DIRECTION('',(1.,0.));
#8365 = ( GEOMETRIC_REPRESENTATION_CONTEXT(2) 
PARAMETRIC_REPRESENTATION_CONTEXT() REPRESENTATION_CONTEXT('2D SPACE',''
  ) );
#8366 = PCURVE('',#8015,#8367);
#8367 = DEFINITIONAL_REPRESENTATION('',(#8368),#8372);
#8368 = LINE('',#8369,#8370);
#8369 = CARTESIAN_POINT('',(0.,4.1));
#8370 = VECTOR('',#8371,1.);
#8371 = DIRECTION('',(1.,0.));
#8372 = ( GEOMETRIC_REPRESENTATION_CONTEXT(2) 
PARAMETRIC_REPRESENTATION_CONTEXT() REPRESENTATION_CONTEXT('2D SPACE',''
  ) );
#8373 = ORIENTED_EDGE('',*,*,#8374,.F.);
#8374 = EDGE_CURVE('',#7967,#8351,#8375,.T.);
#8375 = SURFACE_CURVE('',#8376,(#8381,#8388),.PCURVE_S1.);
#8376 = CIRCLE('',#8377,1.8);
#8377 = AXIS2_PLACEMENT_3D('',#8378,#8379,#8380);
#8378 = CARTESIAN_POINT('',(1.00145552413,72.070643550109,
    -2.546999947153));
#8379 = DIRECTION('',(0.,-0.5,0.866025403784));
#8380 = DIRECTION('',(0.,0.866025403784,0.5));
#8381 = PCURVE('',#7954,#8382);
#8382 = DEFINITIONAL_REPRESENTATION('',(#8383),#8387);
#8383 = CIRCLE('',#8384,1.8);
#8384 = AXIS2_PLACEMENT_2D('',#8385,#8386);
#8385 = CARTESIAN_POINT('',(-1.110223024625E-15,1.));
#8386 = DIRECTION('',(1.,0.));
#8387 = ( GEOMETRIC_REPRESENTATION_CONTEXT(2) 
PARAMETRIC_REPRESENTATION_CONTEXT() REPRESENTATION_CONTEXT('2D SPACE',''
  ) );
#8388 = PCURVE('',#8015,#8389);
#8389 = DEFINITIONAL_REPRESENTATION('',(#8390),#8394);
#8390 = LINE('',#8391,#8392);
#8391 = CARTESIAN_POINT('',(0.,4.1));
#8392 = VECTOR('',#8393,1.);
#8393 = DIRECTION('',(1.,0.));
#8394 = ( GEOMETRIC_REPRESENTATION_CONTEXT(2) 
PARAMETRIC_REPRESENTATION_CONTEXT() REPRESENTATION_CONTEXT('2D SPACE',''
  ) );
#8395 = ORIENTED_EDGE('',*,*,#7966,.F.);
#8396 = ADVANCED_FACE('',(#8397),#8048,.T.);
#8397 = FACE_BOUND('',#8398,.T.);
#8398 = EDGE_LOOP('',(#8399,#8400,#8401,#8402));
#8399 = ORIENTED_EDGE('',*,*,#8326,.F.);
#8400 = ORIENTED_EDGE('',*,*,#8063,.T.);
#8401 = ORIENTED_EDGE('',*,*,#8031,.T.);
#8402 = ORIENTED_EDGE('',*,*,#8403,.T.);
#8403 = EDGE_CURVE('',#7999,#8327,#8404,.T.);
#8404 = SURFACE_CURVE('',#8405,(#8409,#8415),.PCURVE_S1.);
#8405 = LINE('',#8406,#8407);
#8406 = CARTESIAN_POINT('',(0.91645552413,75.677750242022,
    -5.198708134936));
#8407 = VECTOR('',#8408,1.);
#8408 = DIRECTION('',(0.,-0.5,0.866025403784));
#8409 = PCURVE('',#8048,#8410);
#8410 = DEFINITIONAL_REPRESENTATION('',(#8411),#8414);
#8411 = B_SPLINE_CURVE_WITH_KNOTS('',1,(#8412,#8413),.UNSPECIFIED.,.F.,
  .F.,(2,2),(4.099990516173,4.1000006),.PIECEWISE_BEZIER_KNOTS.);
#8412 = CARTESIAN_POINT('',(6.826138431736,4.099990516173));
#8413 = CARTESIAN_POINT('',(6.826138431736,4.1000006));
#8414 = ( GEOMETRIC_REPRESENTATION_CONTEXT(2) 
PARAMETRIC_REPRESENTATION_CONTEXT() REPRESENTATION_CONTEXT('2D SPACE',''
  ) );
#8415 = PCURVE('',#8015,#8416);
#8416 = DEFINITIONAL_REPRESENTATION('',(#8417),#8420);
#8417 = B_SPLINE_CURVE_WITH_KNOTS('',1,(#8418,#8419),.UNSPECIFIED.,.F.,
  .F.,(2,2),(4.099990516173,4.1000006),.PIECEWISE_BEZIER_KNOTS.);
#8418 = CARTESIAN_POINT('',(4.723979029713E-02,4.099990516173));
#8419 = CARTESIAN_POINT('',(4.723979029713E-02,4.1000006));
#8420 = ( GEOMETRIC_REPRESENTATION_CONTEXT(2) 
PARAMETRIC_REPRESENTATION_CONTEXT() REPRESENTATION_CONTEXT('2D SPACE',''
  ) );
#8421 = ADVANCED_FACE('',(#8422),#8015,.F.);
#8422 = FACE_BOUND('',#8423,.F.);
#8423 = EDGE_LOOP('',(#8424,#8425,#8446,#8447,#8448,#8449,#8450));
#8424 = ORIENTED_EDGE('',*,*,#8350,.F.);
#8425 = ORIENTED_EDGE('',*,*,#8426,.F.);
#8426 = EDGE_CURVE('',#8169,#8351,#8427,.T.);
#8427 = SEAM_CURVE('',#8428,(#8432,#8439),.PCURVE_S1.);
#8428 = LINE('',#8429,#8430);
#8429 = CARTESIAN_POINT('',(1.00145552413,75.679489276921,
    -5.197704102669));
#8430 = VECTOR('',#8431,1.);
#8431 = DIRECTION('',(0.,-0.5,0.866025403784));
#8432 = PCURVE('',#8015,#8433);
#8433 = DEFINITIONAL_REPRESENTATION('',(#8434),#8438);
#8434 = LINE('',#8435,#8436);
#8435 = CARTESIAN_POINT('',(6.28318530718,-0.));
#8436 = VECTOR('',#8437,1.);
#8437 = DIRECTION('',(0.,1.));
#8438 = ( GEOMETRIC_REPRESENTATION_CONTEXT(2) 
PARAMETRIC_REPRESENTATION_CONTEXT() REPRESENTATION_CONTEXT('2D SPACE',''
  ) );
#8439 = PCURVE('',#8015,#8440);
#8440 = DEFINITIONAL_REPRESENTATION('',(#8441),#8445);
#8441 = LINE('',#8442,#8443);
#8442 = CARTESIAN_POINT('',(0.,-0.));
#8443 = VECTOR('',#8444,1.);
#8444 = DIRECTION('',(0.,1.));
#8445 = ( GEOMETRIC_REPRESENTATION_CONTEXT(2) 
PARAMETRIC_REPRESENTATION_CONTEXT() REPRESENTATION_CONTEXT('2D SPACE',''
  ) );
#8446 = ORIENTED_EDGE('',*,*,#8168,.T.);
#8447 = ORIENTED_EDGE('',*,*,#8426,.T.);
#8448 = ORIENTED_EDGE('',*,*,#8374,.F.);
#8449 = ORIENTED_EDGE('',*,*,#7998,.F.);
#8450 = ORIENTED_EDGE('',*,*,#8403,.T.);
#8451 = ( GEOMETRIC_REPRESENTATION_CONTEXT(3) 
GLOBAL_UNCERTAINTY_ASSIGNED_CONTEXT((#8455)) 
GLOBAL_UNIT_ASSIGNED_CONTEXT((#8452,#8453,#8454)) REPRESENTATION_CONTEXT
('Context #1','3D Context with UNIT and UNCERTAINTY') );
#8452 = ( LENGTH_UNIT() NAMED_UNIT(*) SI_UNIT(.MILLI.,.METRE.) );
#8453 = ( NAMED_UNIT(*) PLANE_ANGLE_UNIT() SI_UNIT($,.RADIAN.) );
#8454 = ( NAMED_UNIT(*) SI_UNIT($,.STERADIAN.) SOLID_ANGLE_UNIT() );
#8455 = UNCERTAINTY_MEASURE_WITH_UNIT(LENGTH_MEASURE(2.E-05),#8452,
  'distance_accuracy_value','confusion accuracy');
#8456 = PRODUCT_RELATED_PRODUCT_CATEGORY('part',$,(#7));
ENDSEC;
END-ISO-10303-21;
